S.No.,PMS Name,PMS AIF World URL,Status
1,2POINT2 Long Term Value,https://www.pmsaifworld.com/portfolio/2point2-long-term-value/,VERIFIED
2,360 ONE ASSET Multicap Advantage PMS,https://www.pmsaifworld.com/portfolio/360-one-asset-multicap-advantage-pms/,VERIFIED
3,360 ONE ASSET Phoenix PMS,https://www.pmsaifworld.com/portfolio/360-one-asset-phoenix-pms-portfolio/,VERIFIED
4,360 ONE Equity Multicap PMS,https://www.pmsaifworld.com/portfolio/360-one-equity-multicap/,VERIFIED
5,Abakkus All Cap Approach PMS,https://www.pmsaifworld.com/portfolio/abakkus-all-cap-growth-portfolio/,CORRECTED
6,Abakkus Diversified Alpha Approach PMS,https://www.pmsaifworld.com/portfolio/abakkus-diversified-alpha-approach-pms/,VERIFIED
7,Abakkus Emerging Opportunities PMS,https://www.pmsaifworld.com/portfolio/abakkus-emerging-opportunities-portfolio/,CORRECTED
8,ABANS PMS,https://www.pmsaifworld.com/portfolio/abans-pms/,VERIFIED
9,ABANS Smart Beta Portfolio,https://www.pmsaifworld.com/portfolio/abans-smart-beta-portfolio/,VERIFIED
10,ABM Core & Satellite Portfolio,https://www.pmsaifworld.com/portfolio/abm-core-satellite-portfolio/,VERIFIED
11,ABM India Consumption Portfolio,https://www.pmsaifworld.com/portfolio/abm-india-consumption-portfolio/,VERIFIED
12,AccuraCap Alpha10 Portfolio,https://www.pmsaifworld.com/portfolio/accuracap-alpha10/,VERIFIED
13,Accuracap Alphagen PMS,https://www.pmsaifworld.com/portfolio/accuracap-alphagen-pms/,VERIFIED
14,Accuracap Picopower PMS Portfolio,https://www.pmsaifworld.com/portfolio/accuracap-picopower/,CORRECTED
15,AcePro Advisors Pvt. Ltd,https://www.pmsaifworld.com/partner/acepro-advisors-pvt-ltd/,CORRECTED
16,AcePro Galaxy Strategy PMS,https://www.pmsaifworld.com/portfolio/acepro-galaxy-strategy-pms/,VERIFIED
17,AcePro Large Cap Strategy PMS,https://www.pmsaifworld.com/portfolio/acepro-large-cap-strategy-pms/,VERIFIED
18,Aditya Birla Core Equity Portfolio,https://www.pmsaifworld.com/portfolio/aditya-birla-core-equity-portfolio/,VERIFIED
19,Aditya Birla India Special Opportunities Portfolio,https://www.pmsaifworld.com/portfolio/aditya-birla-india-special-opportunities-portfolio/,VERIFIED
20,Aditya Birla Innovation Portfolio,https://www.pmsaifworld.com/portfolio/aditya-birla-innovation-portfolio/,VERIFIED
21,Aditya Birla Select Sector Portfolio,https://www.pmsaifworld.com/portfolio/aditya-birla-select-sector-portfolio/,VERIFIED
22,Aditya Birla Sun Life AMC – Real Estate Investment Advisory,https://www.pmsaifworld.com/portfolio/aditya-birla-sun-life-amc-real-estate-investment-advisory/,VERIFIED
23,Aditya Birla Sun Life Global Bluechip Equity Fund (IFSC),https://www.pmsaifworld.com/portfolio/aditya-birla-sun-life-global-bluechip-equity-fund-ifsc/,VERIFIED
24,Aditya Birla Top 200 Core Equity Portfolio,https://www.pmsaifworld.com/portfolio/aditya-birla-top-200-core-equity-portfolio,VERIFIED
25,Aequitas India Opportunities,https://www.pmsaifworld.com/portfolio/aequitas-india-opportunities-pms/,CORRECTED
26,Agreya Multi-Asset Enhancer Strategy,https://www.pmsaifworld.com/portfolio/agreya-multi-asset-enhancer-strategy/,VERIFIED
27,Agreya Return Enhancers / Optimizer,https://www.pmsaifworld.com/portfolio/agreya-return-enhancers-optimizer/,VERIFIED
28,Alchemy Alpha 100 PMS,https://www.pmsaifworld.com/portfolio/alchemy-alpha-100-pms/,VERIFIED
29,Alchemy Alpha Small Cap PMS,https://www.pmsaifworld.com/portfolio/alchemy-alpha-small-cap-pms/,VERIFIED
30,Alchemy Ascent PMS,https://www.pmsaifworld.com/portfolio/alchemy-ascent-fund/,CORRECTED
31,Alchemy High Growth PMS,https://www.pmsaifworld.com/portfolio/alchemy-high-growth-pms/,VERIFIED
32,Alchemy Select Stock PMS,https://www.pmsaifworld.com/portfolio/alchemy-select-stock-pms/,VERIFIED
33,GLOBE CAPITAL Value Portfolio PMS,https://www.pmsaifworld.com/portfolio/globe-capital-value-portfolio-pms/,VERIFIED
34,Green Lantern Capital Alpha PMS,https://www.pmsaifworld.com/portfolio/green-lantern-capital-alpha-pms/,VERIFIED
35,Green Lantern Capital Growth Fund,https://www.pmsaifworld.com/portfolio/green-lantern-capital-growth-fund/,VERIFIED
36,Green Lantern Capital Growth PMS,https://www.pmsaifworld.com/portfolio/green-lantern-capital-growth-pms/,VERIFIED
37,Green Portfolio – The Green Ethical Fund,https://www.pmsaifworld.com/portfolio/green-portfolio-the-green-ethical-fund/,VERIFIED
38,Green Portfolio Dividend Yield Fund PMS,https://www.pmsaifworld.com/portfolio/green-portfolio-dividend-yield-fund-pms/,VERIFIED
39,Green Portfolio IMPACT ESG Fund,https://www.pmsaifworld.com/portfolio/green-portfolio-impact-esg-fund/,VERIFIED
40,Green Portfolio Index PMS,https://www.pmsaifworld.com/portfolio/green-portfolio-index-pms/,VERIFIED
41,Green Portfolio MNC Advantage,https://www.pmsaifworld.com/portfolio/green-portfolio-mnc-advantage/,VERIFIED
42,Green Portfolio Special PMS,https://www.pmsaifworld.com/portfolio/green-portfolio-special-pms/,VERIFIED
43,GREEN PORTFOLIO SUPER 30 PMS,https://www.pmsaifworld.com/portfolio/green-portfolio-super-30-pms/,VERIFIED
44,Grey Sky Capital Smart Core Portfolio PMS,https://www.pmsaifworld.com/portfolio/grey-sky-capital-smart-core-portfolio-pms/,VERIFIED
45,Grey Sky Capital Smart Treasury Strategy PMS,https://www.pmsaifworld.com/portfolio/grey-sky-capital-smart-treasury-strategy-pms/,VERIFIED
46,Helios India Rising PMS,https://www.pmsaifworld.com/portfolio/helios-india-rising-pms/,VERIFIED
47,Hem Securities – Dream PMS Strategy,https://www.pmsaifworld.com/portfolio/hem-securities-dream-pms-strategy/,VERIFIED
48,ICICI Prudential Alpha Opportunities Fund,https://www.pmsaifworld.com/portfolio/icici-prudential-alpha-opportunities-fund/,VERIFIED
49,ICICI Prudential Contra Strategy,https://www.pmsaifworld.com/portfolio/icici-prudential-contra-strategy/,VERIFIED
50,ICICI Prudential PMS Core Strategies PMS,https://www.pmsaifworld.com/portfolio/icici-prudential-pms/,CORRECTED
51,ICICI Prudential PMS Growth Leaders Strategy,https://www.pmsaifworld.com/portfolio/icici-prudential-pms-growth-leaders-strategy/,VERIFIED
52,ICICI Prudential PMS Large Cap Strategy,https://www.pmsaifworld.com/portfolio/icici-prudential-large-cap-strategy-pms/,CORRECTED
53,ICICI Prudential PMS PIPE Strategy,https://www.pmsaifworld.com/portfolio/icici-prudential-pms-pipe-strategy-pms/,CORRECTED
54,ICICI Prudential PMS Value Strategy,https://www.pmsaifworld.com/portfolio/icici-prudential-value-strategy-pms/,CORRECTED
55,ICICI Prudential PMS – ACE Strategy,https://www.pmsaifworld.com/portfolio/icici-prudential-pms-ace-strategy/,VERIFIED
56,IDFC Neo Equity Portfolio,https://www.pmsaifworld.com/portfolio/idfc-neo-equity-portfolio/,VERIFIED
57,InCred Healthcare PMS,https://www.pmsaifworld.com/portfolio/incred-healthcare-pms/,VERIFIED
58,InCred Healthcare Portfolio,https://www.pmsaifworld.com/portfolio/incred-healthcare-portfolio/,VERIFIED
59,InCred MultiCap PMS,https://www.pmsaifworld.com/portfolio/incred-multicap-pms/,VERIFIED
60,InCred Small & Midcap PMS,https://www.pmsaifworld.com/portfolio/incred-small-midcap-pms/,CORRECTED
61,IndiaNivesh Sprout PMS,https://www.pmsaifworld.com/portfolio/indianivesh-sprout-pms/,VERIFIED
62,Invasset Growth Fund PMS,https://www.pmsaifworld.com/portfolio/invasset-llp-growth-fund-pms/,CORRECTED
63,Invesco Caterpillar PMS,https://www.pmsaifworld.com/portfolio/invesco-caterpillar-pms/,VERIFIED
64,INVESCO India D.A.W.N,https://www.pmsaifworld.com/portfolio/invesco-dawn/,CORRECTED
65,INVESCO India R.I.S.E,http://pmsaifworld.com/portfolio/invesco-rise/,VERIFIED
66,PrimeInvestor Financial Research Private Limited – Prime Synergy PMS,https://www.pmsaifworld.com/portfolio/primeinvestor-financial-research-private-limited-prime-synergy-pms/,VERIFIED
67,PrimeInvestor Financial Research Private Limited – Prime Velocity PMS,https://www.pmsaifworld.com/portfolio/primeinvestor-financial-research-private-limited-prime-velocity-pms/,VERIFIED
68,PrimeInvestor Financial Research Private Limited – Prime Vision Balanced PMS,https://www.pmsaifworld.com/portfolio/primeinvestor-financial-research-private-limited-prime-vision-balanced-pms/,VERIFIED
69,PrimeInvestor Financial Research Private Limited – Prime Vision Growth PMS,https://www.pmsaifworld.com/portfolio/primeinvestor-financial-research-private-limited-prime-vision-growth-pms/,VERIFIED
70,PrimeInvestor Financial Research Private Limited – Prime Vision Ultra PMS,https://www.pmsaifworld.com/portfolio/primeinvestor-financial-research-private-limited-prime-vision-ultra-pms/,VERIFIED
71,Profusion Income Enhancer Low Risk Long/Short PMS,https://www.pmsaifworld.com/portfolio/profusion-income-enhancer-low-risk-long-short-pms/,CORRECTED
72,Profusion Investment Advisors LLP,https://www.pmsaifworld.com/portfolio/profusion-investment-advisors-llp/,VERIFIED
73,Prosperity Discovery Fund,https://www.pmsaifworld.com/portfolio/prosperity-wealth-management-discovery-fund-pms/,CORRECTED
74,Prudent Equity Growth Strategy PMS,https://www.pmsaifworld.com/portfolio/prudent-equity-growth-strategy-pms/,VERIFIED
75,Purnartha Investment Advisers Pvt. Ltd. Focused Equity PMS,https://www.pmsaifworld.com/portfolio/purnartha-investment-advisers-pvt-ltd-focused-equity-pms/,VERIFIED
76,Purnartha Investment Advisers Pvt. Ltd. Long Term Equity with Concentrated Portfolio,https://www.pmsaifworld.com/portfolio/purnartha-investment-advisers-pvt-ltd-long-term-equity-with-concentrated-portfolio/,VERIFIED
77,Purnartha Pratham PMS,https://www.pmsaifworld.com/portfolio/purnartha-pratham-pms/,VERIFIED
78,Purnartha Vision PMS,https://www.pmsaifworld.com/portfolio/purnartha-vision-pms/,VERIFIED
79,Purnartha’s Dynamic Midcap PMS,https://www.pmsaifworld.com/portfolio/purnarthas-dynamic-midcap-pms/,VERIFIED
80,QED Capital - AlphaBets PMS,https://www.pmsaifworld.com/portfolio/qed-capital-alphabets-pms/,VERIFIED
81,Qode Advisors LLP PMS - Qode All Weather,https://www.pmsaifworld.com/portfolio/qode-advisors-llp-pms-qode-all-weather/,VERIFIED
82,Qode Advisors LLP PMS - Qode Future Horizons,https://www.pmsaifworld.com/portfolio/qode-advisors-llp-pms-qode-future-horizons/,VERIFIED
83,Qode Advisors LLP PMS - Qode Tactical Fund,https://www.pmsaifworld.com/portfolio/qode-advisors-llp-pms-qode-tactical-fund/,VERIFIED
84,Qode Asset Management,https://www.pmsaifworld.com/portfolio/qode-asset-management/,VERIFIED
85,QRC Investment Advisors Long Term PMS,https://www.pmsaifworld.com/portfolio/qrc-investment-advisors-long-term-pms/,VERIFIED
86,Quest Investment Advisors Flagship PMS Portfolio,https://www.pmsaifworld.com/portfolio/quest-investment-advisors-flagship-pms/,CORRECTED
87,Quest Investment Advisors Multi PMS Portfolio,https://www.pmsaifworld.com/portfolio/quest-investment-advisors-multi-pms/,CORRECTED
88,Renaissance Alpha Portfolio – Multicap Fund,https://www.pmsaifworld.com/portfolio/renaissance-alpha-portfolio-multicap-fund/,VERIFIED
89,Renaissance Business Leadership Fund – Midcap Portfolio,https://www.pmsaifworld.com/portfolio/renaissance-business-leadership-fund-midcap-portfolio/,VERIFIED
90,Renaissance India Next Portfolio,https://www.pmsaifworld.com/portfolio/renaissance-india-next-portfolio/,VERIFIED
91,Renaissance India Next Portfolio – Dynamic Thematic Portfolio,https://www.pmsaifworld.com/portfolio/renaissance-india-next-portfolio-dynamic-thematic-portfolio/,VERIFIED
92,Renaissance Opportunities PMS,https://www.pmsaifworld.com/portfolio/renaissance-opportunities-pms/,VERIFIED
93,Right Horizons Alphabots India Prime Portfolio PMS,https://www.pmsaifworld.com/portfolio/right-horizons-alphabots-india-prime-portfolio-pms/,VERIFIED
94,Right Horizons Business Leaders PMS,https://www.pmsaifworld.com/portfolio/right-horizons-business-leaders-pms/,VERIFIED
95,Right Horizons Flexi Cap Scheme PMS,https://www.pmsaifworld.com/portfolio/right-horizons-flexi-cap-scheme-pms/,VERIFIED
96,Right Horizons Minerva Under Served PMS,https://www.pmsaifworld.com/portfolio/right-horizons-minerva-under-served-pms/,VERIFIED
97,Right Horizons Perennial Fund,https://www.pmsaifworld.com/portfolio/right-horizons-perennial-fund-pms/,CORRECTED
98,Right Horizons Super Value PMS,https://www.pmsaifworld.com/portfolio/right-horizons-super-value-pms/,VERIFIED
99,Roha Asset Managers - Emerging Champions,https://www.pmsaifworld.com/portfolio/roha-asset-managers-emerging-champions-pms/,CORRECTED
100,SageOne Core Portfolio PMS,https://www.pmsaifworld.com/portfolio/sageone-investment-managers-core-portfolio/,CORRECTED
101,SageOne Diversified Portfolio,https://www.pmsaifworld.com/portfolio/sageone-diversified-portfolio/,VERIFIED
102,SageOne Flagship Growth OE Fund,https://www.pmsaifworld.com/portfolio/sageone-flagship-growth-oe-fund/,VERIFIED
103,SageOne Small And Micro Cap Portfolio,https://www.pmsaifworld.com/portfolio/sageone-small-micro-cap-portfolio/,CORRECTED
104,Sameeksha India Equity Fund,https://www.pmsaifworld.com/portfolio/sameeksha-india-equity-fund/,VERIFIED
105,Samvitti Active Alpha PMS,https://www.pmsaifworld.com/portfolio/samvitti-active-alpha-pms/,VERIFIED
106,Sanctum Indian Olympians,https://www.pmsaifworld.com/portfolio/sanctum-indian-olympians/,VERIFIED
107,Sanctum Indian Titans,https://www.pmsaifworld.com/portfolio/sanctum-indian-titans/,VERIFIED
108,Sanctum Wealth Management Smart Solutions PMS,https://www.pmsaifworld.com/portfolio/sanctum-wealth-management-smart-solutions-pms/,VERIFIED
109,Satco Capital Markets Growth & Momentum,https://www.pmsaifworld.com/portfolio/satco-capital-markets-growth-momentum/,CORRECTED
110,SBI AEON ALPHA PMS,https://www.pmsaifworld.com/portfolio/sbi-aeon-alpha-pms/,VERIFIED
111,SBI ESG Portfolio,https://www.pmsaifworld.com/portfolio/sbi-growth-with-values-pms/,CORRECTED
112,Seers Enduring Portfolio,https://www.pmsaifworld.com/portfolio/seers-enduring-portfolio/,VERIFIED
113,Sharekhan Ltd Prime Picks,https://www.pmsaifworld.com/portfolio/sharekhan-ltd-prime-picks/,VERIFIED
114,Shepherd’s Hill PMS India,https://www.pmsaifworld.com/portfolio/shepherds-hill-pms-india/,VERIFIED
115,Shree Rama Managers- Shree Lakshmi Plan,https://www.pmsaifworld.com/portfolio/shree-lakshmi-plan/,CORRECTED
116,Shree Rama Managers: Shree Vriddhi Plan,https://www.pmsaifworld.com/portfolio/shree-vriddhi-plan/,CORRECTED
117,Shree Rama Managers: Shree Wealth Builder Plan,https://www.pmsaifworld.com/portfolio/shree-wealth-builder-plan/,CORRECTED
118,SilverArch India Equity Portfolio,https://www.pmsaifworld.com/portfolio/silverarch-india-equity-portfolio/,VERIFIED
119,SilverArch India Mid & Small Cap Portfolio PMS,https://www.pmsaifworld.com/portfolio/silverarch-india-mid-small-cap-portfolio-pms/,CORRECTED
120,SilverArch India Select Bluechip Portfolio,https://www.pmsaifworld.com/portfolio/silverarch-india-select-bluechip-portfolio/,VERIFIED
121,Singularity Fund of Funds II (SFoF II),https://www.pmsaifworld.com/portfolio/singularity-fund-of-funds-ii-sfof-ii/,CORRECTED
122,SMC Global Growth Portfolio,https://www.pmsaifworld.com/portfolio/smc-global-growth-portfolio/,VERIFIED
123,SOHUM INDIA OPPORTUNITIES Investment Approach PMS,https://www.pmsaifworld.com/portfolio/sohum-india-opportunities-investment-approach-pms/,VERIFIED
124,Solidarity Investment Managers Prudence PMS,https://www.pmsaifworld.com/portfolio/solidarity-investment-managers-prudence-pms/,VERIFIED
125,Sowilo Multicap Fund,https://www.pmsaifworld.com/portfolio/sowilo-multicap-fund/,VERIFIED
126,Sowilo Target Return Aggressive Fund,https://www.pmsaifworld.com/portfolio/sowilo-target-return-aggressive-fund/,VERIFIED
127,Spark Fund 75 Core and Satellite PMS,https://www.pmsaifworld.com/portfolio/spark-fund-75-core-and-satellite-pms/,VERIFIED
128,Spark Fund 75 Flexicap PMS,https://www.pmsaifworld.com/portfolio/spark-fund-75-flexicap-pms/,VERIFIED
129,SRE Shield PMS,https://www.pmsaifworld.com/portfolio/sre-shield-pms/,VERIFIED
130,Stallion Asset PMS – Core Fund Portfolio,https://www.pmsaifworld.com/portfolio/stallion-asset-pms/,CORRECTED
131,Sundaram Alternates Rising Star PMS,https://www.pmsaifworld.com/portfolio/sundaram-rising-star/,CORRECTED
132,Sundaram Alternates Voyager Portfolio,https://www.pmsaifworld.com/portfolio/sundaram-voyager-portfolio/,CORRECTED
133,Sundaram Alternates’ PACE Portfolio,https://www.pmsaifworld.com/portfolio/sundaram-pace-portfolio/,CORRECTED
134,Sundaram Emerging Leadership Fund (SELF) Portfolio,https://www.pmsaifworld.com/portfolio/sundaram-emerging-leadership-fund-self/,CORRECTED
135,Sundaram India Secular Opportunities Portfolio (SISOP PMS),https://www.pmsaifworld.com/portfolio/sundaram-india-secular-opportunities-portfolio-sisop/,CORRECTED
136,Systematix Dynamic Investment Portfolio,https://www.pmsaifworld.com/portfolio/systematix-dyamic-investment-portfolio/,CORRECTED
137,Tamohara Investment Managers SWAT PMS,https://www.pmsaifworld.com/portfolio/tamohara-investment-managers-swat-pms/,VERIFIED
138,Tamohara Investment Managers TIOS PMS,https://www.pmsaifworld.com/portfolio/tamohara-tios-pms/,CORRECTED
139,Tamohara Investment Managers TLES PMS,https://www.pmsaifworld.com/portfolio/tamohara-tles-pms/,CORRECTED
140,Tata Capital Emerging Opportunities PMS,https://www.pmsaifworld.com/portfolio/tata-capital-emerging-opportunities-pms/,VERIFIED
141,Tata Capital Emerging Opportunities Strategy PMS,https://www.pmsaifworld.com/portfolio/tata-pms-emerging-opportunities-pms/,CORRECTED
142,TATA PMS ACT,https://www.pmsaifworld.com/portfolio/tata-pms-act/,VERIFIED
143,TATA PMS Bluechip,https://www.pmsaifworld.com/portfolio/tata-pms-bluechip-strategy/,CORRECTED
144,TATA PMS Bluechip Plus,https://www.pmsaifworld.com/portfolio/tata-pms-bluechip-plus,VERIFIED
145,TATA PMS Consumption,https://www.pmsaifworld.com/portfolio/tata-pms-consumption/,VERIFIED
146,TCG $5Trillion Fund,https://www.pmsaifworld.com/portfolio/tcg-5-trillion-fund/,CORRECTED
147,TCG AMC Multicap Fund,https://www.pmsaifworld.com/portfolio/tcg-multicap-fund-pms/,CORRECTED
148,TCG Asset Management – Transformative Growth Portfolio,https://www.pmsaifworld.com/portfolio/tcg-asset-management-transformative-growth-portfolio,VERIFIED
149,TCG RAF Fund,https://www.pmsaifworld.com/portfolio/tcg-asset-management-raf-fund-pms/,CORRECTED
150,Torus Oro PMS – All Weather Strategy PMS,https://www.pmsaifworld.com/portfolio/torus-oro-pms-all-weather-strategy-pms/,VERIFIED
151,Torus Oro PMS – Alpha Compounders Strategy PMS,https://www.pmsaifworld.com/portfolio/torus-oro-pms-alpha-compounders-strategy-pms/,VERIFIED
152,Tradeswift Broking Private Limited Dynamic Gems PMS,https://www.pmsaifworld.com/portfolio/tradeswift-broking-private-limited-dynamic-gems-pms/,VERIFIED
153,Trivantage Capital Super Six PMS,https://www.pmsaifworld.com/portfolio/trivantage-capital-super-six-pms/,VERIFIED
154,Trivantage Capital- Resurgent PMS,https://www.pmsaifworld.com/portfolio/trivantage-capital-resurgent-pms/,VERIFIED
155,TULSIAN LARGE CAP PMS,https://www.pmsaifworld.com/portfolio/tulsian-large-cap-pms/,VERIFIED
156,Turtle Wealth 212° Wealth Mantra,https://www.pmsaifworld.com/portfolio/turtle-wealth-212-wealth-mantra/,VERIFIED
157,Turtle Wealth Management 212° Growth Mantra,https://www.pmsaifworld.com/portfolio/turtle-wealth-management-212-growth-mantra/,VERIFIED
158,Turtle Wealth Management Pvt. Ltd. – Profit Mantra PMS,https://www.pmsaifworld.com/portfolio/turtle-wealth-management-pvt-ltd-profit-mantra-pms/,VERIFIED
159,UNIFI Capital Blended Rangoli PMS Portfolio,https://www.pmsaifworld.com/portfolio/unifi-capital-pvt-ltd-blended-rangoli-pms/,VERIFIED
160,UNIFI Capital Pvt. Ltd.,https://www.pmsaifworld.com/portfolio/unifi-capital-thematic-fund-house-pms/,CORRECTED
161,UNIFI Capital Pvt. Ltd. APJ 20 PMS,https://www.pmsaifworld.com/portfolio/unifi-capital-pvt-ltd-apj-20-pms/,VERIFIED
162,UNIFI Capital Pvt. Ltd. BC – AD PMS,https://www.pmsaifworld.com/portfolio/unifi-capital-pvt-ltd-bc-ad-pms/,VERIFIED
163,UNIFI Capital Pvt. Ltd. Deep Value Discount (DVD) PMS,https://www.pmsaifworld.com/portfolio/unifi-capital-pvt-ltd-deep-value-discount-dvd-pms/,VERIFIED
164,UNIFI Capital Pvt. Ltd. Green PMS,https://www.pmsaifworld.com/portfolio/unifi-capital-pvt-ltd-green-pms/,VERIFIED
165,UNIFI Capital Pvt. Ltd. HoldCo PMS,https://www.pmsaifworld.com/portfolio/unifi-capital-pvt-ltd-holdco-pms/,VERIFIED
166,UNIFI Capital Pvt. Ltd. Insider Shadow PMS,https://www.pmsaifworld.com/portfolio/unifi-capital-pvt-ltd-insider-shadow-pms/,VERIFIED
167,UNIFI Capital Pvt. Ltd. Spin Off PMS,https://www.pmsaifworld.com/portfolio/unifi-capital-pvt-ltd-spin-off-pms/,VERIFIED
168,Unifi Capital's BCAD2 Breakout 20 Strategy,https://www.pmsaifworld.com/portfolio/unifi-capitals-bcad2-breakout-20-strategy/,VERIFIED
169,Upside AI Multicap Fund,https://www.pmsaifworld.com/portfolio/upside-ai-multicap-fund/,VERIFIED
170,Upside AI Top 250 Fund,https://www.pmsaifworld.com/portfolio/upside-ai-top-250-fund/,VERIFIED
171,Valcreate IME Concentrated Microtrends,https://www.pmsaifworld.com/portfolio/valcreate-ime-concentrated-microtrends/,VERIFIED
172,Valcreate IME Digital Disruption,https://www.pmsaifworld.com/portfolio/valcreate-ime-digital-disruption/,VERIFIED
173,Valcreate Investment Growing India Strategy,https://www.pmsaifworld.com/portfolio/valcreate-investment-growing-india-strategy/,VERIFIED
174,Valcreate Investment Life Sciences and Specialty PMS,https://www.pmsaifworld.com/portfolio/valcreate-investment-life-sciences-and-specialty-opportunities-strategy/,CORRECTED
175,Valentis Advisors Multi Cap PMS,https://www.pmsaifworld.com/portfolio/valentis-advisors-multi-cap-pms/,VERIFIED
176,Valentis Rising Star Opportunity PMS,https://www.pmsaifworld.com/portfolio/valentis-rising-star-opportunity-pms/,VERIFIED
177,Vallum India Discovery Strategy,https://www.pmsaifworld.com/portfolio/vallum-india-discovery-strategy/,VERIFIED
178,Valtrust Momentum PMS,https://www.pmsaifworld.com/portfolio/valtrust-momentum-pms/,VERIFIED
179,ValueQuest Growth Scheme PMS,https://www.pmsaifworld.com/portfolio/valuequest-investment-advisors-growth-scheme-pms/,CORRECTED
180,ValueQuest Investment Advisors- Agile Scheme PMS,https://www.pmsaifworld.com/portfolio/valuequest-investment-advisors-agile-scheme-pms/,VERIFIED
181,ValueQuest Platinum Scheme PMS,https://www.pmsaifworld.com/portfolio/valuequest-investment-advisors-platinum-scheme-pms/,CORRECTED
182,Varanium Large Cap Focused Portfolio,https://www.pmsaifworld.com/portfolio/varanium-large-cap-focused-portfolio/,VERIFIED
183,Wallfort PMS & Advisory Services LLP – Wallfort Focus Fund,https://www.pmsaifworld.com/portfolio/wallfort-pms-advisory-services-llp-wallfort-focus-fund/,CORRECTED
184,Wallfort PMS – Wallfort Diversified Fund,https://www.pmsaifworld.com/portfolio/wallfort-diversified-fund-pms/,VERIFIED
185,WAVE ASSET PRIVATE LIMITED – Bloom PMS,https://www.pmsaifworld.com/portfolio/wave-asset-private-limited-bloom-pms/,VERIFIED
186,Waya Financial Technologies Private Limited – Bin73 Sunrisealpha PMS,https://www.pmsaifworld.com/portfolio/waya-financial-technologies-private-limited-bin73-sunrisealpha-pms/,VERIFIED
187,White Oak India Digital Leaders Strategy,https://www.pmsaifworld.com/portfolio/white-oak-capital-management-digital-leaders-pms/,VERIFIED
188,White OAK India Pioneers Equity Portfolio,https://www.pmsaifworld.com/portfolio/white-oak-india-pioneers-equity/,CORRECTED
189,White Oak India Top 200 PMS,https://www.pmsaifworld.com/portfolio/white-oak-india-top-200-pms/,VERIFIED
190,WhiteOak Capital Group,https://www.pmsaifworld.com/portfolio/whiteoak-capital-group/,VERIFIED
191,Wright Alpha Fund PMS,https://www.pmsaifworld.com/portfolio/wright-alpha-fund-pms/,VERIFIED
192,Wright Factor Fund Hedged PMS,https://www.pmsaifworld.com/portfolio/wright-factor-fund-hedged-pms/,VERIFIED
193,Wright Factor Fund PMS,https://www.pmsaifworld.com/portfolio/wright-factor-fund-pms/,VERIFIED
194,Alchemy Smart Alpha 250 PMS,https://www.pmsaifworld.com/portfolio/alchemy-smart-alpha-250-pms/,VERIFIED
195,Alchemy Smart Alpha Micro & Small Cap PMS,https://www.pmsaifworld.com/portfolio/alchemy-smart-alpha-micro-small-cap-pms/,CORRECTED
196,Alder Capital B2C Growth,https://www.pmsaifworld.com/portfolio/alder-capital-b2c-growth/,VERIFIED
197,AlfAccurate AAA Shariah PMS Plan,https://www.pmsaifworld.com/portfolio/alfaccurate-aaa-shariah-pms-plan/,VERIFIED
198,Alfaccurate Advisors Budding Beasts Portfolio,https://www.pmsaifworld.com/portfolio/alfaccurate-advisors-budding-beasts-portfolio/,VERIFIED
199,Alfaccurate Advisors Focus Plan PMS,https://www.pmsaifworld.com/portfolio/alfaccurate-advisors-focus-plan-pms/,VERIFIED
200,AlfAccurate Advisors India Opportunity Plan (AAA IOP) PMS,https://www.pmsaifworld.com/portfolio/alfaccurate-advisors-india-opportunity-plan-aaa-iop-pms/,CORRECTED
201,Alpha Alternatives,https://www.pmsaifworld.com/portfolio/alpha-alternatives/,VERIFIED
202,Ambit Alpha Growth PMS Portfolio,https://www.pmsaifworld.com/portfolio/ambit-alpha-growth-pms-portfolio/,VERIFIED
203,Ambit Build India PMS,https://www.pmsaifworld.com/portfolio/ambit-build-india-pms/,VERIFIED
204,Ambit CALIBER PMS,https://www.pmsaifworld.com/portfolio/ambit-caliber-pms/,VERIFIED
205,Ambit Coffee Can Portfolio,https://www.pmsaifworld.com/portfolio/ambit-coffee-can/,CORRECTED
206,Ambit Emerging Giants Portfolio,https://www.pmsaifworld.com/portfolio/ambit-emerging-giants-pms/,CORRECTED
207,AMBIT Good & Clean,https://www.pmsaifworld.com/portfolio/ambit-good-clean/,CORRECTED
208,AMBIT TenX,https://www.pmsaifworld.com/portfolio/ambit-tenx/,VERIFIED
209,AMPERSAND CAPITAL,https://www.pmsaifworld.com/portfolio/ampersand-capital/,VERIFIED
210,Amsec Life,https://www.pmsaifworld.com/portfolio/amsec-life/,VERIFIED
211,Anand Rathi Advisors Impress PMS,https://www.pmsaifworld.com/portfolio/anand-rathi-impress-pms/,CORRECTED
212,Anand Rathi Advisors MNC PMS,https://www.pmsaifworld.com/portfolio/anand-rathi-advisors-mnc-pms/,VERIFIED
213,Anand Rathi Advisors Portfolio Plus PMS,https://www.pmsaifworld.com/portfolio/anand-rathi-advisors-portfolio-plus-pms/,VERIFIED
214,Asit C Mehta – ACE 15 - PMS,https://www.pmsaifworld.com/portfolio/asit-c-mehta-ace-15-pms/,VERIFIED
215,Asit C Mehta – ACE Midcap – PMS,https://www.pmsaifworld.com/portfolio/asit-c-mehta-ace-midcap-pms/,VERIFIED
216,Asit C Mehta – ACE Multicap PMS,https://www.pmsaifworld.com/portfolio/asit-c-mehta-ace-multicap-pms/,VERIFIED
217,Asit C Mehta – ACE Regular Income – PMS,https://www.pmsaifworld.com/portfolio/asit-c-mehta-ace-regular-income-pms/,VERIFIED
218,ASK Emerging Opportunities Portfolio (EOP),https://www.pmsaifworld.com/portfolio/ask-emerging-opportunities-portfolio-eop-aif/,CORRECTED
219,ASK India Select Portfolio (ISP),https://www.pmsaifworld.com/portfolio/ask-investment-managers-india-select-portfolio-isp/,CORRECTED
220,ASK Indian Entrepreneur Portfolio – IEP PMS,https://www.pmsaifworld.com/portfolio/ask-investment-managers-indian-entrepreneur-portfolio-iep/,CORRECTED
221,ASK Investment Domestic,https://www.pmsaifworld.com/portfolio/ask-investment-domestic/,VERIFIED
222,ASK Investment Managers – Growth Portfolio,https://www.pmsaifworld.com/portfolio/ask-investment-managers-growth-portfolio-eop/,CORRECTED
223,ASK Lighthouse Portfolio,https://www.pmsaifworld.com/portfolio/ask-lighthouse-portfolio/,VERIFIED
224,"Avendus ESG Fund (Environment, Society and Governance) | PMS",https://www.pmsaifworld.com/portfolio/avendus-esg-fund-pms/,VERIFIED
225,Avestha Fund Management Growth PMS,https://www.pmsaifworld.com/portfolio/avestha-fund-management-growth-pms/,VERIFIED
226,AXIS Brand Equity PMS,https://www.pmsaifworld.com/portfolio/axis-brand-equity/,CORRECTED
227,AXIS Core & Satellite Fund,https://www.pmsaifworld.com/portfolio/axis-core-satellite-fund/,CORRECTED
228,Basant Maheshwari PMS,https://www.pmsaifworld.com/portfolio/basant-maheshwari-pms/,VERIFIED
229,INVESTSAVVY ALPHA PMS - MULTICAP PMS,https://www.pmsaifworld.com/portfolio/investsavvy-alpha-pms/,CORRECTED
230,Ithought Financial Consulting LLP NIO,https://www.pmsaifworld.com/portfolio/ithought-financial-consulting-llp-nio/,VERIFIED
231,Ithought Financial Consulting LLP Sphere,https://www.pmsaifworld.com/portfolio/ithought-financial-consulting-llp-sphere/,VERIFIED
232,Ithought SOLITAIRE,https://www.pmsaifworld.com/portfolio/solitaire-pms-ithoughts-flagship-multi-cap-investment-strategy/,CORRECTED
233,ITUS Capital Fundamental Value Fund,https://www.pmsaifworld.com/portfolio/itus-capital-fundamental-value-fund/,VERIFIED
234,Jainam Value Maxima PMS,https://www.pmsaifworld.com/portfolio/jainam-value-maxima-pms/,NOT VERIFIED
235,Joindre Capital-Value Fund,https://www.pmsaifworld.com/portfolio/joindre-capital-value-fund/,VERIFIED
236,Karma Capital - Long Only Indian Public Equities,https://www.pmsaifworld.com/portfolio/karma-capital-long-only-indian-public-equities/,VERIFIED
237,Karvy Capital Ltd Demeter,https://www.pmsaifworld.com/portfolio/karvy-capital-ltd-demeter/,VERIFIED
238,Karvy Capital Ltd Excel,https://www.pmsaifworld.com/portfolio/karvy-capital-ltd-excel/,VERIFIED
239,Kotak Fintech Investment Approach PMS,https://www.pmsaifworld.com/portfolio/kotak-fintech-pms/,CORRECTED
240,Kotak Focus Top 12 PMS,https://www.pmsaifworld.com/portfolio/kotak-focus-top-12-pms/,VERIFIED
241,Kotak India Focus- Series 1,https://www.pmsaifworld.com/portfolio/kotak-special-situations-value/,CORRECTED
242,Kotak India Focus- Series 2,https://www.pmsaifworld.com/portfolio/kotak-ssv-2-pms/,CORRECTED
243,Kotak Pharma & Healthcare Investment Approach PMS,https://www.pmsaifworld.com/portfolio/kotak-pharma-pms/,CORRECTED
244,Kotak Small & Midcap Equity Investment Approach PMS,https://www.pmsaifworld.com/portfolio/kotak-small-mid-cap-pms/,CORRECTED
245,KRIIS Multi Cap Advantage PMS,https://www.pmsaifworld.com/portfolio/kriis-multi-cap-advantage-pms/,VERIFIED
246,Kunvarji Multi Cap Fund,https://www.pmsaifworld.com/portfolio/kunvarji-multi-cap-fund/,VERIFIED
247,Magadh Capital Future Stars,https://www.pmsaifworld.com/portfolio/magadh-capital-advisors-llp-future-stars-pms/,CORRECTED
248,Magadh Capital Value for Growth,https://www.pmsaifworld.com/portfolio/magadh-capital-advisors-llp-value-for-growth-pms/,CORRECTED
249,Marathon Trends PMS,https://www.pmsaifworld.com/portfolio/marathon-trends-pms/,VERIFIED
250,Marcellus Consistent Compounders Portfolio (Marcellus CCP PMS),https://www.pmsaifworld.com/portfolio/marcellus-consistent-compounders-pms/,CORRECTED
251,Marcellus Global Compounders Portfolio - GIFT CITY Domiciled PMS,https://www.pmsaifworld.com/portfolio/marcellus-global-compounders-portfolio-gift-city-domiciled-pms/,VERIFIED
252,Marcellus Kings of Capital Portfolio (KCP),https://www.pmsaifworld.com/portfolio/marcellus-kings-of-capital/,CORRECTED
253,Marcellus Little Champs PMS Portfolio (LCP),https://www.pmsaifworld.com/portfolio/marcellus-little-champs/,CORRECTED
254,Marcellus Rising Giants PMS,https://www.pmsaifworld.com/portfolio/marcellus-rising-giants-pms/,VERIFIED
255,Master Trust India Growth Strategy,https://www.pmsaifworld.com/portfolio/master-portfolio-vallum-india-discovery/,CORRECTED
256,MAXIMAL INCOME FUND – PMS,https://www.pmsaifworld.com/portfolio/maximal-income-fund-pms/,VERIFIED
257,MAXIMAL PATHFINDER VALUE FUND – PMS,https://www.pmsaifworld.com/portfolio/maximal-pathfinder-value-fund-pms/,VERIFIED
258,Maxiom PMS – Emerald Diversified Mutual Funds,https://www.pmsaifworld.com/portfolio/maxiom-pms-emerald-diversified-mutual-funds/,VERIFIED
259,Maxiom PMS – GEM Quality-Momentum Strategy,https://www.pmsaifworld.com/portfolio/maxiom-pms-gem-quality-momentum-strategy/,VERIFIED
260,Maxiom PMS – JEWEL Flexi Cap Quality-Growth,https://www.pmsaifworld.com/portfolio/maxiom-pms-jewel-flexi-cap-quality-growth/,VERIFIED
261,Maxiom Wealth’s PMS – SPARK,https://www.pmsaifworld.com/portfolio/maxiom-wealths-pms-spark/,VERIFIED
262,MOAT Moderate Compounders PMS,https://www.pmsaifworld.com/portfolio/moat-moderate-compounders-pms/,VERIFIED
263,BAY India Opportunities Portfolio PMS,https://www.pmsaifworld.com/portfolio/bay-india-opportunities-portfolio/,CORRECTED
264,Bonanza Aegis Strategy PMS,https://www.pmsaifworld.com/portfolio/bonanza-aegis-strategy-pms/,VERIFIED
265,Bonanza Edge Strategy PMS,https://www.pmsaifworld.com/portfolio/bonanza-edge-strategy-pms/,VERIFIED
266,Bonanza Growth Strategy PMS,https://www.pmsaifworld.com/portfolio/bonanza-growth-strategy-pms/,VERIFIED
267,Bonanza Value Strategy PMS,https://www.pmsaifworld.com/portfolio/bonanza-value-strategy-pms/,VERIFIED
268,BugleRock Capital Core Value Investment Approach PMS,https://www.pmsaifworld.com/portfolio/buglerock-capital-core-value-investment-approach-pms/,VERIFIED
269,BugleRock Capital Special Situation Portfolio PMS,https://www.pmsaifworld.com/portfolio/buglerock-capital-special-situation-portfolio-pms/,VERIFIED
270,BugleRock Capital Thematic Opportunities Portfolio PMS,https://www.pmsaifworld.com/portfolio/buglerock-capital-thematic-opportunities-portfolio-pms/,VERIFIED
271,Buoyant Capital Opportunities Multi-Cap Fund – Jigar Mistry,https://www.pmsaifworld.com/portfolio/buoyant-capital-opportunities-multi-cap-fund/,CORRECTED
272,CapGrow – Special Situations Strategy PMS,https://www.pmsaifworld.com/portfolio/capgrow-special-situations-strategy-pms/,VERIFIED
273,Capgrow Capital Growth Strategy PMS,https://www.pmsaifworld.com/portfolio/capgrow-capital/,CORRECTED
274,Capitalmind Long Term Portfolio,https://www.pmsaifworld.com/portfolio/wizemarkets-capitalmind-long-term-portfolio/,CORRECTED
275,Capitalmind Market Fund,https://www.pmsaifworld.com/portfolio/wizemarkets-capitalmind-market-fund/,CORRECTED
276,Capitalmind Momentum Fund,https://www.pmsaifworld.com/portfolio/wizemarkets-capitalmind-momentum-fund/,CORRECTED
277,Care PMS Growth Plus Value,https://www.pmsaifworld.com/portfolio/care-pms-growth-plus-value/,VERIFIED
278,Care Portfolio Managers- Large & Mid cap strategy,https://www.pmsaifworld.com/portfolio/care-portfolio-managers-large-mid-cap-pms/,CORRECTED
279,Carnelian Capital Compounder Strategy,https://www.pmsaifworld.com/portfolio/carnelian-capital-compounder-strategy/,VERIFIED
280,Carnelian Capital Contra Portfolio Strategy,https://www.pmsaifworld.com/portfolio/carnelian-capital-contra-portfolio-strategy/,VERIFIED
281,Carnelian Shift Strategy,https://www.pmsaifworld.com/portfolio/carnelian-shift-strategy/,VERIFIED
282,Carnelian YnG PMS – Carnelian Yield and Growth Strategy PMS,https://www.pmsaifworld.com/portfolio/carnelian-yng-pms-carnelian-yield-and-growth-strategy-pms/,VERIFIED
283,Centrum Built to Last,https://www.pmsaifworld.com/portfolio/centrum-built-to-last/,VERIFIED
284,Centrum Deep Value,https://www.pmsaifworld.com/portfolio/centrum-deep-value/,VERIFIED
285,Centrum Deep Value Multibagger,https://www.pmsaifworld.com/portfolio/centrum-deep-value-multibagger/,VERIFIED
286,Centrum Flexicap,https://www.pmsaifworld.com/portfolio/centrum-wealth-creator/,CORRECTED
287,Centrum Good to Great,https://www.pmsaifworld.com/portfolio/centrum-good-to-great/,VERIFIED
288,Centrum Microcap,https://www.pmsaifworld.com/portfolio/centrum-microcap/,VERIFIED
289,ChrysCapital Clarus,https://www.pmsaifworld.com/portfolio/chryscapital-clarus/,VERIFIED
290,Ckredence Diversified PMS,https://www.pmsaifworld.com/portfolio/ckredence-diversified-pms/,VERIFIED
291,Ckredence Wealth All Weather PMS,https://www.pmsaifworld.com/portfolio/ckredence-all-weather-pms/,CORRECTED
292,Classic Compounders Equity Strategy,https://www.pmsaifworld.com/portfolio/classic-compounders-equity-strategy/,VERIFIED
293,Concept Investwell Dynamic PMS,https://www.pmsaifworld.com/portfolio/concept-investwell-dynamic-pms/,VERIFIED
294,Concept Investwell Legend,https://www.pmsaifworld.com/portfolio/concept-investwell-legend/,VERIFIED
295,Concept Investwell Marvel,https://www.pmsaifworld.com/portfolio/concept-investwell-marvel/,VERIFIED
296,Counter Cyclical Investments Pvt Ltd,https://www.pmsaifworld.com/portfolio/counter-cyclical-investments-pvt-ltd/,VERIFIED
297,Credent Asset Management Growth PMS,https://www.pmsaifworld.com/portfolio/credent-asset-management-growth-pms/,VERIFIED
298,Dalal & Broacha Long Term Growth,https://www.pmsaifworld.com/portfolio/dalal-broacha-long-term-growth/,CORRECTED
299,MOAT Special Opportunities PMS,https://www.pmsaifworld.com/portfolio/moat-special-opportunities-pms/,VERIFIED
300,MOAT UpperCrust Wealth PMS,https://www.pmsaifworld.com/portfolio/moat-uppercrust-wealth-pms/,VERIFIED
301,MOAT – Emerging Moat PMS,https://www.pmsaifworld.com/portfolio/moat-emerging-moat-pms/,VERIFIED
302,MoneyGrow Asset Private Limited,https://www.pmsaifworld.com/partner/moneygrow-asset-private-limited/,CORRECTED
303,MONEYGROW ASSET PRIVATE LIMITED FLEXICAP PMS,https://www.pmsaifworld.com/portfolio/moneygrow-asset-private-limited-flexicap-pms/,VERIFIED
304,MONEYGROW ASSET PRIVATE LIMITED SMALL & MIDCAP PMS,https://www.pmsaifworld.com/portfolio/moneygrow-asset-private-limited-small-midcap-pms/,CORRECTED
305,Moneylife MAS Growth,https://www.pmsaifworld.com/portfolio/moneylife-mas-growth/,VERIFIED
306,Moneylife MAS Primo,https://www.pmsaifworld.com/portfolio/moneylife-mas-prime/,CORRECTED
307,Morningstar Investment Advisors Active Aggressive Plus Portfolio,https://www.pmsaifworld.com/portfolio/morningstar-investment-advisors-active-aggressive-plus-pms/,CORRECTED
308,Morningstar Investment Advisors Active Aggressive Portfolio,https://www.pmsaifworld.com/portfolio/morningstar-investment-advisors-active-aggressive-portfolio/,VERIFIED
309,Morningstar Investment Advisors Active Balanced Portfolio,https://www.pmsaifworld.com/portfolio/morningstar-investment-advisors-active-balanced-portfolio/,VERIFIED
310,Morningstar Investment Advisors Active Growth Portfolio,https://www.pmsaifworld.com/portfolio/morningstar-investment-advisors-active-growth-portfolio/,VERIFIED
311,MOTILAL OSWAL Business Opportunities Portfolio (BOP PMS),https://www.pmsaifworld.com/portfolio/motilal-oswal-bop/,CORRECTED
312,MOTILAL OSWAL Focused Midcap Strategy PMS,https://www.pmsaifworld.com/portfolio/motilal-oswal-focused-midcap-strategy-pms/,VERIFIED
313,MOTILAL OSWAL India Opportunity Portfolio (IOP) PMS,https://www.pmsaifworld.com/portfolio/motilal-oswal-india-opportunity-iop-pms/,CORRECTED
314,Motilal Oswal India Opportunity Portfolio Strategy – V2 (IOP2 PMS),https://www.pmsaifworld.com/portfolio/motilal-oswal-iop2-pms/,CORRECTED
315,Motilal Oswal Multifactor Equity PMS,https://www.pmsaifworld.com/portfolio/motilal-oswal-multifactor-equity-pms/,VERIFIED
316,MOTILAL OSWAL Next Trillion Dollar Opportunity (NTDOP),https://www.pmsaifworld.com/portfolio/motilal-oswal-ntdop/,CORRECTED
317,Motilal Oswal Value Strategy PMS,https://www.pmsaifworld.com/portfolio/motilal-oswal-value-pms/,CORRECTED
318,MRG Capital Wealth Enhancer PMS,https://www.pmsaifworld.com/portfolio/mrg-capital-wealth-enhancer-pms/,VERIFIED
319,MRG Capital Wealth Maximizer PMS,https://www.pmsaifworld.com/portfolio/mrg-capital-wealth-maximizer-pms/,VERIFIED
320,MRG Capital Wealth Protector PMS,https://www.pmsaifworld.com/portfolio/mrg-capital-wealth-protector-pms/,VERIFIED
321,NAFA Asset Managers Emerging Bluechip,https://www.pmsaifworld.com/portfolio/nafa-asset-managers-emerging-bluechip/,VERIFIED
322,NAFA Asset Managers Small Cap Portfolio,https://www.pmsaifworld.com/portfolio/nafa-asset-managers-small-cap-portfolio/,VERIFIED
323,Narnolia Multicap PMS,https://www.pmsaifworld.com/portfolio/narnolia-india-3t/,CORRECTED
324,Negen Capital Special Situations & Technology Strategy,https://www.pmsaifworld.com/portfolio/negen-capital-special-situations-and-technology-strategy/,VERIFIED
325,Nine Rivers Capital - Aurum Small Cap Opportunities,https://www.pmsaifworld.com/portfolio/nine-rivers-capital-aurum-small-cap-opportunities/,VERIFIED
326,Nine Rivers Capital's Aurum Multiplier PMS,https://www.pmsaifworld.com/portfolio/nine-rivers-capitals-aurum-multiplier-pms/,VERIFIED
327,Nippon India – Absolute Freedom,https://www.pmsaifworld.com/portfolio/nippon-india-absolute-freedom/,VERIFIED
328,Nippon India – Emerging India,https://www.pmsaifworld.com/portfolio/nippon-india-emerging-india/,VERIFIED
329,Nippon India – High Conviction fund,https://www.pmsaifworld.com/portfolio/nippon-india-high-conviction-fund/,VERIFIED
330,Nippon India – The Indian Economic Transformation Portfolio,https://www.pmsaifworld.com/portfolio/nippon-india-the-indian-economic-transformation-pms/,CORRECTED
331,NJ AMPL Bluechip Portfolio,https://www.pmsaifworld.com/portfolio/nj-advisory-bluechip-portfolio/,CORRECTED
332,NJ AMPL Dynamic ETF Allocation Portfolio,https://www.pmsaifworld.com/portfolio/nj-advisory-dynamic-etf-allocation-portfolio/,CORRECTED
333,NJ AMPL Dynamic Stock Allocation Portfolio Aggressive,https://www.pmsaifworld.com/portfolio/nj-ampl-dynamic-stock-allocation-portfolio-aggressive/,VERIFIED
334,NJ AMPL Dynamic Stock Allocation Portfolio Conservative,https://www.pmsaifworld.com/portfolio/nj-asset-management-dynamic-stock-allocation-conservative-pms/,CORRECTED
335,NJ AMPL Freedom ETF Portfolio,https://www.pmsaifworld.com/portfolio/nj-advisory-freedom-etf-portfolio/,CORRECTED
336,NJ AMPL Multicap Portfolio,https://www.pmsaifworld.com/portfolio/nj-pms-multicap-pms/,CORRECTED
337,NJ Balanced Advantage Portfolio,https://www.pmsaifworld.com/portfolio/nj-balanced-advantage-portfolio/,VERIFIED
338,Nuvama Absolute Return Strategy (NARS) PMS,https://www.pmsaifworld.com/portfolio/nuvama-absolute-return-strategy-nars-pms/,CORRECTED
339,Nuvama Equities eXpansion Target (NEXT) PMS,https://www.pmsaifworld.com/portfolio/nuvama-equities-expansion-target-next-pms/,CORRECTED
340,OAKS ABC Equity Portfolio,https://www.pmsaifworld.com/portfolio/oaks-amc-abc-equity-portfolio-pms/,CORRECTED
341,Pace Tresor Flexi,https://www.pmsaifworld.com/portfolio/pace-tresor-flexi/,VERIFIED
342,Pace Tresor Prive,https://www.pmsaifworld.com/portfolio/pace-tresor-prive/,VERIFIED
343,Pace Tresor Prive 1,https://www.pmsaifworld.com/portfolio/pace-tresor-prive-1/,VERIFIED
344,Pace Tresor Secure,https://www.pmsaifworld.com/portfolio/pace-tresor-secure/,VERIFIED
345,Pace Tresor Sustainer,https://www.pmsaifworld.com/portfolio/pace-tresor-sustainer/,VERIFIED
346,Pelican Holdings Pvt Ltd Pe Fund,https://www.pmsaifworld.com/portfolio/pelican-holdings-pvt-ltd-pe-fund/,VERIFIED
347,PGIM India Phoenix PMS,https://www.pmsaifworld.com/portfolio/pgim-india-phoenix-pms/,VERIFIED
348,PGIM India Core PMS,https://www.pmsaifworld.com/portfolio/pgim-india-core-pms/,VERIFIED
349,PGIM India PMS,https://www.pmsaifworld.com/portfolio/pgim-india-pms/,VERIFIED
350,PhillipCapital Emerging PMS,https://www.pmsaifworld.com/portfolio/phillipcapital-emerging-pms/,VERIFIED
351,PhillipCapital PMS,https://www.pmsaifworld.com/portfolio/phillipcapital-pms/,VERIFIED
352,PhillipCapital Signature India Portfolio PMS,https://www.pmsaifworld.com/portfolio/phillipcapital-signature-india-portfolio-pms/,VERIFIED
353,Piper Serica Leader Portfolio,https://www.pmsaifworld.com/portfolio/piper-serica-leader-portfolio/,VERIFIED
354,Prabhudas Lilladher Multi Asset Dynamic Portfolio (Quant based),https://www.pmsaifworld.com/portfolio/prabhudas-lilladher-quant-based-multi-asset-dynamic-portfolio-pms/,CORRECTED
355,Prabhudas Lilladher Multi Strategy,https://www.pmsaifworld.com/portfolio/prabhudas-lilladher-multi-strategy/,VERIFIED
356,Prabhudas Lilladher Rising Star PMS,https://www.pmsaifworld.com/portfolio/prabhudas-lilladher-rising-star-pms/,VERIFIED
357,Prascientcap Investment Advisors LLP High Quality Consistent Comp.,https://www.pmsaifworld.com/portfolio/prescientcap-investment-advisors-llp-high-quality-consistent-comp/,CORRECTED
358,PriceBridge Direct MF,https://www.pmsaifworld.com/portfolio/pricebridge-direct-mf/,VERIFIED
359,PriceBridge Honeycomb,https://www.pmsaifworld.com/portfolio/pricebridge-honeycomb/,VERIFIED
360,PriceBridge Upswing,https://www.pmsaifworld.com/portfolio/pricebridge-upswing/,VERIFIED
361,Dezerv Dynamic Debt Plus Strategy (DDD+) PMS,https://www.pmsaifworld.com/portfolio/dezerv-dynamic-debt-plus-strategy-ddd-pms/,VERIFIED
362,Dezerv’s Equity Revival Strategy (ERS) PMS,https://www.pmsaifworld.com/portfolio/dezervs-equity-revival-strategy-ers-pms/,VERIFIED
363,Dolat Capital Alpha PMS,https://www.pmsaifworld.com/portfolio/dolat-capital-alpha-pms/,VERIFIED
364,Dolat Capital Long Alpha PMS,https://www.pmsaifworld.com/portfolio/dolat-capital-long-alpha-pms/,VERIFIED
365,DRIV DRISHT LLP – FLEXI CAP APPROACH PMS,https://www.pmsaifworld.com/portfolio/driv-drisht-llp-flexi-cap-approach-pms/,VERIFIED
366,East Green Agile Strategy,https://www.pmsaifworld.com/portfolio/east-green-agile-strategy/,VERIFIED
367,East Green Quant Strategy,https://www.pmsaifworld.com/portfolio/east-green-quant-strategy/,VERIFIED
368,Edelweiss Focused Mid & Small Cap Portfolio,https://www.pmsaifworld.com/portfolio/edelweiss-focused-smallcap-portfolio/,CORRECTED
369,EDELWEISS Pure Yield Ideas,https://www.pmsaifworld.com/portfolio/edelweiss-pure-yield-ideas/,VERIFIED
370,EDELWEISS Rubik PMS,https://www.pmsaifworld.com/portfolio/edelweiss-rubik/,CORRECTED
371,Eklavya Capital Long Term Value (LTV) PMS,https://www.pmsaifworld.com/portfolio/eklavya-capital-long-term-value-pms/,VERIFIED
372,Electrum Laureate Portfolio,https://www.pmsaifworld.com/portfolio/electrum-laureate-portfolio/,VERIFIED
373,Emkay 12 Fund,https://www.pmsaifworld.com/portfolio/emkay-12-fund/,VERIFIED
374,Emkay Capital Builder Fund,https://www.pmsaifworld.com/portfolio/emkay-capital-builder-fund/,VERIFIED
375,Emkay ENVI Strategy (Emkay New Vitalised India Strategy),https://www.pmsaifworld.com/portfolio/emkay-envi-strategy/,VERIFIED
376,Emkay GEMS Strategy Focused Midcap Investing | High-Conviction Portfolio | Risk-Adjusted Alpha Generation,https://www.pmsaifworld.com/portfolio/emkay-gems-strategy-focused-midcap-investing-high-conviction-portfolio-risk-adjusted-alpha-generation/,VERIFIED
377,Emkay Pearls PMS Strategy,https://www.pmsaifworld.com/portfolio/emkay-pearls-pms-strategy/,VERIFIED
378,ENAM India Diversified Equity Advantage (EIDEA) PMS,https://www.pmsaifworld.com/portfolio/enam-india-diversified-equity-advantage-pms/,VERIFIED
379,ENAM India Vision Portfolio,https://www.pmsaifworld.com/portfolio/enam-india-vision-portfolio/,VERIFIED
380,Equirus Long Horizon Fund Portfolio,https://www.pmsaifworld.com/portfolio/equirus-capital-long-horizon-fund/,CORRECTED
381,Equitree Capital: Equitree Emerging Opportunities,https://www.pmsaifworld.com/portfolio/equitree-capital-equitree-emerging-opportunities/,VERIFIED
382,Estee Advisors Arbitrage I-Alpha PMS,https://www.pmsaifworld.com/portfolio/estee-advisors-arbitrage-i-alpha-pms/,VERIFIED
383,Estee Advisors Long Only Equities PMS,https://www.pmsaifworld.com/portfolio/estee-advisors-long-only-equities-pms/,VERIFIED
384,First Global India Multi Asset Allocation PMS Portfolio,https://www.pmsaifworld.com/portfolio/first-global-indian-multi-asset-allocation-pms-imaap/,CORRECTED
385,First Global India Super 50 Portfolio – (IS50),https://www.pmsaifworld.com/portfolio/first-global-the-india-super-50-is50/,CORRECTED
386,Fractal Capital Wealth Builder,https://www.pmsaifworld.com/portfolio/fractal-capital-investments-llp-wealth-builder-pms/,CORRECTED
387,Girik Capital Multicap Growth Equity Strategy PMS,https://www.pmsaifworld.com/portfolio/girik-capital-multicap-growth-pms/,CORRECTED