Date,Price,Change %
12-05-2025,"39,419.07",0.59%
12-04-2025,"39,189.27",0.18%
12-03-2025,"39,117.33",-0.18%
12-02-2025,"39,186.92",-0.55%
12-01-2025,"39,403.02",-0.10%
11/28/2025,"39,443.91",-0.05%
11/27/2025,"39,462.93",0.04%
11/26/2025,"39,447.49",1.24%
11/25/2025,"38,965.00",-0.29%
11/24/2025,"39,077.50",-0.42%
11/21/2025,"39,241.00",-0.47%
11/20/2025,"39,427.65",0.54%
11/19/2025,"39,217.69",0.55%
11/18/2025,"39,003.01",-0.40%
11/17/2025,"39,157.99",0.40%
11/14/2025,"39,002.37",0.12%
11/13/2025,"38,955.83",0.01%
11-12-2025,"38,950.78",0.70%
11-11-2025,"38,678.54",0.47%
11-10-2025,"38,497.01",0.34%
11-07-2025,"38,366.88",-0.04%
11-06-2025,"38,381.02",-0.34%
11-04-2025,"38,513.37",-0.64%
11-03-2025,"38,762.65",0.16%
10/31/2025,"38,700.60",-0.60%
10/30/2025,"38,934.92",-0.68%
10/29/2025,"39,199.80",0.45%
10/28/2025,"39,022.73",-0.11%
10/27/2025,"39,067.59",0.73%
10/24/2025,"38,783.54",-0.37%
10/23/2025,"38,928.23",0.09%
10/21/2025,"38,893.95",0.10%
10/20/2025,"38,855.68",0.53%
10/17/2025,"38,652.19",0.50%
10/16/2025,"38,460.73",1.03%
10/15/2025,"38,067.31",0.72%
10/14/2025,"37,795.97",-0.55%
10-10-2025,"38,006.18",0.41%
10-09-2025,"37,850.52",0.54%
10-08-2025,"37,646.65",-0.25%
10-07-2025,"37,740.10",0.12%
10-06-2025,"37,694.02",0.74%
10-03-2025,"37,418.30",0.23%
10-01-2025,"37,331.20",0.92%
09/30/2025,"36,992.70",-0.10%
09/29/2025,"37,028.48",-0.08%
09/26/2025,"37,058.30",-0.95%
09/25/2025,"37,413.25",-0.66%
09/24/2025,"37,662.84",-0.45%
09/23/2025,"37,832.09",-0.13%
09/22/2025,"37,881.41",-0.49%
09/19/2025,"38,068.84",-0.38%
09/18/2025,"38,213.97",0.37%
09/17/2025,"38,073.65",0.36%
09/16/2025,"37,936.66",0.68%
09/15/2025,"37,681.33",-0.18%
09-12-2025,"37,748.61",0.43%
09-11-2025,"37,585.52",0.13%
09-10-2025,"37,536.88",0.42%
09-09-2025,"37,379.78",0.39%
09-08-2025,"37,236.28",0.13%
09-05-2025,"37,188.02",0.03%
09-04-2025,"37,177.94",0.10%
09-03-2025,"37,142.11",0.55%
09-02-2025,"36,938.57",-0.18%
09-01-2025,"37,006.87",0.81%
08/29/2025,"36,709.00",-0.30%
08/28/2025,"36,820.25",-0.85%
08/26/2025,"37,137.57",-1.02%
08/25/2025,"37,521.90",0.39%
08/22/2025,"37,375.09",-0.85%
08/21/2025,"37,696.23",0.14%
08/20/2025,"37,642.41",0.28%
08/19/2025,"37,537.42",0.42%
08/18/2025,"37,379.38",1.00%
08/14/2025,"37,010.27",0.08%
08/13/2025,"36,978.89",0.54%
08-12-2025,"36,780.73",-0.32%
08-11-2025,"36,900.03",0.91%
08-08-2025,"36,566.63",-0.94%
08-07-2025,"36,913.76",0.09%
08-06-2025,"36,880.81",-0.29%
08-05-2025,"36,989.75",-0.30%
08-04-2025,"37,099.55",0.64%
08-01-2025,"36,863.40",-0.80%
07/31/2025,"37,158.88",-0.35%
07/30/2025,"37,288.94",0.14%
07/29/2025,"37,238.03",0.57%
07/28/2025,"37,027.65",-0.62%
07/25/2025,"37,257.14",-0.86%
07/24/2025,"37,578.97",-0.62%
07/23/2025,"37,812.76",0.63%
07/22/2025,"37,574.38",-0.12%
07/21/2025,"37,619.09",0.49%
07/18/2025,"37,435.72",-0.52%
07/17/2025,"37,630.21",-0.40%
07/16/2025,"37,780.94",0.07%
07/15/2025,"37,752.92",0.45%
07/14/2025,"37,582.84",-0.27%
07-11-2025,"37,684.07",-0.81%
07-10-2025,"37,990.41",-0.47%
07-09-2025,"38,169.85",-0.18%
07-08-2025,"38,239.39",0.25%
07-07-2025,"38,145.33",0.01%
07-04-2025,"38,142.94",0.24%
07-03-2025,"38,049.97",-0.19%
07-02-2025,"38,121.99",-0.35%
07-01-2025,"38,254.39",0.10%
06/30/2025,"38,217.32",-0.47%
06/27/2025,"38,398.23",0.50%
06/26/2025,"38,206.88",1.21%
06/25/2025,"37,751.94",0.80%
06/24/2025,"37,452.24",0.29%
06/23/2025,"37,343.91",-0.54%
06/20/2025,"37,546.89",1.29%
06/19/2025,"37,069.02",-0.08%
06/18/2025,"37,097.13",-0.17%
06/17/2025,"37,158.95",-0.37%
06/16/2025,"37,298.12",0.92%
06/13/2025,"36,957.38",-0.68%
06-12-2025,"37,209.11",-1.01%
06-11-2025,"37,587.31",0.15%
06-10-2025,"37,531.76",0.01%
06-09-2025,"37,527.12",0.40%
06-06-2025,"37,377.42",1.02%
06-05-2025,"37,000.49",0.53%
06-04-2025,"36,805.09",0.36%
06-03-2025,"36,674.69",-0.67%
06-02-2025,"36,921.62",-0.14%
05/30/2025,"36,972.50",-0.25%
05/29/2025,"37,066.34",0.33%
05/28/2025,"36,943.42",-0.23%
05/27/2025,"37,029.33",-0.70%
05/26/2025,"37,290.30",0.60%
05/23/2025,"37,069.55",0.99%
05/22/2025,"36,706.44",-0.82%
05/21/2025,"37,010.35",0.52%
05/20/2025,"36,817.14",-1.05%
05/19/2025,"37,207.25",-0.30%
05/16/2025,"37,318.13",-0.11%
05/15/2025,"37,361.05",1.60%
05/14/2025,"36,771.94",0.36%
05/13/2025,"36,639.87",-1.39%
05-12-2025,"37,156.25",3.82%
05-09-2025,"35,789.63",-1.09%
05-08-2025,"36,184.82",-0.58%
05-07-2025,"36,394.46",0.14%
05-06-2025,"36,342.60",-0.33%
05-05-2025,"36,464.10",0.47%
05-02-2025,"36,293.51",0.05%
04/30/2025,"36,274.87",-0.01%
04/29/2025,"36,277.48",0.03%
04/28/2025,"36,266.41",1.22%
04/25/2025,"35,829.16",-0.86%
04/24/2025,"36,138.21",-0.34%
04/23/2025,"36,260.74",0.67%
04/22/2025,"36,019.75",0.17%
04/21/2025,"35,957.62",1.15%
04/17/2025,"35,549.39",1.77%
04/16/2025,"34,931.66",0.47%
04/15/2025,"34,769.71",2.19%
04-11-2025,"34,024.50",1.92%
04-09-2025,"33,384.56",-0.61%
04-08-2025,"33,588.28",1.69%
04-07-2025,"33,030.49",-3.24%
04-04-2025,"34,137.61",-1.49%
04-03-2025,"34,652.84",-0.35%
04-02-2025,"34,775.40",0.72%
04-01-2025,"34,527.01",-1.50%
03/28/2025,"35,054.08",-0.31%
03/27/2025,"35,162.32",0.45%
03/26/2025,"35,005.67",-0.77%
03/25/2025,"35,276.65",0.04%
03/24/2025,"35,261.27",1.32%
03/21/2025,"34,802.30",0.69%
03/20/2025,"34,564.18",1.24%
03/19/2025,"34,142.35",0.32%
03/18/2025,"34,033.06",1.45%
03/17/2025,"33,547.88",0.50%
03/13/2025,"33,381.62",-0.33%
03-12-2025,"33,490.87",-0.12%
03-11-2025,"33,531.68",0.17%
03-10-2025,"33,473.92",-0.41%
03-07-2025,"33,611.30",0.04%
03-06-2025,"33,599.30",0.93%
03-05-2025,"33,290.20",1.15%
03-04-2025,"32,910.63",-0.17%
03-03-2025,"32,965.25",-0.02%
02/28/2025,"32,973.36",-1.86%
02/27/2025,"33,599.79",-0.01%
02/25/2025,"33,603.55",-0.03%
02/24/2025,"33,612.18",-1.06%
02/21/2025,"33,973.61",-0.51%
02/20/2025,"34,148.36",-0.09%
02/19/2025,"34,177.82",-0.05%
02/18/2025,"34,196.32",-0.06%
02/17/2025,"34,217.48",0.13%
02/14/2025,"34,172.38",-0.44%
02/13/2025,"34,324.31",-0.06%
02-12-2025,"34,344.93",-0.06%
02-11-2025,"34,364.39",-1.33%
02-10-2025,"34,825.87",-0.76%
02-07-2025,"35,091.50",-0.15%
02-06-2025,"35,143.08",-0.38%
02-05-2025,"35,277.70",-0.18%
02-04-2025,"35,341.64",1.62%
02-03-2025,"34,778.66",-0.52%
02-01-2025,"34,958.89",-0.11%
01/31/2025,"34,998.01",1.14%
01/30/2025,"34,603.40",0.37%
01/29/2025,"34,474.80",0.91%
01/28/2025,"34,165.22",0.56%
01/27/2025,"33,974.58",-1.14%
01/24/2025,"34,366.04",-0.49%
01/23/2025,"34,534.46",0.22%
01/22/2025,"34,460.03",0.57%
01/21/2025,"34,265.55",-1.37%
01/20/2025,"34,741.89",0.61%
01/17/2025,"34,531.21",-0.37%
01/16/2025,"34,660.67",0.42%
01/15/2025,"34,514.06",0.16%
01/14/2025,"34,458.87",0.39%
01/13/2025,"34,324.87",-1.47%
01-10-2025,"34,838.66",-0.40%
01-09-2025,"34,979.91",-0.69%
01-08-2025,"35,221.43",-0.08%
01-07-2025,"35,249.64",0.39%
01-06-2025,"35,113.04",-1.62%
01-03-2025,"35,690.96",-0.76%
01-02-2025,"35,964.43",1.88%
01-01-2025,"35,301.63",0.41%
12/31/2024,"35,155.77",0.00%
12/30/2024,"35,155.94",-0.71%
12/27/2024,"35,406.50",0.27%
12/26/2024,"35,312.50",0.10%
12/24/2024,"35,278.97",-0.11%
12/23/2024,"35,317.36",0.70%
12/20/2024,"35,070.59",-1.52%
12/19/2024,"35,612.11",-1.02%
12/18/2024,"35,979.58",-0.56%
12/17/2024,"36,183.53",-1.35%
12/16/2024,"36,677.48",-0.40%
12/13/2024,"36,826.27",0.89%
12-12-2024,"36,499.75",-0.38%
12-11-2024,"36,638.14",0.13%
12-10-2024,"36,590.98",-0.04%
12-09-2024,"36,604.29",-0.24%
12-06-2024,"36,691.68",-0.12%
12-05-2024,"36,737.18",0.98%
12-04-2024,"36,378.91",0.04%
12-03-2024,"36,363.63",0.75%
12-02-2024,"36,094.39",0.60%
11/29/2024,"35,878.82",0.91%
11/28/2024,"35,556.27",-1.49%
11/27/2024,"36,092.65",0.33%
11/26/2024,"35,973.11",-0.11%
11/25/2024,"36,013.85",1.32%
11/22/2024,"35,546.01",2.39%
11/21/2024,"34,717.32",-0.72%
11/19/2024,"34,968.00",0.28%
11/18/2024,"34,871.21",-0.34%
11/14/2024,"34,988.48",-0.09%
11/13/2024,"35,020.93",-1.36%
11-12-2024,"35,503.11",-1.07%
11-11-2024,"35,886.42",-0.03%
11-08-2024,"35,896.71",-0.21%
11-07-2024,"35,972.74",-1.16%
11-06-2024,"36,393.85",1.14%
11-05-2024,"35,982.96",0.91%
11-04-2024,"35,659.07",-1.27%
11-01-2024,"36,118.25",0.41%
10/31/2024,"35,971.14",-0.54%
10/30/2024,"36,165.43",-0.51%
10/29/2024,"36,352.63",0.59%
10/28/2024,"36,138.03",0.65%
10/25/2024,"35,902.92",-0.90%
10/24/2024,"36,227.52",-0.15%
10/23/2024,"36,281.10",-0.15%
10/22/2024,"36,335.46",-1.24%
10/21/2024,"36,789.95",-0.29%
10/18/2024,"36,898.25",0.43%
10/17/2024,"36,740.30",-0.89%
10/16/2024,"37,068.99",-0.34%
10/15/2024,"37,196.69",-0.28%
10/14/2024,"37,301.50",0.66%
10-11-2024,"37,058.49",-0.14%
10-10-2024,"37,109.26",0.07%
10-09-2024,"37,084.75",-0.12%
10-08-2024,"37,131.07",0.88%
10-07-2024,"36,808.37",-0.87%
10-04-2024,"37,133.25",-0.93%
10-03-2024,"37,482.84",-2.12%
10-01-2024,"38,294.54",-0.05%
09/30/2024,"38,315.21",-1.41%
09/27/2024,"38,861.64",-0.14%
09/26/2024,"38,916.76",0.81%
09/25/2024,"38,602.21",0.25%
09/24/2024,"38,507.55",0.01%
09/23/2024,"38,505.51",0.57%
09/20/2024,"38,285.67",1.48%
09/19/2024,"37,728.83",0.15%
09/18/2024,"37,672.03",-0.16%
09/17/2024,"37,732.87",0.14%
09/16/2024,"37,681.24",0.11%
09/13/2024,"37,640.80",-0.13%
09-12-2024,"37,688.90",1.89%
09-11-2024,"36,990.52",-0.49%
09-10-2024,"37,172.57",0.42%
09-09-2024,"37,017.15",0.34%
09-06-2024,"36,892.07",-1.17%
09-05-2024,"37,326.99",-0.21%
09-04-2024,"37,406.55",-0.32%
09-03-2024,"37,526.97",0.00%
09-02-2024,"37,525.28",0.17%
08/30/2024,"37,461.73",0.33%
08/29/2024,"37,337.09",0.40%
08/28/2024,"37,189.27",0.14%
08/27/2024,"37,137.91",0.03%
08/26/2024,"37,127.30",0.76%
08/23/2024,"36,849.02",0.06%
08/22/2024,"36,828.50",0.17%
08/21/2024,"36,767.19",0.29%
08/20/2024,"36,661.24",0.51%
08/19/2024,"36,473.95",0.16%
08/16/2024,"36,415.85",1.67%
08/14/2024,"35,817.89",0.02%
08/13/2024,"35,810.83",-0.85%
08-12-2024,"36,119.45",-0.02%
08-09-2024,"36,126.23",1.04%
08-08-2024,"35,753.12",-0.74%
08-07-2024,"36,020.75",1.31%
08-06-2024,"35,554.15",-0.26%
08-05-2024,"35,646.37",-2.67%
08-02-2024,"36,624.49",-1.15%
08-01-2024,"37,049.70",0.24%
07/31/2024,"36,959.48",0.38%
07/30/2024,"36,820.47",0.09%
07/29/2024,"36,786.30",0.00%
07/26/2024,"36,784.48",1.76%
07/25/2024,"36,149.40",-0.03%
07/24/2024,"36,160.36",-0.27%
07/23/2024,"36,257.51",-0.11%
07/22/2024,"36,296.55",-0.09%
07/19/2024,"36,328.60",-1.08%
07/18/2024,"36,723.93",0.76%
07/16/2024,"36,445.79",0.12%
07/15/2024,"36,403.86",0.35%
07-12-2024,"36,278.67",0.77%
07-11-2024,"36,000.25",-0.03%
07-10-2024,"36,012.82",-0.45%
07-09-2024,"36,173.87",0.47%
07-08-2024,"36,004.74",-0.01%
07-05-2024,"36,009.61",0.17%
07-03-2024,"35,947.53",0.67%
07-02-2024,"35,706.77",-0.08%
07-01-2024,"35,733.58",0.55%
06/28/2024,"35,539.16",-0.13%
06/27/2024,"35,585.62",0.74%
06/26/2024,"35,324.11",0.62%
06/25/2024,"35,105.79",0.78%
06/24/2024,"34,834.33",0.16%
06/21/2024,"34,779.90",-0.27%
06/20/2024,"34,873.15",0.25%
06/19/2024,"34,786.58",-0.17%
06/18/2024,"34,847.24",0.39%
06/14/2024,"34,710.67",0.32%
06/13/2024,"34,600.19",0.33%
06-12-2024,"34,487.88",0.25%
06-11-2024,"34,402.00",0.05%
06-10-2024,"34,385.84",-0.13%
06-07-2024,"34,431.61",2.05%
06-06-2024,"33,738.58",0.89%
06-05-2024,"33,441.40",3.36%
06-04-2024,"32,353.50",-5.86%
06-03-2024,"34,369.13",3.25%
05/31/2024,"33,285.90",0.29%
05/30/2024,"33,190.35",-0.95%
05/29/2024,"33,509.23",-0.80%
05/28/2024,"33,780.01",-0.19%
05/27/2024,"33,845.39",-0.11%
05/24/2024,"33,881.75",-0.04%
05/23/2024,"33,895.66",1.64%
05/22/2024,"33,349.84",0.36%
05/21/2024,"33,230.84",0.12%
05/18/2024,"33,190.97",0.16%
05/17/2024,"33,138.02",0.28%
05/16/2024,"33,046.16",0.94%
05/15/2024,"32,736.91",-0.08%
05/14/2024,"32,762.37",0.51%
05/13/2024,"32,594.61",0.22%
05-10-2024,"32,522.55",0.60%
05-09-2024,"32,329.72",-1.55%
05-08-2024,"32,837.65",0.00%
05-07-2024,"32,837.71",-0.61%
05-06-2024,"33,037.73",-0.15%
05-03-2024,"33,086.51",-0.76%
05-02-2024,"33,340.20",0.19%
04/30/2024,"33,276.41",-0.17%
04/26/2024,"33,333.12",0.32%
04/25/2024,"33,225.64",0.75%
04/24/2024,"32,978.37",0.15%
04/23/2024,"32,927.73",0.14%
04/22/2024,"32,881.22",0.86%
04/19/2024,"32,602.42",0.69%
04/18/2024,"32,379.90",-0.69%
04/16/2024,"32,603.74",-0.56%
04/15/2024,"32,787.15",-1.10%
04-12-2024,"33,150.59",-1.03%
04-10-2024,"33,495.65",0.49%
04-09-2024,"33,332.19",-0.10%
04-08-2024,"33,366.87",0.68%
04-05-2024,"33,142.19",0.00%
04-04-2024,"33,143.59",0.36%
04-03-2024,"33,025.82",-0.08%
04-02-2024,"33,053.33",-0.04%
04-01-2024,"33,066.13",0.61%
03/28/2024,"32,867.23",0.92%
03/27/2024,"32,568.01",0.54%
03/26/2024,"32,392.94",-0.42%
03/22/2024,"32,528.43",0.39%
03/21/2024,"32,403.60",0.79%
03/20/2024,"32,149.17",0.10%
03/19/2024,"32,117.30",-1.08%
03/18/2024,"32,468.00",-0.42%
03/16/2024,"32,603.74",0.57%
03/15/2024,"32,420.41",-0.56%
03/14/2024,"32,601.49",0.68%
03/13/2024,"32,382.22",-1.51%
03-12-2024,"32,879.74",0.01%
03-11-2024,"32,875.25",-0.72%
03-07-2024,"33,112.15",0.09%
03-06-2024,"33,083.42",0.53%
03-05-2024,"32,910.07",-0.22%
03-04-2024,"32,982.68",0.12%
03-02-2024,"32,942.63",0.18%
03-01-2024,"32,884.29",1.62%
02/29/2024,"32,360.25",0.14%
02/28/2024,"32,313.70",-1.11%
02/27/2024,"32,677.61",0.34%
02/26/2024,"32,565.29",-0.41%
02/23/2024,"32,698.69",-0.02%
02/22/2024,"32,705.70",0.74%
02/21/2024,"32,466.65",-0.64%
02/20/2024,"32,675.53",0.35%
02/19/2024,"32,561.34",0.37%
02/16/2024,"32,441.32",0.61%
02/15/2024,"32,244.79",0.35%
02/14/2024,"32,133.04",0.45%
02/13/2024,"31,990.61",0.59%
02-12-2024,"31,803.52",-0.76%
02-09-2024,"32,048.38",0.31%
02-08-2024,"31,950.32",-0.91%
02-07-2024,"32,244.22",0.01%
02-06-2024,"32,242.59",0.74%
02-05-2024,"32,007.18",-0.38%
02-02-2024,"32,127.90",0.72%
02-01-2024,"31,898.06",-0.13%
01/31/2024,"31,939.59",0.95%
01/30/2024,"31,640.24",-0.99%
01/29/2024,"31,957.05",1.80%
01/25/2024,"31,391.07",-0.47%
01/24/2024,"31,540.07",1.01%
01/23/2024,"31,223.30",-1.54%
01/20/2024,"31,712.86",-0.23%
01/19/2024,"31,787.24",0.79%
01/18/2024,"31,538.40",-0.51%
01/17/2024,"31,699.64",-2.09%
01/16/2024,"32,376.10",-0.29%
01/15/2024,"32,471.80",0.93%
01-12-2024,"32,173.66",1.14%
01-11-2024,"31,810.18",0.13%
01-10-2024,"31,768.30",0.34%
01-09-2024,"31,659.81",0.15%
01-08-2024,"31,613.01",-0.91%
01-05-2024,"31,903.69",0.24%
01-04-2024,"31,826.97",0.66%
01-03-2024,"31,619.36",-0.69%
01-02-2024,"31,837.56",-0.35%
01-01-2024,"31,949.36",0.05%
12/29/2023,"31,933.93",-0.22%
12/28/2023,"32,003.47",0.57%
12/27/2023,"31,821.31",1.00%
12/26/2023,"31,507.69",0.43%
12/22/2023,"31,372.60",0.44%
12/21/2023,"31,233.93",0.50%
12/20/2023,"31,079.76",-1.41%
12/19/2023,"31,525.00",0.16%
12/18/2023,"31,474.35",-0.18%
12/15/2023,"31,530.19",1.29%
12/14/2023,"31,127.60",1.22%
12/13/2023,"30,750.95",0.10%
12-12-2023,"30,721.59",-0.43%
12-11-2023,"30,854.90",0.13%
12-08-2023,"30,814.15",0.33%
12-07-2023,"30,713.86",-0.17%
12-06-2023,"30,767.60",0.40%
12-05-2023,"30,646.19",0.81%
12-04-2023,"30,398.91",2.07%
12-01-2023,"29,783.34",0.67%
11/30/2023,"29,585.36",0.18%
11/29/2023,"29,531.63",1.04%
11/28/2023,"29,227.61",0.48%
11/24/2023,"29,087.95",-0.04%
11/23/2023,"29,098.74",-0.05%
11/22/2023,"29,113.18",0.14%
11/21/2023,"29,071.36",0.45%
11/20/2023,"28,939.98",-0.19%
11/17/2023,"28,995.52",-0.17%
11/16/2023,"29,044.66",0.48%
11/15/2023,"28,906.70",1.19%
11/13/2023,"28,565.95",-0.42%
11-12-2023,"28,686.47",0.52%
11-10-2023,"28,539.24",0.15%
11-09-2023,"28,495.08",-0.25%
11-08-2023,"28,565.86",0.19%
11-07-2023,"28,511.81",-0.03%
11-06-2023,"28,519.25",0.94%
11-03-2023,"28,253.09",0.52%
11-02-2023,"28,105.75",0.79%
11-01-2023,"27,886.24",-0.47%
10/31/2023,"28,017.36",-0.32%
10/30/2023,"28,107.42",0.49%
10/27/2023,"27,969.92",1.01%
10/26/2023,"27,690.29",-1.39%
10/25/2023,"28,079.26",-0.75%
10/23/2023,"28,291.96",-1.34%
10/20/2023,"28,674.78",-0.40%
10/19/2023,"28,790.88",-0.23%
10/18/2023,"28,855.87",-0.71%
10/17/2023,"29,061.80",0.40%
10/16/2023,"28,944.87",-0.10%
10/13/2023,"28,973.14",-0.22%
10-12-2023,"29,036.17",-0.09%
10-11-2023,"29,061.61",0.62%
10-10-2023,"28,883.35",0.91%
10-09-2023,"28,622.98",-0.72%
10-06-2023,"28,830.08",0.55%
10-05-2023,"28,671.97",0.56%
10-04-2023,"28,511.13",-0.47%
10-03-2023,"28,647.04",-0.56%
09/29/2023,"28,807.77",0.59%
09/28/2023,"28,639.44",-0.98%
09/27/2023,"28,922.43",0.26%
09/26/2023,"28,846.47",-0.05%
09/25/2023,"28,860.90",0.00%
09/22/2023,"28,860.46",-0.34%
09/21/2023,"28,960.36",-0.80%
09/20/2023,"29,193.69",-1.15%
09/18/2023,"29,533.91",-0.29%
09/15/2023,"29,620.53",0.44%
09/14/2023,"29,489.61",0.16%
09/13/2023,"29,441.04",0.38%
09-12-2023,"29,328.37",-0.02%
09-11-2023,"29,333.00",0.89%
09-08-2023,"29,074.22",0.47%
09-07-2023,"28,937.96",0.59%
09-06-2023,"28,767.78",0.18%
09-05-2023,"28,714.78",0.24%
09-04-2023,"28,647.16",0.48%
09-01-2023,"28,509.94",0.94%
08/31/2023,"28,243.74",-0.48%
08/30/2023,"28,381.13",0.03%
08/29/2023,"28,374.03",0.19%
08/28/2023,"28,320.40",0.21%
08/25/2023,"28,261.32",-0.62%
08/24/2023,"28,438.68",-0.29%
08/23/2023,"28,522.76",0.25%
08/22/2023,"28,453.01",0.01%
08/21/2023,"28,448.83",0.47%
08/18/2023,"28,316.31",-0.27%
08/17/2023,"28,393.16",-0.51%
08/16/2023,"28,539.38",0.16%
08/14/2023,"28,494.78",0.04%
08-11-2023,"28,482.45",-0.55%
08-10-2023,"28,638.92",-0.46%
08-09-2023,"28,769.97",0.38%
08-08-2023,"28,661.08",-0.13%
08-07-2023,"28,699.80",0.41%
08-04-2023,"28,582.25",0.70%
08-03-2023,"28,383.28",-0.72%
08-02-2023,"28,589.81",-1.01%
08-01-2023,"28,880.78",-0.10%
07/31/2023,"28,910.43",0.55%
07/28/2023,"28,752.69",-0.06%
07/27/2023,"28,769.02",-0.59%
07/26/2023,"28,939.30",0.50%
07/25/2023,"28,796.35",0.04%
07/24/2023,"28,784.26",-0.37%
07/21/2023,"28,890.53",-1.17%
07/20/2023,"29,231.71",0.76%
07/19/2023,"29,011.55",0.42%
07/18/2023,"28,888.85",0.19%
07/17/2023,"28,833.54",0.75%
07/14/2023,"28,618.60",0.79%
07/13/2023,"28,393.32",0.16%
07-12-2023,"28,348.88",-0.28%
07-11-2023,"28,429.42",0.44%
07-10-2023,"28,304.66",0.12%
07-07-2023,"28,269.43",-0.85%
07-06-2023,"28,510.39",0.51%
07-05-2023,"28,365.96",0.05%
07-04-2023,"28,352.01",0.34%
07-03-2023,"28,254.90",0.70%
06/30/2023,"28,059.65",1.15%
06/28/2023,"27,739.64",0.82%
06/27/2023,"27,513.45",0.68%
06/26/2023,"27,328.91",0.14%
06/23/2023,"27,291.39",-0.56%
06/22/2023,"27,445.97",-0.45%
06/21/2023,"27,571.14",0.21%
06/20/2023,"27,512.41",0.33%
06/19/2023,"27,422.87",-0.35%
06/16/2023,"27,519.44",0.74%
06/15/2023,"27,317.25",-0.33%
06/14/2023,"27,408.12",0.21%
06/13/2023,"27,350.09",0.62%
06-12-2023,"27,182.55",0.21%
06-09-2023,"27,126.86",-0.37%
06-08-2023,"27,227.59",-0.49%
06-07-2023,"27,361.85",0.68%
06-06-2023,"27,175.70",0.03%
06-05-2023,"27,168.13",0.32%
06-02-2023,"27,080.87",0.34%
06-01-2023,"26,989.35",-0.25%
05/31/2023,"27,057.44",-0.48%
05/30/2023,"27,188.18",0.19%
05/29/2023,"27,136.82",0.54%
05/26/2023,"26,991.87",0.97%
05/25/2023,"26,731.86",0.20%
05/24/2023,"26,679.72",-0.34%
05/23/2023,"26,771.10",0.18%
05/22/2023,"26,722.03",0.61%
05/19/2023,"26,560.10",0.41%
05/18/2023,"26,451.26",-0.28%
05/17/2023,"26,526.82",-0.57%
05/16/2023,"26,679.67",-0.41%
05/15/2023,"26,789.02",0.46%
05-12-2023,"26,666.67",0.10%
05-11-2023,"26,640.77",-0.10%
05-10-2023,"26,667.11",0.27%
05-09-2023,"26,595.52",0.01%
05-08-2023,"26,593.29",1.08%
05-05-2023,"26,308.78",-1.02%
05-04-2023,"26,580.77",0.92%
05-03-2023,"26,339.14",-0.32%
05-02-2023,"26,423.30",0.46%
04/28/2023,"26,302.92",0.86%
04/27/2023,"26,078.38",0.57%
04/26/2023,"25,930.70",0.25%
04/25/2023,"25,866.09",0.15%
04/24/2023,"25,828.46",0.68%
04/21/2023,"25,654.78",0.00%
04/20/2023,"25,654.16",0.03%
04/19/2023,"25,645.82",-0.23%
04/18/2023,"25,706.09",-0.26%
04/17/2023,"25,774.07",-0.68%
04/13/2023,"25,950.39",0.10%
04-12-2023,"25,924.89",0.51%
04-11-2023,"25,793.77",0.56%
04-10-2023,"25,650.73",0.14%
04-06-2023,"25,614.55",0.24%
04-05-2023,"25,553.28",0.91%
04-03-2023,"25,321.85",0.22%
03/31/2023,"25,266.06",1.63%
03/29/2023,"24,859.93",0.76%
03/28/2023,"24,672.17",-0.20%
03/27/2023,"24,721.71",0.24%
03/24/2023,"24,662.53",-0.77%
03/23/2023,"24,854.39",-0.44%
03/22/2023,"24,963.55",0.26%
03/21/2023,"24,898.97",0.70%
03/20/2023,"24,725.60",-0.65%
03/17/2023,"24,888.10",0.67%
03/16/2023,"24,721.52",0.08%
03/15/2023,"24,701.60",-0.42%
03/14/2023,"24,805.11",-0.65%
03/13/2023,"24,966.68",-1.49%
03-10-2023,"25,343.09",-1.00%
03-09-2023,"25,600.24",-0.93%
03-08-2023,"25,840.12",0.24%
03-06-2023,"25,777.60",0.67%
03-03-2023,"25,607.14",1.57%
03-02-2023,"25,210.65",-0.74%
03-01-2023,"25,398.40",0.85%
02/28/2023,"25,184.47",-0.51%
02/27/2023,"25,313.70",-0.42%
02/24/2023,"25,420.07",-0.26%
02/23/2023,"25,485.97",-0.25%
02/22/2023,"25,548.67",-1.53%
02/21/2023,"25,945.08",-0.10%
02/20/2023,"25,971.19",-0.55%
02/17/2023,"26,116.12",-0.51%
02/16/2023,"26,249.52",0.11%
02/15/2023,"26,220.43",0.55%
02/14/2023,"26,077.93",0.89%
02/13/2023,"25,846.70",-0.48%
02-10-2023,"25,971.23",-0.21%
02-09-2023,"26,024.94",0.12%
02-08-2023,"25,993.34",0.86%
02-07-2023,"25,772.19",-0.24%
02-06-2023,"25,834.87",-0.50%
02-03-2023,"25,965.00",1.38%
02-02-2023,"25,610.65",-0.03%
02-01-2023,"25,619.24",-0.26%
01/31/2023,"25,685.94",0.07%
01/30/2023,"25,666.69",0.25%
01/27/2023,"25,601.88",-1.61%
01/25/2023,"26,020.13",-1.25%
01/24/2023,"26,349.28",0.00%
01/23/2023,"26,349.14",0.50%
01/20/2023,"26,216.94",-0.44%
01/19/2023,"26,333.57",-0.30%
01/18/2023,"26,413.71",0.62%
01/17/2023,"26,250.81",0.89%
01/16/2023,"26,020.39",-0.34%
01/13/2023,"26,110.20",0.55%
01-12-2023,"25,967.07",-0.21%
01-11-2023,"26,021.60",-0.10%
01-10-2023,"26,048.47",-1.03%
01-09-2023,"26,320.41",1.35%
01-06-2023,"25,968.95",-0.74%
01-05-2023,"26,161.85",-0.28%
01-04-2023,"26,235.73",-1.04%
01-03-2023,"26,511.45",0.19%
01-02-2023,"26,460.41",0.51%
12/30/2022,"26,326.37",-0.47%
12/29/2022,"26,451.02",0.38%
12/28/2022,"26,351.40",-0.05%
12/27/2022,"26,365.65",0.65%
12/26/2022,"26,194.52",1.17%
12/23/2022,"25,892.35",-1.77%
12/22/2022,"26,358.44",-0.39%
12/21/2022,"26,462.77",-1.01%
12/20/2022,"26,733.51",-0.19%
12/19/2022,"26,784.68",0.83%
12/16/2022,"26,564.46",-0.79%
12/15/2022,"26,776.56",-1.32%
12/14/2022,"27,133.40",0.28%
12/13/2022,"27,057.35",0.60%
12-12-2022,"26,896.21",0.00%
12-09-2022,"26,895.35",-0.61%
12-08-2022,"27,059.31",0.26%
12-07-2022,"26,988.31",-0.44%
12-06-2022,"27,107.87",-0.31%
12-05-2022,"27,192.64",0.03%
12-02-2022,"27,185.44",-0.62%
12-01-2022,"27,354.74",0.29%
11/30/2022,"27,276.01",0.75%
11/29/2022,"27,071.98",0.30%
11/28/2022,"26,991.60",0.27%
11/25/2022,"26,918.89",0.15%
11/24/2022,"26,877.24",1.19%
11/23/2022,"26,561.89",0.13%
11/22/2022,"26,528.40",0.46%
11/21/2022,"26,405.90",-0.81%
11/18/2022,"26,620.61",-0.20%
11/17/2022,"26,673.32",-0.36%
11/16/2022,"26,768.95",0.03%
11/15/2022,"26,759.85",0.40%
11/14/2022,"26,651.93",-0.11%
11-11-2022,"26,681.76",1.78%
11-10-2022,"26,214.31",-0.71%
11-09-2022,"26,401.58",-0.24%
11-07-2022,"26,464.44",0.47%
11-04-2022,"26,339.90",0.36%
11-03-2022,"26,246.23",-0.17%
11-02-2022,"26,290.01",-0.34%
11-01-2022,"26,380.97",0.76%
10/31/2022,"26,182.36",1.28%
10/28/2022,"25,852.72",0.28%
10/27/2022,"25,780.23",0.53%
10/25/2022,"25,643.34",-0.42%
10/24/2022,"25,751.45",0.88%
10/21/2022,"25,527.09",0.07%
10/20/2022,"25,509.14",0.30%
10/19/2022,"25,434.10",0.16%
10/18/2022,"25,393.89",1.01%
10/17/2022,"25,139.55",0.74%
10/14/2022,"24,953.75",1.01%
10/13/2022,"24,704.95",-0.64%
10-12-2022,"24,863.58",0.82%
10-11-2022,"24,660.20",-1.49%
10-10-2022,"25,034.02",-0.43%
10-07-2022,"25,140.99",-0.10%
10-06-2022,"25,165.85",0.33%
10-04-2022,"25,082.39",2.29%
10-03-2022,"24,520.52",-1.21%
09/30/2022,"24,821.08",1.64%
09/29/2022,"24,419.98",-0.24%
09/28/2022,"24,478.82",-0.87%
09/27/2022,"24,694.83",-0.05%
09/26/2022,"24,707.77",-1.80%
09/23/2022,"25,159.42",-1.72%
09/22/2022,"25,598.60",-0.50%
09/21/2022,"25,727.13",-0.55%
09/20/2022,"25,869.27",1.10%
09/19/2022,"25,587.63",0.52%
09/16/2022,"25,454.93",-1.94%
09/15/2022,"25,958.06",-0.70%
09/14/2022,"26,141.52",-0.37%
09/13/2022,"26,237.81",0.75%
09-12-2022,"26,043.69",0.58%
09-09-2022,"25,894.12",0.19%
09-08-2022,"25,843.86",0.99%
09-07-2022,"25,590.73",-0.18%
09-06-2022,"25,636.01",-0.06%
09-05-2022,"25,650.83",0.72%
09-02-2022,"25,467.41",-0.02%
09-01-2022,"25,472.24",-1.22%
08/30/2022,"25,786.59",2.58%
08/29/2022,"25,138.40",-1.40%
08/26/2022,"25,495.64",0.21%
08/25/2022,"25,442.67",-0.47%
08/24/2022,"25,562.51",0.16%
08/23/2022,"25,522.62",0.50%
08/22/2022,"25,396.57",-1.51%
08/19/2022,"25,785.40",-1.08%
08/18/2022,"26,067.35",0.12%
08/17/2022,"26,035.87",0.67%
08/16/2022,"25,863.24",0.72%
08-12-2022,"25,678.83",0.23%
08-11-2022,"25,621.06",0.74%
08-10-2022,"25,431.92",0.07%
08-08-2022,"25,413.25",0.78%
08-05-2022,"25,215.93",0.09%
08-04-2022,"25,193.41",-0.04%
08-03-2022,"25,202.38",0.26%
08-02-2022,"25,137.82",0.04%
08-01-2022,"25,128.57",1.07%
07/29/2022,"24,862.70",1.35%
07/28/2022,"24,531.38",1.73%
07/27/2022,"24,114.41",0.97%
07/26/2022,"23,882.26",-0.88%
07/25/2022,"24,095.46",-0.53%
07/22/2022,"24,223.56",0.69%
07/21/2022,"24,058.17",0.57%
07/20/2022,"23,920.88",1.10%
07/19/2022,"23,659.85",0.40%
07/18/2022,"23,566.52",1.43%
07/15/2022,"23,234.52",0.69%
07/14/2022,"23,074.52",-0.14%
07/13/2022,"23,107.47",-0.57%
07-12-2022,"23,239.90",-0.97%
07-11-2022,"23,468.14",-0.02%
07-08-2022,"23,473.61",0.55%
07-07-2022,"23,345.61",0.90%
07-06-2022,"23,137.70",1.13%
07-05-2022,"22,878.72",-0.15%
07-04-2022,"22,914.20",0.55%
07-01-2022,"22,788.18",-0.18%
06/30/2022,"22,828.93",-0.08%
06/29/2022,"22,848.35",-0.32%
06/28/2022,"22,922.24",0.11%
06/27/2022,"22,896.02",0.85%
06/24/2022,"22,703.95",0.92%
06/23/2022,"22,497.71",0.93%
06/22/2022,"22,290.46",-1.44%
06/21/2022,"22,616.52",1.88%
06/20/2022,"22,199.11",0.38%
06/17/2022,"22,114.97",-0.44%
06/16/2022,"22,211.98",-2.11%
06/15/2022,"22,691.46",-0.17%
06/14/2022,"22,729.97",-0.27%
06/13/2022,"22,791.12",-2.64%
06-10-2022,"23,408.59",-1.68%
06-09-2022,"23,807.84",0.76%
06-08-2022,"23,628.32",-0.37%
06-07-2022,"23,715.10",-0.92%
06-06-2022,"23,936.44",-0.09%
06-03-2022,"23,957.71",-0.26%
06-02-2022,"24,020.89",0.64%
06-01-2022,"23,868.85",-0.37%
05/31/2022,"23,958.10",-0.30%
05/30/2022,"24,031.25",1.89%
05/27/2022,"23,585.61",1.13%
05/26/2022,"23,322.66",0.98%
05/25/2022,"23,096.63",-0.55%
05/24/2022,"23,223.25",-0.55%
05/23/2022,"23,352.22",-0.32%
05/20/2022,"23,426.36",2.89%
05/19/2022,"22,768.49",-2.65%
05/18/2022,"23,389.07",-0.12%
05/17/2022,"23,416.46",2.63%
05/16/2022,"22,815.88",0.38%
05/13/2022,"22,729.28",-0.16%
05-12-2022,"22,766.52",-2.13%
05-11-2022,"23,260.85",-0.45%
05-10-2022,"23,365.81",-0.38%
05-09-2022,"23,454.71",-0.67%
05-06-2022,"23,612.16",-1.63%
05-05-2022,"24,002.58",0.03%
05-04-2022,"23,995.35",-2.29%
05-02-2022,"24,558.61",-0.20%
04/29/2022,"24,606.78",-0.83%
04/28/2022,"24,811.78",1.24%
04/27/2022,"24,508.30",-0.94%
04/26/2022,"24,741.88",1.46%
04/25/2022,"24,386.78",-1.27%
04/22/2022,"24,700.36",-1.27%
04/21/2022,"25,017.73",1.50%
04/20/2022,"24,648.40",1.05%
04/19/2022,"24,392.54",-1.25%
04/18/2022,"24,701.75",-1.73%
04/13/2022,"25,136.13",-0.31%
04-12-2022,"25,214.76",-0.82%
04-11-2022,"25,422.81",-0.62%
04-08-2022,"25,580.15",0.82%
04-07-2022,"25,371.88",-0.94%
04-06-2022,"25,613.71",-0.83%
04-05-2022,"25,829.11",-0.52%
04-04-2022,"25,964.72",2.17%
04-01-2022,"25,413.94",1.18%
03/31/2022,"25,118.14",-0.19%
03/30/2022,"25,166.31",1.00%
03/29/2022,"24,917.57",0.60%
03/28/2022,"24,768.69",0.40%
03/25/2022,"24,669.45",-0.40%
03/24/2022,"24,769.75",-0.13%
03/23/2022,"24,802.74",-0.40%
03/22/2022,"24,903.14",1.16%
03/21/2022,"24,618.52",-0.98%
03/17/2022,"24,862.27",1.84%
03/16/2022,"24,414.00",1.87%
03/15/2022,"23,964.72",-1.23%
03/14/2022,"24,264.29",1.45%
03-11-2022,"23,917.96",0.21%
03-10-2022,"23,866.77",1.53%
03-09-2022,"23,507.87",2.07%
03-08-2022,"23,030.56",0.95%
03-07-2022,"22,814.41",-2.35%
03-04-2022,"23,364.07",-1.53%
03-03-2022,"23,727.54",-0.65%
03-02-2022,"23,882.72",-1.12%
02/28/2022,"24,153.01",0.81%
02/25/2022,"23,958.10",2.53%
02/24/2022,"23,367.85",-4.78%
02/23/2022,"24,540.41",-0.17%
02/22/2022,"24,582.05",-0.66%
02/21/2022,"24,746.59",-0.37%
02/18/2022,"24,838.68",-0.16%
02/17/2022,"24,879.32",-0.10%
02/16/2022,"24,904.67",-0.15%
02/15/2022,"24,941.93",3.03%
02/14/2022,"24,209.38",-3.00%
02-11-2022,"24,958.45",-1.31%
02-10-2022,"25,290.42",0.82%
02-09-2022,"25,084.60",1.16%
02-08-2022,"24,795.76",0.31%
02-07-2022,"24,719.45",-1.73%
02-04-2022,"25,154.14",-0.25%
02-03-2022,"25,217.20",-1.21%
02-02-2022,"25,526.55",1.16%
02-01-2022,"25,234.89",1.37%
01/31/2022,"24,894.62",1.39%
01/28/2022,"24,553.04",-0.05%
01/27/2022,"24,564.81",-0.97%
01/25/2022,"24,805.75",0.75%
01/24/2022,"24,620.72",-2.66%
01/21/2022,"25,292.72",-0.79%
01/20/2022,"25,492.99",-1.00%
01/19/2022,"25,749.81",-0.96%
01/18/2022,"25,998.14",-1.07%
01/17/2022,"26,278.07",0.29%
01/14/2022,"26,202.97",-0.01%
01/13/2022,"26,205.87",0.25%
01-12-2022,"26,140.68",0.87%
01-11-2022,"25,915.89",0.29%
01-10-2022,"25,840.62",1.07%
01-07-2022,"25,567.06",0.38%
01-06-2022,"25,471.18",-1.00%
01-05-2022,"25,728.58",0.67%
01-04-2022,"25,556.34",1.02%
01-03-2022,"25,298.63",1.57%
12/31/2021,"24,908.71",0.87%
12/30/2021,"24,693.25",-0.06%
12/29/2021,"24,707.10",-0.11%
12/28/2021,"24,735.32",0.86%
12/27/2021,"24,524.36",0.49%
12/24/2021,"24,405.96",-0.40%
12/23/2021,"24,504.75",0.69%
12/22/2021,"24,336.62",1.13%
12/21/2021,"24,063.78",0.94%
12/20/2021,"23,839.01",-2.18%
12/17/2021,"24,371.37",-1.53%
12/16/2021,"24,749.01",0.16%
12/15/2021,"24,710.30",-0.60%
12/14/2021,"24,858.79",-0.25%
12/13/2021,"24,921.02",-0.82%
12-10-2021,"25,126.24",-0.03%
12-09-2021,"25,134.23",0.27%
12-08-2021,"25,066.62",1.71%
12-07-2021,"24,646.18",1.56%
12-06-2021,"24,266.71",-1.65%
12-03-2021,"24,674.83",-1.18%
12-02-2021,"24,968.91",1.37%
12-01-2021,"24,632.06",1.08%
11/30/2021,"24,368.53",-0.41%
11/29/2021,"24,469.99",0.16%
11/26/2021,"24,430.53",-2.91%
11/25/2021,"25,162.07",0.70%
11/24/2021,"24,988.18",-0.50%
11/23/2021,"25,114.82",0.50%
11/22/2021,"24,990.27",-1.93%
11/18/2021,"25,483.23",-0.75%
11/17/2021,"25,675.20",-0.56%
11/16/2021,"25,819.49",-0.61%
11/15/2021,"25,977.61",0.04%
11-12-2021,"25,968.02",1.28%
11-11-2021,"25,639.32",-0.77%
11-10-2021,"25,839.47",-0.15%
11-09-2021,"25,878.28",-0.13%
11-08-2021,"25,913.09",1.34%
11-03-2021,"25,569.86",-0.33%
11-02-2021,"25,655.51",-0.22%
11-01-2021,"25,710.80",1.46%
10/29/2021,"25,340.83",-1.04%
10/28/2021,"25,606.99",-1.94%
10/27/2021,"26,113.62",-0.31%
10/26/2021,"26,196.05",0.88%
10/25/2021,"25,967.04",0.06%
10/22/2021,"25,952.01",-0.35%
10/21/2021,"26,042.59",-0.47%
10/20/2021,"26,165.78",-0.83%
10/19/2021,"26,383.71",-0.32%
10/18/2021,"26,467.21",0.76%
10/14/2021,"26,268.83",0.98%
10/13/2021,"26,013.19",0.94%
10-12-2021,"25,770.01",0.26%
10-11-2021,"25,704.10",0.28%
10-08-2021,"25,631.38",0.59%
10-07-2021,"25,481.26",0.82%
10-06-2021,"25,274.48",-0.99%
10-05-2021,"25,526.98",0.74%
10-04-2021,"25,339.32",0.91%
10-01-2021,"25,111.25",-0.49%
09/30/2021,"25,234.57",-0.53%
09/29/2021,"25,367.99",-0.21%
09/28/2021,"25,421.46",-0.60%
09/27/2021,"25,573.99",0.01%
09/24/2021,"25,571.24",0.17%
09/23/2021,"25,527.92",1.57%
09/22/2021,"25,132.15",-0.09%
09/21/2021,"25,154.16",0.95%
09/20/2021,"24,917.72",-1.07%
09/17/2021,"25,187.34",-0.25%
09/16/2021,"25,250.87",0.63%
09/15/2021,"25,093.22",0.80%
09/14/2021,"24,893.51",0.14%
09/13/2021,"24,858.12",-0.08%
09-09-2021,"24,878.09",0.09%
09-08-2021,"24,855.50",-0.01%
09-07-2021,"24,857.27",-0.09%
09-06-2021,"24,879.79",0.31%
09-03-2021,"24,802.17",0.52%
09-02-2021,"24,674.11",0.93%
09-01-2021,"24,445.62",-0.33%
08/31/2021,"24,525.71",1.19%
08/30/2021,"24,237.80",1.35%
08/27/2021,"23,914.48",0.41%
08/26/2021,"23,816.68",0.01%
08/25/2021,"23,813.43",0.06%
08/24/2021,"23,799.10",0.78%
08/23/2021,"23,615.61",0.28%
08/20/2021,"23,549.09",-0.71%
08/18/2021,"23,718.57",-0.28%
08/17/2021,"23,784.05",0.32%
08/16/2021,"23,708.38",0.21%
08/13/2021,"23,659.78",1.01%
08-12-2021,"23,424.04",0.52%
08-11-2021,"23,303.89",0.02%
08-10-2021,"23,300.36",0.13%
08-09-2021,"23,269.12",0.13%
08-06-2021,"23,238.83",-0.35%
08-05-2021,"23,319.53",0.23%
08-04-2021,"23,265.07",0.79%
08-03-2021,"23,081.86",1.55%
08-02-2021,"22,730.42",0.78%
07/30/2021,"22,554.26",-0.10%
07/29/2021,"22,576.34",0.46%
07/28/2021,"22,472.95",-0.20%
07/27/2021,"22,518.80",-0.48%
07/26/2021,"22,628.19",-0.20%
07/23/2021,"22,673.35",0.23%
07/22/2021,"22,621.45",1.24%
07/20/2021,"22,344.81",-0.76%
07/19/2021,"22,516.71",-1.07%
07/16/2021,"22,761.20",-0.01%
07/15/2021,"22,762.34",0.47%
07/14/2021,"22,656.78",0.27%
07/13/2021,"22,595.49",0.76%
07-12-2021,"22,424.39",0.02%
07-09-2021,"22,420.36",-0.24%
07-08-2021,"22,473.81",-0.93%
07-07-2021,"22,683.66",0.39%
07-06-2021,"22,595.93",-0.10%
07-05-2021,"22,618.97",0.72%
07-02-2021,"22,456.66",0.27%
07-01-2021,"22,396.40",-0.26%
06/30/2021,"22,455.70",-0.17%
06/29/2021,"22,493.60",-0.38%
06/28/2021,"22,578.86",-0.29%
06/25/2021,"22,644.06",0.44%
06/24/2021,"22,544.26",0.67%
06/23/2021,"22,395.25",-0.54%
06/22/2021,"22,517.74",0.17%
06/21/2021,"22,480.30",0.40%
06/18/2021,"22,390.11",-0.05%
06/17/2021,"22,401.65",-0.45%
06/16/2021,"22,503.90",-0.64%
06/15/2021,"22,649.05",0.36%
06/14/2021,"22,567.11",0.10%
06-11-2021,"22,544.26",0.42%
06-10-2021,"22,448.94",0.74%
06-09-2021,"22,283.52",-0.67%
06-08-2021,"22,432.77",-0.07%
06-07-2021,"22,449.24",0.52%
06-04-2021,"22,333.23",-0.13%
06-03-2021,"22,361.86",0.76%
06-02-2021,"22,194.18",0.01%
06-01-2021,"22,192.25",-0.05%
05/31/2021,"22,203.59",1.10%
05/28/2021,"21,962.31",0.64%
05/27/2021,"21,823.14",0.24%
05/26/2021,"21,771.35",0.61%
05/25/2021,"21,639.04",0.10%
05/24/2021,"21,617.03",0.15%
05/21/2021,"21,585.18",1.81%
05/20/2021,"21,202.21",-0.83%
05/19/2021,"21,378.71",-0.52%
05/18/2021,"21,489.56",1.24%
05/17/2021,"21,226.53",1.67%
05/14/2021,"20,877.56",-0.13%
05-12-2021,"20,904.13",-1.04%
05-11-2021,"21,123.53",-0.61%
05-10-2021,"21,253.80",0.80%
05-07-2021,"21,084.26",0.67%
05-06-2021,"20,944.41",0.73%
05-05-2021,"20,792.24",0.84%
05-04-2021,"20,619.62",-0.94%
05-03-2021,"20,815.43",0.02%
04/30/2021,"20,811.13",-1.77%
04/29/2021,"21,186.30",0.24%
04/28/2021,"21,136.41",1.44%
04/27/2021,"20,835.67",1.16%
04/26/2021,"20,596.72",1.00%
04/23/2021,"20,392.44",-0.45%
04/22/2021,"20,484.63",0.77%
04/20/2021,"20,328.55",-0.44%
04/19/2021,"20,418.16",-1.77%
04/16/2021,"20,785.61",0.25%
04/15/2021,"20,733.88",0.53%
04/13/2021,"20,624.86",1.36%
04-12-2021,"20,348.99",-3.53%
04-09-2021,"21,094.17",-0.26%
04-08-2021,"21,149.59",0.38%
04-07-2021,"21,069.32",0.92%
04-06-2021,"20,876.57",0.31%
04-05-2021,"20,811.61",-1.54%
04-01-2021,"21,137.69",1.20%
03/31/2021,"20,886.52",-1.04%
03/30/2021,"21,106.06",2.33%
03/26/2021,"20,625.79",1.27%
03/25/2021,"20,366.42",-1.54%
03/24/2021,"20,684.27",-1.79%
03/23/2021,"21,061.52",0.54%
03/22/2021,"20,947.65",-0.04%
03/19/2021,"20,956.87",1.28%
03/18/2021,"20,692.34",-1.11%
03/17/2021,"20,924.61",-1.27%
03/16/2021,"21,193.46",-0.13%
03/15/2021,"21,220.59",-0.66%
03-12-2021,"21,361.29",-0.95%
03-10-2021,"21,565.72",0.51%
03-09-2021,"21,457.17",0.95%
03-08-2021,"21,255.06",0.14%
03-05-2021,"21,225.94",-0.95%
03-04-2021,"21,428.63",-1.08%
03-03-2021,"21,662.92",2.19%
03-02-2021,"21,198.93",1.07%
03-01-2021,"20,975.08",1.60%
02/26/2021,"20,644.88",-3.76%
02/25/2021,"21,452.24",0.77%
02/24/2021,"21,288.35",1.86%
02/23/2021,"20,898.75",0.22%
02/22/2021,"20,853.12",-1.98%
02/19/2021,"21,273.28",-0.91%
02/18/2021,"21,468.11",-0.59%
02/17/2021,"21,595.82",-0.65%
02/16/2021,"21,737.90",-0.01%
02/15/2021,"21,739.69",1.01%
02-12-2021,"21,521.82",-0.07%
02-11-2021,"21,536.00",0.46%
02-10-2021,"21,436.44",-0.02%
02-09-2021,"21,440.42",-0.03%
02-08-2021,"21,447.64",1.28%
02-05-2021,"21,175.89",0.19%
02-04-2021,"21,135.31",0.71%
02-03-2021,"20,985.32",0.97%
02-02-2021,"20,783.69",2.57%
02-01-2021,"20,263.44",4.74%
01/29/2021,"19,346.03",-1.32%
01/28/2021,"19,605.59",-1.07%
01/27/2021,"19,818.34",-1.90%
01/25/2021,"20,201.90",-0.93%
01/22/2021,"20,390.57",-1.49%
01/21/2021,"20,700.02",-0.36%
01/20/2021,"20,775.67",0.85%
01/19/2021,"20,600.41",1.68%
01/18/2021,"20,260.18",-1.06%
01/15/2021,"20,476.38",-1.11%
01/14/2021,"20,706.07",0.22%
01/13/2021,"20,660.35",0.01%
01-12-2021,"20,658.34",0.54%
01-11-2021,"20,546.74",0.96%
01-08-2021,"20,351.67",1.48%
01-07-2021,"20,053.97",-0.06%
01-06-2021,"20,066.56",-0.38%
01-05-2021,"20,142.13",0.47%
01-04-2021,"20,047.61",0.82%
01-01-2021,"19,885.36",0.26%
12/31/2020,"19,833.19",0.00%
12/30/2020,"19,833.53",0.35%
12/29/2020,"19,763.51",0.43%
12/28/2020,"19,679.24",0.90%
12/24/2020,"19,503.40",1.09%
12/23/2020,"19,293.26",1.00%
12/22/2020,"19,102.06",1.03%
12/21/2020,"18,906.45",-3.14%
12/18/2020,"19,519.42",0.14%
12/17/2020,"19,491.30",0.45%
12/16/2020,"19,404.80",0.85%
12/15/2020,"19,241.90",0.07%
12/14/2020,"19,228.16",0.33%
12-11-2020,"19,165.33",0.26%
12-10-2020,"19,114.96",-0.38%
12-09-2020,"19,186.95",1.02%
12-08-2020,"18,993.86",0.28%
12-07-2020,"18,941.15",0.73%
12-04-2020,"18,803.27",0.95%
12-03-2020,"18,626.53",0.15%
12-02-2020,"18,597.90",0.04%
12-01-2020,"18,591.25",1.08%
11/27/2020,"18,392.54",-0.14%
11/26/2020,"18,418.16",1.00%
11/25/2020,"18,235.76",-1.51%
11/24/2020,"18,514.82",1.00%
11/23/2020,"18,332.33",0.52%
11/20/2020,"18,236.68",0.68%
11/19/2020,"18,112.83",-1.29%
11/18/2020,"18,349.02",0.50%
11/17/2020,"18,258.23",1.21%
11/13/2020,"18,039.44",0.23%
11-12-2020,"17,998.11",-0.46%
11-11-2020,"18,080.84",0.93%
11-10-2020,"17,913.40",1.36%
11-09-2020,"17,672.25",1.61%
11-06-2020,"17,392.14",1.18%
11-05-2020,"17,189.03",1.78%
11-04-2020,"16,888.65",0.85%
11-03-2020,"16,746.75",1.24%
11-02-2020,"16,542.08",0.23%
10/30/2020,"16,504.16",-0.24%
10/29/2020,"16,544.45",-0.47%
10/28/2020,"16,623.13",-1.32%
10/27/2020,"16,844.96",1.03%
10/26/2020,"16,672.62",-1.36%
10/23/2020,"16,902.96",0.37%
10/22/2020,"16,840.52",-0.34%
10/21/2020,"16,897.43",0.34%
10/20/2020,"16,839.60",0.20%
10/19/2020,"16,805.97",0.94%
10/16/2020,"16,649.46",0.70%
10/15/2020,"16,533.24",-2.43%
10/14/2020,"16,944.73",0.33%
10/13/2020,"16,888.87",0.03%
10-12-2020,"16,883.84",0.14%
10-09-2020,"16,860.11",0.67%
10-08-2020,"16,747.48",0.82%
10-07-2020,"16,611.96",0.66%
10-06-2020,"16,503.77",1.38%
10-05-2020,"16,278.72",0.76%
10-01-2020,"16,156.44",1.51%
09/30/2020,"15,916.72",0.22%
09/29/2020,"15,881.16",-0.05%
09/28/2020,"15,888.44",1.60%
09/25/2020,"15,637.53",2.26%
09/24/2020,"15,291.25",-2.93%
09/23/2020,"15,752.97",-0.20%
09/22/2020,"15,783.87",-0.86%
09/21/2020,"15,920.99",-2.21%
09/18/2020,"16,281.00",-0.10%
09/17/2020,"16,296.78",-0.76%
09/16/2020,"16,421.95",0.72%
09/15/2020,"16,304.84",0.71%
09/14/2020,"16,189.14",-0.21%
09-11-2020,"16,222.92",0.13%
09-10-2020,"16,201.44",1.52%
09-09-2020,"15,958.99",-0.35%
09-08-2020,"16,014.67",-0.33%
09-07-2020,"16,068.06",0.19%
09-04-2020,"16,038.07",-1.68%
09-03-2020,"16,311.99",-0.06%
09-02-2020,"16,322.17",0.59%
09-01-2020,"16,227.14",0.73%
08/31/2020,"16,110.07",-2.23%
08/28/2020,"16,478.01",0.76%
08/27/2020,"16,353.08",0.08%
08/26/2020,"16,339.41",0.70%
08/25/2020,"16,226.20",0.05%
08/24/2020,"16,218.02",0.83%
08/21/2020,"16,083.84",0.52%
08/20/2020,"15,999.86",-0.84%
08/19/2020,"16,135.89",0.21%
08/18/2020,"16,101.86",1.23%
08/17/2020,"15,906.29",0.61%
08/14/2020,"15,809.17",-1.08%
08/13/2020,"15,981.73",-0.03%
08-12-2020,"15,986.03",-0.12%
08-11-2020,"16,005.99",0.46%
08-10-2020,"15,931.97",0.50%
08-07-2020,"15,852.65",0.12%
08-06-2020,"15,833.02",0.91%
08-05-2020,"15,689.69",0.08%
08-04-2020,"15,676.74",1.87%
08-03-2020,"15,388.98",-1.64%
07/31/2020,"15,645.34",-0.26%
07/30/2020,"15,685.92",-0.87%
07/29/2020,"15,824.19",-0.86%
07/28/2020,"15,961.70",1.52%
07/27/2020,"15,723.39",-0.56%
07/24/2020,"15,811.40",-0.19%
07/23/2020,"15,841.48",0.76%
07/22/2020,"15,722.51",-0.27%
07/21/2020,"15,764.41",1.27%
07/20/2020,"15,566.56",1.10%
07/17/2020,"15,396.44",1.51%
07/16/2020,"15,167.99",1.16%
07/15/2020,"14,993.52",0.10%
07/14/2020,"14,978.23",-1.81%
07/13/2020,"15,254.09",0.33%
07-10-2020,"15,204.13",-0.42%
07-09-2020,"15,268.19",1.09%
07-08-2020,"15,104.09",-0.87%
07-07-2020,"15,236.58",0.33%
07-06-2020,"15,185.78",1.48%
07-03-2020,"14,964.59",0.53%
07-02-2020,"14,886.06",1.21%
07-01-2020,"14,707.64",1.24%
06/30/2020,"14,527.18",-0.10%
06/29/2020,"14,541.76",-0.68%
06/26/2020,"14,641.26",0.91%
06/25/2020,"14,508.61",-0.16%
06/24/2020,"14,531.72",-1.58%
06/23/2020,"14,765.36",1.55%
06/22/2020,"14,540.07",0.65%
06/19/2020,"14,445.87",1.54%
06/18/2020,"14,227.14",2.13%
06/17/2020,"13,930.35",-0.33%
06/16/2020,"13,976.63",1.02%
06/15/2020,"13,835.27",-1.60%
06-12-2020,"14,059.69",0.72%
06-11-2020,"13,959.73",-2.11%
06-10-2020,"14,260.91",0.69%
06-09-2020,"14,162.90",-1.19%
06-08-2020,"14,333.20",0.25%
06-05-2020,"14,297.55",1.13%
06-04-2020,"14,138.19",-0.32%
06-03-2020,"14,183.95",0.84%
06-02-2020,"14,065.56",1.56%
06-01-2020,"13,850.00",2.57%
05/29/2020,"13,503.45",1.04%
05/28/2020,"13,364.65",1.88%
05/27/2020,"13,117.99",3.17%
05/26/2020,"12,715.39",-0.11%
05/22/2020,"12,729.74",-0.74%
05/21/2020,"12,824.12",0.44%
05/20/2020,"12,768.20",2.11%
05/19/2020,"12,504.22",0.63%
05/18/2020,"12,425.57",-3.43%
05/15/2020,"12,867.16",-0.06%
05/14/2020,"12,875.51",-2.57%
05/13/2020,"13,214.58",2.03%
05-12-2020,"12,951.29",-0.46%
05-11-2020,"13,011.35",-0.13%
05-08-2020,"13,028.62",0.57%
05-07-2020,"12,954.81",-0.77%
05-06-2020,"13,055.99",0.71%
05-05-2020,"12,963.99",-0.94%
05-04-2020,"13,086.63",-5.74%
04/30/2020,"13,884.18",3.21%
04/29/2020,"13,452.51",1.85%
04/28/2020,"13,208.29",1.06%
04/27/2020,"13,069.49",1.40%
04/24/2020,"12,889.39",-1.71%
04/23/2020,"13,113.97",1.38%
04/22/2020,"12,935.73",2.29%
04/21/2020,"12,645.91",-3.03%
04/20/2020,"13,040.65",-0.05%
04/17/2020,"13,047.57",3.05%
04/16/2020,"12,661.83",0.76%
04/15/2020,"12,566.85",-0.76%
04/13/2020,"12,663.31",-1.30%
04-09-2020,"12,829.57",4.15%
04-08-2020,"12,318.25",-0.49%
04-07-2020,"12,379.42",8.76%
04-03-2020,"11,382.02",-2.06%
04-01-2020,"11,621.35",-4.00%
03/31/2020,"12,105.66",3.82%
03/30/2020,"11,659.76",-4.38%
03/27/2020,"12,193.62",0.22%
03/26/2020,"12,167.15",3.90%
03/25/2020,"11,710.71",6.62%
03/24/2020,"10,983.15",2.55%
03/23/2020,"10,710.41",-12.91%
03/20/2020,"12,298.74",5.83%
03/19/2020,"11,620.92",-2.38%
03/18/2020,"11,904.02",-5.56%
03/17/2020,"12,604.41",-2.50%
03/16/2020,"12,928.18",-7.57%
03/13/2020,"13,987.31",3.81%
03-12-2020,"13,474.38",-8.30%
03-11-2020,"14,694.31",0.07%
03-09-2020,"14,684.56",-4.90%
03-06-2020,"15,440.48",-2.48%
03-05-2020,"15,833.21",0.18%
03-04-2020,"15,805.53",-0.46%
03-03-2020,"15,878.98",1.58%
03-02-2020,"15,632.14",-0.60%
02/28/2020,"15,726.92",-3.71%
02/27/2020,"16,332.81",-0.39%
02/26/2020,"16,396.23",-1.01%
02/25/2020,"16,563.91",-0.27%
02/24/2020,"16,608.12",-2.08%
02/20/2020,"16,961.16",-0.37%
02/19/2020,"17,024.41",1.11%
02/18/2020,"16,837.08",-0.44%
02/17/2020,"16,911.92",-0.54%
02/14/2020,"17,002.89",-0.50%
02/13/2020,"17,088.84",-0.22%
02-12-2020,"17,126.07",0.77%
02-11-2020,"16,995.10",0.64%
02-10-2020,"16,887.86",-0.55%
02-07-2020,"16,981.75",-0.33%
02-06-2020,"17,037.28",0.40%
02-05-2020,"16,968.83",0.91%
02-04-2020,"16,815.12",2.32%
02-03-2020,"16,433.65",0.39%
02-01-2020,"16,369.00",-2.51%
01/31/2020,"16,790.45",-0.61%
01/30/2020,"16,893.91",-0.77%
01/29/2020,"17,025.46",0.61%
01/28/2020,"16,922.01",-0.52%
01/27/2020,"17,010.70",-1.06%
01/24/2020,"17,192.15",0.56%
01/23/2020,"17,095.61",0.62%
01/22/2020,"16,990.68",-0.52%
01/21/2020,"17,079.07",-0.45%
01/20/2020,"17,155.83",-1.03%
01/17/2020,"17,335.20",-0.03%
01/16/2020,"17,339.57",0.10%
01/15/2020,"17,322.50",-0.15%
01/14/2020,"17,349.12",0.27%
01/13/2020,"17,303.20",0.59%
01-10-2020,"17,201.08",0.33%
01-09-2020,"17,143.65",1.58%
01-08-2020,"16,876.24",-0.23%
01-07-2020,"16,915.03",0.50%
01-06-2020,"16,830.93",-1.91%
01-03-2020,"17,158.75",-0.45%
01-02-2020,"17,236.70",0.82%
01-01-2020,"17,096.83",0.12%
12/31/2019,"17,077.06",-0.71%
12/30/2019,"17,199.73",0.08%
12/27/2019,"17,185.66",0.98%
12/26/2019,"17,018.26",-0.72%
12/24/2019,"17,141.80",-0.39%
12/23/2019,"17,209.40",-0.07%
12/20/2019,"17,222.14",0.10%
12/19/2019,"17,205.12",0.32%
12/18/2019,"17,150.93",0.47%
12/17/2019,"17,071.49",0.92%
12/16/2019,"16,915.65",-0.27%
12/13/2019,"16,961.56",0.96%
12-12-2019,"16,800.36",0.52%
12-11-2019,"16,713.79",0.45%
12-10-2019,"16,638.94",-0.67%
12-09-2019,"16,751.53",0.13%
12-06-2019,"16,729.08",-0.81%
12-05-2019,"16,865.04",-0.21%
12-04-2019,"16,899.88",0.41%
12-03-2019,"16,831.11",-0.45%
12-02-2019,"16,906.88",-0.07%
11/29/2019,"16,917.89",-0.78%
11/28/2019,"17,051.31",0.42%
11/27/2019,"16,980.54",0.52%
11/26/2019,"16,892.15",-0.30%
11/25/2019,"16,942.70",1.34%
11/22/2019,"16,719.11",-0.45%
11/21/2019,"16,794.86",-0.26%
11/20/2019,"16,837.96",0.49%
11/19/2019,"16,755.15",0.47%
11/18/2019,"16,677.14",-0.09%
11/15/2019,"16,692.52",0.20%
11/14/2019,"16,659.78",0.27%
11/13/2019,"16,615.37",-0.61%
11-11-2019,"16,717.75",0.04%
11-08-2019,"16,710.37",-0.86%
11-07-2019,"16,856.17",0.38%
11-06-2019,"16,791.61",0.41%
11-05-2019,"16,723.06",-0.20%
11-04-2019,"16,756.87",0.43%
11-01-2019,"16,685.73",0.11%
10/31/2019,"16,667.29",0.28%
10/30/2019,"16,620.07",0.49%
10/29/2019,"16,539.23",1.37%
10/27/2019,"16,315.17",0.37%
10/25/2019,"16,254.45",0.01%
10/24/2019,"16,252.63",-0.19%
10/23/2019,"16,282.84",0.21%
10/22/2019,"16,248.11",-0.63%
10/18/2019,"16,351.16",0.65%
10/17/2019,"16,245.31",1.17%
10/16/2019,"16,057.85",0.31%
10/15/2019,"16,007.83",0.77%
10/14/2019,"15,885.74",0.32%
10-11-2019,"15,835.17",0.63%
10-10-2019,"15,736.44",-0.70%
10-09-2019,"15,846.77",1.68%
10-07-2019,"15,584.94",-0.43%
10-04-2019,"15,652.70",-1.23%
10-03-2019,"15,847.70",-0.40%
10-01-2019,"15,912.03",-1.00%
09/30/2019,"16,072.50",-0.33%
09/27/2019,"16,125.65",-0.51%
09/26/2019,"16,207.96",1.14%
09/25/2019,"16,024.49",-1.28%
09/24/2019,"16,231.83",-0.10%
09/23/2019,"16,248.62",2.89%
09/20/2019,"15,791.99",5.32%
09/19/2019,"14,994.39",-1.25%
09/18/2019,"15,184.69",0.21%
09/17/2019,"15,152.39",-1.69%
09/16/2019,"15,412.83",-0.65%
09/13/2019,"15,514.20",0.85%
09-12-2019,"15,383.82",-0.48%
09-11-2019,"15,457.90",0.30%
09-09-2019,"15,412.14",0.52%
09-06-2019,"15,332.57",0.91%
09-05-2019,"15,194.86",0.03%
09-04-2019,"15,190.30",0.43%
09-03-2019,"15,124.80",-2.04%
08/30/2019,"15,440.47",0.68%
08/29/2019,"15,335.45",-0.89%
08/28/2019,"15,472.44",-0.53%
08/27/2019,"15,555.44",0.43%
08/26/2019,"15,488.96",2.11%
08/23/2019,"15,168.88",0.82%
08/22/2019,"15,045.62",-1.60%
08/21/2019,"15,290.85",-0.87%
08/20/2019,"15,425.45",-0.33%
08/19/2019,"15,476.07",0.07%
08/16/2019,"15,464.58",0.17%
08/14/2019,"15,438.86",0.98%
08/13/2019,"15,289.35",-1.63%
08-09-2019,"15,542.72",0.70%
08-08-2019,"15,434.73",1.65%
08-07-2019,"15,184.34",-0.85%
08-06-2019,"15,314.03",0.79%
08-05-2019,"15,194.27",-1.23%
08-02-2019,"15,382.73",0.21%
08-01-2019,"15,350.83",-1.21%
07/31/2019,"15,539.43",0.30%
07/30/2019,"15,493.33",-0.93%
07/29/2019,"15,638.42",-0.84%
07/26/2019,"15,770.63",0.29%
07/25/2019,"15,725.60",-0.15%
07/24/2019,"15,749.37",-0.48%
07/23/2019,"15,824.55",-0.13%
07/22/2019,"15,845.74",-0.63%
07/19/2019,"15,945.55",-1.47%
07/18/2019,"16,183.16",-0.76%
07/17/2019,"16,306.82",0.21%
07/16/2019,"16,272.08",0.66%
07/15/2019,"16,165.28",0.32%
07-12-2019,"16,113.75",-0.26%
07-11-2019,"16,155.78",0.75%
07-10-2019,"16,035.44",-0.49%
07-09-2019,"16,114.46",-0.02%
07-08-2019,"16,118.27",-2.13%
07-05-2019,"16,468.99",-1.13%
07-04-2019,"16,658.04",0.28%
07-03-2019,"16,612.16",0.05%
07-02-2019,"16,603.17",0.38%
07-01-2019,"16,540.88",0.65%
06/28/2019,"16,433.85",-0.45%
06/27/2019,"16,507.34",-0.05%
06/26/2019,"16,515.68",0.43%
06/25/2019,"16,444.46",0.83%
06/24/2019,"16,309.52",-0.21%
06/21/2019,"16,343.59",-0.91%
06/20/2019,"16,493.65",1.29%
06/19/2019,"16,283.94",0.00%
06/18/2019,"16,283.98",0.17%
06/17/2019,"16,257.06",-1.28%
06/14/2019,"16,467.55",-0.76%
06/13/2019,"16,593.97",0.16%
06-12-2019,"16,568.09",-0.50%
06-11-2019,"16,650.75",0.36%
06-10-2019,"16,590.99",0.44%
06-07-2019,"16,518.62",0.23%
06-06-2019,"16,481.14",-1.48%
06-04-2019,"16,728.74",-0.51%
06-03-2019,"16,815.25",1.40%
05/31/2019,"16,583.46",-0.19%
05/30/2019,"16,615.59",0.72%
05/29/2019,"16,497.62",-0.57%
05/28/2019,"16,591.70",0.04%
05/27/2019,"16,585.13",0.68%
05/24/2019,"16,472.95",1.60%
05/23/2019,"16,212.78",-0.69%
05/22/2019,"16,325.28",0.35%
05/21/2019,"16,268.26",-1.01%
05/20/2019,"16,433.77",3.69%
05/17/2019,"15,848.71",1.33%
05/16/2019,"15,640.22",0.90%
05/15/2019,"15,500.82",-0.58%
05/14/2019,"15,591.19",0.66%
05/13/2019,"15,488.60",-1.16%
05-10-2019,"15,670.18",-0.20%
05-09-2019,"15,701.95",-0.51%
05-08-2019,"15,782.09",-1.20%
05-07-2019,"15,974.41",-0.84%
05-06-2019,"16,110.44",-0.97%
05-03-2019,"16,268.79",-0.11%
05-02-2019,"16,286.18",-0.20%
04/30/2019,"16,318.66",-0.06%
04/26/2019,"16,327.70",0.97%
04/25/2019,"16,170.98",-0.72%
04/24/2019,"16,288.16",1.30%
04/23/2019,"16,079.51",-0.16%
04/22/2019,"16,105.19",-1.35%
04/18/2019,"16,325.13",-0.29%
04/16/2019,"16,372.86",0.83%
04/15/2019,"16,238.41",0.40%
04-12-2019,"16,173.27",0.40%
04-11-2019,"16,108.32",0.11%
04-10-2019,"16,091.08",-0.75%
04-09-2019,"16,212.81",0.58%
04-08-2019,"16,119.14",-0.53%
04-05-2019,"16,204.48",0.59%
04-04-2019,"16,110.09",-0.39%
04-03-2019,"16,173.92",-0.59%
04-02-2019,"16,270.13",0.38%
04-01-2019,"16,208.94",0.39%
03/29/2019,"16,146.11",0.47%
03/28/2019,"16,071.26",1.09%
03/27/2019,"15,897.65",-0.32%
03/26/2019,"15,949.46",1.14%
03/25/2019,"15,770.26",-0.90%
03/22/2019,"15,912.88",-0.54%
03/20/2019,"15,998.51",-0.10%
03/19/2019,"16,014.33",0.61%
03/18/2019,"15,916.80",0.31%
03/15/2019,"15,867.74",0.75%
03/14/2019,"15,749.67",0.04%
03/13/2019,"15,742.86",0.37%
03-12-2019,"15,685.41",1.19%
03-11-2019,"15,500.61",1.20%
03-08-2019,"15,316.51",-0.21%
03-07-2019,"15,348.14",0.05%
03-06-2019,"15,340.93",0.60%
03-05-2019,"15,249.97",1.14%
03-01-2019,"15,077.91",0.66%
02/28/2019,"14,979.39",-0.09%
02/27/2019,"14,993.45",-0.26%
02/26/2019,"15,033.15",-0.41%
02/25/2019,"15,095.33",0.82%
02/22/2019,"14,972.58",0.02%
02/21/2019,"14,970.12",0.53%
02/20/2019,"14,891.60",1.24%
02/19/2019,"14,709.75",-0.34%
02/18/2019,"14,760.48",-0.78%
02/15/2019,"14,876.27",-0.20%
02/14/2019,"14,906.26",-0.43%
02/13/2019,"14,970.62",-0.35%
02-12-2019,"15,023.02",-0.51%
02-11-2019,"15,100.61",-0.48%
02-08-2019,"15,173.02",-1.14%
02-07-2019,"15,347.41",0.06%
02-06-2019,"15,337.80",1.20%
02-05-2019,"15,155.99",0.20%
02-04-2019,"15,125.02",0.17%
02-01-2019,"15,099.21",0.58%
01/31/2019,"15,012.34",1.68%
01/30/2019,"14,764.02",0.00%
01/29/2019,"14,764.59",-0.08%
01/28/2019,"14,777.11",-1.10%
01/25/2019,"14,942.09",-0.64%
01/24/2019,"15,038.07",0.20%
01/23/2019,"15,007.40",-0.84%
01/22/2019,"15,133.83",-0.36%
01/21/2019,"15,188.00",0.50%
01/18/2019,"15,111.95",0.02%
01/17/2019,"15,109.54",0.15%
01/16/2019,"15,087.41",0.03%
01/15/2019,"15,082.59",1.39%
01/14/2019,"14,875.92",-0.53%
01-11-2019,"14,955.33",-0.25%
01-10-2019,"14,992.23",-0.31%
01-09-2019,"15,038.74",0.49%
01-08-2019,"14,965.34",0.28%
01-07-2019,"14,923.27",0.41%
01-04-2019,"14,861.69",0.52%
01-03-2019,"14,785.38",-1.11%
01-02-2019,"14,951.96",-1.08%
01-01-2019,"15,114.90",0.44%
12/31/2018,"15,048.98",0.02%
12/28/2018,"15,045.34",0.77%
12/27/2018,"14,930.18",0.47%
12/26/2018,"14,860.97",0.62%
12/24/2018,"14,769.13",-0.84%
12/21/2018,"14,894.42",-1.77%
12/20/2018,"15,163.14",-0.14%
12/19/2018,"15,184.78",0.54%
12/18/2018,"15,103.63",0.19%
12/17/2018,"15,075.46",0.77%
12/14/2018,"14,960.64",0.13%
12/13/2018,"14,941.40",0.50%
12-12-2018,"14,866.71",1.79%
12-11-2018,"14,605.79",0.58%
12-10-2018,"14,521.73",-1.92%
12-07-2018,"14,805.93",0.87%
12-06-2018,"14,677.79",-1.69%
12-05-2018,"14,929.43",-0.80%
12-04-2018,"15,049.32",-0.13%
12-03-2018,"15,069.07",0.06%
11/30/2018,"15,059.37",0.17%
11/29/2018,"15,034.36",1.21%
11/28/2018,"14,854.61",0.40%
11/27/2018,"14,794.70",0.54%
11/26/2018,"14,715.81",0.97%
11/22/2018,"14,574.82",-0.69%
11/21/2018,"14,676.29",-0.53%
11/20/2018,"14,754.03",-1.00%
11/19/2018,"14,902.44",0.76%
11/16/2018,"14,790.05",0.62%
11/15/2018,"14,699.33",0.38%
11/14/2018,"14,643.42",-0.06%
11/13/2018,"14,651.98",0.96%
11-12-2018,"14,513.12",-0.97%
11-09-2018,"14,655.69",-0.12%
11-07-2018,"14,673.98",0.65%
11-06-2018,"14,579.28",0.06%
11-05-2018,"14,570.98",-0.27%
11-02-2018,"14,609.96",1.66%
11-01-2018,"14,371.10",-0.04%
10/31/2018,"14,377.38",1.85%
10/30/2018,"14,116.91",-0.51%
10/29/2018,"14,189.11",2.21%
10/26/2018,"13,882.95",-0.94%
10/25/2018,"14,014.33",-0.89%
10/24/2018,"14,139.75",0.77%
10/23/2018,"14,031.96",-0.95%
10/22/2018,"14,166.64",-0.57%
10/19/2018,"14,247.22",-1.43%
10/17/2018,"14,453.94",-1.24%
10/16/2018,"14,636.10",0.69%
10/15/2018,"14,536.17",0.38%
10-12-2018,"14,480.86",2.32%
10-11-2018,"14,152.00",-2.16%
10-10-2018,"14,463.71",1.54%
10-09-2018,"14,243.79",-0.45%
10-08-2018,"14,308.79",0.31%
10-05-2018,"14,265.08",-2.67%
10-04-2018,"14,656.09",-2.39%
10-03-2018,"15,014.23",-1.36%
10-01-2018,"15,221.75",0.71%
09/28/2018,"15,114.08",-0.43%
09/27/2018,"15,179.24",-0.69%
09/26/2018,"15,284.67",-0.12%
09/25/2018,"15,303.55",0.91%
09/24/2018,"15,165.18",-1.58%
09/21/2018,"15,408.16",-0.81%
09/19/2018,"15,534.28",-0.39%
09/18/2018,"15,594.57",-0.87%
09/17/2018,"15,731.26",-1.19%
09/14/2018,"15,920.48",1.28%
09-12-2018,"15,719.62",0.73%
09-11-2018,"15,605.11",-1.32%
09-10-2018,"15,813.26",-1.29%
09-07-2018,"16,019.84",0.45%
09-06-2018,"15,947.67",0.54%
09-05-2018,"15,862.15",-0.38%
09-04-2018,"15,922.09",-0.54%
09-03-2018,"16,007.84",-0.84%
08/31/2018,"16,143.51",0.05%
08/30/2018,"16,135.61",-0.13%
08/29/2018,"16,156.02",-0.40%
08/28/2018,"16,220.45",0.40%
08/27/2018,"16,156.09",1.17%
08/24/2018,"15,969.80",-0.20%
08/23/2018,"16,001.85",0.10%
08/21/2018,"15,985.48",0.17%
08/20/2018,"15,959.04",0.72%
08/17/2018,"15,845.64",0.75%
08/16/2018,"15,727.25",-0.44%
08/14/2018,"15,796.36",0.77%
08/13/2018,"15,676.23",-0.63%
08-10-2018,"15,776.32",-0.36%
08-09-2018,"15,833.23",0.19%
08-08-2018,"15,803.64",0.53%
08-07-2018,"15,720.05",0.02%
08-06-2018,"15,716.78",0.23%
08-03-2018,"15,680.51",1.03%
08-02-2018,"15,520.25",-0.88%
08-01-2018,"15,658.27",-0.09%
07/31/2018,"15,672.47",0.33%
07/30/2018,"15,621.47",0.37%
07/27/2018,"15,564.19",0.99%
07/26/2018,"15,410.93",0.34%
07/25/2018,"15,358.72",-0.02%
07/24/2018,"15,361.88",0.45%
07/23/2018,"15,293.50",0.68%
07/20/2018,"15,190.13",0.48%
07/19/2018,"15,116.83",-0.12%
07/18/2018,"15,135.57",-0.24%
07/17/2018,"15,172.31",0.66%
07/16/2018,"15,072.66",-0.74%
07/13/2018,"15,184.88",-0.04%
07-12-2018,"15,190.82",0.70%
07-11-2018,"15,085.15",0.02%
07-10-2018,"15,081.60",0.87%
07-09-2018,"14,951.20",0.75%
07-06-2018,"14,840.13",0.21%
07-05-2018,"14,808.54",-0.15%
07-04-2018,"14,830.50",0.65%
07-03-2018,"14,734.11",0.40%
07-02-2018,"14,675.42",-0.53%
06/29/2018,"14,753.91",1.18%
06/28/2018,"14,581.53",-0.77%
06/27/2018,"14,694.16",-0.86%
06/26/2018,"14,821.45",0.06%
06/25/2018,"14,812.28",-0.55%
06/22/2018,"14,894.02",0.75%
06/21/2018,"14,782.87",-0.27%
06/20/2018,"14,822.46",0.58%
06/19/2018,"14,737.70",-0.83%
06/18/2018,"14,860.73",-0.17%
06/15/2018,"14,885.30",0.09%
06/14/2018,"14,871.97",-0.31%
06/13/2018,"14,917.68",0.13%
06-12-2018,"14,898.66",0.52%
06-11-2018,"14,821.80",0.18%
06-08-2018,"14,795.31",-0.01%
06-07-2018,"14,796.24",0.78%
06-06-2018,"14,681.25",0.86%
06-05-2018,"14,555.52",-0.33%
06-04-2018,"14,604.11",-0.62%
06-01-2018,"14,695.40",-0.37%
05/31/2018,"14,750.26",1.25%
05/30/2018,"14,568.75",-0.18%
05/29/2018,"14,594.78",-0.52%
05/28/2018,"14,670.76",0.79%
05/25/2018,"14,556.18",0.97%
05/24/2018,"14,415.65",0.80%
05/23/2018,"14,301.15",-1.01%
05/22/2018,"14,446.97",0.19%
05/21/2018,"14,419.57",-0.75%
05/18/2018,"14,528.82",-0.81%
05/17/2018,"14,647.15",-0.54%
05/16/2018,"14,727.26",-0.56%
05/15/2018,"14,810.54",-0.04%
05/14/2018,"14,817.01",0.00%
05-11-2018,"14,816.93",0.84%
05-10-2018,"14,693.55",-0.23%
05-09-2018,"14,728.03",0.23%
05-08-2018,"14,694.93",0.02%
05-07-2018,"14,691.72",0.92%
05-04-2018,"14,558.42",-0.58%
05-03-2018,"14,642.62",-0.36%
05-02-2018,"14,695.26",-0.19%
04/30/2018,"14,723.32",0.44%
04/27/2018,"14,658.83",0.70%
04/26/2018,"14,556.65",0.45%
04/25/2018,"14,491.88",-0.41%
04/24/2018,"14,551.96",0.28%
04/23/2018,"14,511.28",0.20%
04/20/2018,"14,482.97",-0.01%
04/19/2018,"14,484.70",0.37%
04/18/2018,"14,431.07",-0.21%
04/17/2018,"14,461.97",0.19%
04/16/2018,"14,434.05",0.46%
04/13/2018,"14,368.56",0.21%
04-12-2018,"14,338.46",0.40%
04-11-2018,"14,281.60",0.14%
04-10-2018,"14,261.15",0.22%
04-09-2018,"14,229.77",0.46%
04-06-2018,"14,164.28",0.06%
04-05-2018,"14,155.47",1.94%
04-04-2018,"13,885.72",-1.14%
04-03-2018,"14,045.55",0.32%
04-02-2018,"14,000.07",0.97%
03/28/2018,"13,865.57",-0.69%
03/27/2018,"13,962.15",0.53%
03/26/2018,"13,888.82",1.33%
03/23/2018,"13,706.99",-1.15%
03/22/2018,"13,867.01",-0.38%
03/21/2018,"13,920.51",0.31%
03/20/2018,"13,878.17",0.40%
03/19/2018,"13,822.99",-0.99%
03/16/2018,"13,961.14",-1.54%
03/15/2018,"14,179.36",-0.49%
03/14/2018,"14,248.81",-0.15%
03/13/2018,"14,270.64",0.07%
03-12-2018,"14,260.92",1.90%
03-09-2018,"13,994.68",-0.15%
03-08-2018,"14,016.30",0.87%
03-07-2018,"13,895.27",-0.93%
03-06-2018,"14,025.34",-1.06%
03-05-2018,"14,175.32",-0.95%
03-01-2018,"14,311.52",-0.33%
02/28/2018,"14,358.71",-0.56%
02/27/2018,"14,438.90",-0.27%
02/26/2018,"14,477.62",0.87%
02/23/2018,"14,352.40",1.04%
02/22/2018,"14,204.17",-0.11%
02/21/2018,"14,220.48",0.36%
02/20/2018,"14,169.77",-0.17%
02/19/2018,"14,194.28",-0.71%
02/16/2018,"14,295.41",-0.88%
02/15/2018,"14,422.85",0.44%
02/14/2018,"14,359.35",-0.37%
02-12-2018,"14,412.46",0.81%
02-09-2018,"14,296.50",-1.15%
02-08-2018,"14,463.16",1.02%
02-07-2018,"14,317.57",-0.18%
02-06-2018,"14,344.02",-1.58%
02-05-2018,"14,574.00",-0.87%
02-02-2018,"14,702.49",-2.33%
02-01-2018,"15,052.72",-0.09%
01/31/2018,"15,065.82",-0.20%
01/30/2018,"15,095.42",-0.72%
01/29/2018,"15,204.42",0.55%
01/25/2018,"15,121.00",-0.15%
01/24/2018,"15,143.35",0.02%
01/23/2018,"15,140.24",1.07%
01/22/2018,"14,979.72",0.66%
01/19/2018,"14,880.80",0.72%
01/18/2018,"14,774.67",0.28%
01/17/2018,"14,734.07",0.82%
01/16/2018,"14,613.79",-0.38%
01/15/2018,"14,669.90",0.56%
01-12-2018,"14,587.54",0.28%
01-11-2018,"14,546.49",0.18%
01-10-2018,"14,520.56",-0.05%
01-09-2018,"14,527.15",0.13%
01-08-2018,"14,508.81",0.61%
01-05-2018,"14,420.42",0.51%
01-04-2018,"14,346.59",0.59%
01-03-2018,"14,262.48",0.01%
01-02-2018,"14,261.10",0.06%
01-01-2018,"14,252.02",-0.90%
12/29/2017,"14,381.92",0.50%
12/28/2017,"14,309.85",-0.12%
12/27/2017,"14,327.42",-0.39%
12/26/2017,"14,383.04",0.37%
12/22/2017,"14,330.49",0.50%
12/21/2017,"14,258.49",-0.04%
12/20/2017,"14,263.81",-0.18%
12/19/2017,"14,289.76",0.72%
12/18/2017,"14,188.11",0.54%
12/15/2017,"14,112.30",0.79%
12/14/2017,"14,001.49",0.58%
12/13/2017,"13,920.69",-0.46%
12-12-2017,"13,985.11",-0.80%
12-11-2017,"14,097.29",0.55%
12-08-2017,"14,019.95",0.97%
12-07-2017,"13,884.82",1.22%
12-06-2017,"13,717.36",-0.73%
12-05-2017,"13,818.67",-0.09%
12-04-2017,"13,831.66",0.06%
12-01-2017,"13,823.52",-1.02%
11/30/2017,"13,966.58",-1.30%
11/29/2017,"14,150.60",-0.09%
11/28/2017,"14,162.79",-0.28%
11/27/2017,"14,202.82",0.09%
11/24/2017,"14,189.41",0.40%
11/23/2017,"14,133.47",0.06%
11/22/2017,"14,124.68",0.15%
11/21/2017,"14,103.64",0.27%
11/20/2017,"14,065.05",0.15%
11/17/2017,"14,044.32",0.67%
11/16/2017,"13,950.33",0.96%
11/15/2017,"13,818.25",-0.67%
11/14/2017,"13,911.87",-0.38%
11/13/2017,"13,964.26",-0.94%
11-10-2017,"14,096.45",0.12%
11-09-2017,"14,078.98",0.06%
11-08-2017,"14,071.02",-0.45%
11-07-2017,"14,135.23",-0.97%
11-06-2017,"14,274.03",-0.01%
11-03-2017,"14,274.97",0.30%
11-02-2017,"14,232.79",-0.16%
11-01-2017,"14,255.58",1.04%
10/31/2017,"14,108.55",-0.21%
10/30/2017,"14,137.62",0.39%
10/27/2017,"14,082.21",-0.20%
10/26/2017,"14,110.50",0.47%
10/25/2017,"14,044.44",0.87%
10/24/2017,"13,923.61",0.22%
10/23/2017,"13,892.48",0.38%
10/19/2017,"13,840.24",-0.63%
10/18/2017,"13,927.92",-0.23%
10/17/2017,"13,960.09",0.03%
10/16/2017,"13,955.22",0.62%
10/13/2017,"13,868.70",0.70%
10-12-2017,"13,771.84",1.12%
10-11-2017,"13,619.62",-0.32%
10-10-2017,"13,663.44",0.28%
10-09-2017,"13,625.00",0.09%
10-06-2017,"13,612.63",0.92%
10-05-2017,"13,488.48",-0.26%
10-04-2017,"13,524.27",0.56%
10-03-2017,"13,448.66",0.72%
09/29/2017,"13,351.99",0.20%
09/28/2017,"13,325.16",0.34%
09/27/2017,"13,279.85",-1.38%
09/26/2017,"13,465.07",-0.01%
09/25/2017,"13,466.53",-0.92%
09/22/2017,"13,591.79",-1.56%
09/21/2017,"13,806.60",-0.18%
09/20/2017,"13,832.04",-0.06%
09/19/2017,"13,840.78",-0.05%
09/18/2017,"13,848.34",0.68%
09/15/2017,"13,754.62",-0.01%
09/14/2017,"13,756.28",0.07%
09/13/2017,"13,746.30",-0.14%
09-12-2017,"13,765.03",0.87%
09-11-2017,"13,646.37",0.74%
09-08-2017,"13,546.57",0.05%
09-07-2017,"13,539.91",0.15%
09-06-2017,"13,519.30",-0.36%
09-05-2017,"13,568.38",0.40%
09-04-2017,"13,514.16",-0.62%
09-01-2017,"13,598.09",0.57%
08/31/2017,"13,521.03",0.34%
08/30/2017,"13,474.73",0.90%
08/29/2017,"13,354.29",-1.18%
08/28/2017,"13,513.48",0.57%
08/24/2017,"13,437.45",0.07%
08/23/2017,"13,427.67",0.89%
08/22/2017,"13,309.14",0.11%
08/21/2017,"13,293.88",-0.84%
08/18/2017,"13,407.07",-0.67%
08/17/2017,"13,497.69",0.07%
08/16/2017,"13,488.33",1.05%
08/14/2017,"13,347.75",0.86%
08-11-2017,"13,234.20",-1.07%
08-10-2017,"13,377.05",-0.88%
08-09-2017,"13,495.81",-0.71%
08-08-2017,"13,591.81",-0.78%
08-07-2017,"13,699.21",-0.09%
08-04-2017,"13,711.47",0.53%
08-03-2017,"13,639.66",-0.67%
08-02-2017,"13,731.63",-0.32%
08-01-2017,"13,775.33",0.37%
07/31/2017,"13,724.19",0.63%
07/28/2017,"13,638.10",-0.06%
07/27/2017,"13,646.34",0.01%
07/26/2017,"13,644.46",0.57%
07/25/2017,"13,567.66",-0.02%
07/24/2017,"13,569.88",0.53%
07/21/2017,"13,498.25",0.43%
07/20/2017,"13,441.11",-0.24%
07/19/2017,"13,473.52",0.74%
07/18/2017,"13,374.92",-0.89%
07/17/2017,"13,494.64",0.31%
07/14/2017,"13,453.49",0.01%
07/13/2017,"13,452.22",0.84%
07-12-2017,"13,340.24",0.31%
07-11-2017,"13,299.17",0.15%
07-10-2017,"13,278.81",1.09%
07-07-2017,"13,135.35",-0.09%
07-06-2017,"13,147.27",0.43%
07-05-2017,"13,091.36",0.26%
07-04-2017,"13,057.86",-0.02%
07-03-2017,"13,060.15",0.99%
06/30/2017,"12,932.33",0.19%
06/29/2017,"12,908.13",0.20%
06/28/2017,"12,882.70",-0.21%
06/27/2017,"12,910.01",-0.66%
06/23/2017,"12,996.30",-0.57%
06/22/2017,"13,070.98",-0.01%
06/21/2017,"13,072.91",0.00%
06/20/2017,"13,072.98",-0.21%
06/19/2017,"13,100.15",0.72%
06/16/2017,"13,005.86",0.10%
06/15/2017,"12,992.34",-0.41%
06/14/2017,"13,045.44",0.12%
06/13/2017,"13,030.22",-0.06%
06-12-2017,"13,037.83",-0.54%
06-09-2017,"13,108.12",0.22%
06-08-2017,"13,079.63",-0.17%
06-07-2017,"13,101.62",0.28%
06-06-2017,"13,065.33",-0.39%
06-05-2017,"13,116.78",0.34%
06-02-2017,"13,072.98",0.39%
06-01-2017,"13,022.35",0.03%
05/31/2017,"13,018.69",-0.03%
05/30/2017,"13,023.19",0.20%
05/29/2017,"12,996.61",0.11%
05/26/2017,"12,981.79",0.92%
05/25/2017,"12,863.38",1.59%
05/24/2017,"12,661.62",-0.26%
05/23/2017,"12,695.02",-0.55%
05/22/2017,"12,765.48",0.11%
05/19/2017,"12,751.43",-0.02%
05/18/2017,"12,753.55",-1.01%
05/17/2017,"12,883.83",0.14%
05/16/2017,"12,865.56",0.71%
05/15/2017,"12,775.11",0.47%
05-12-2017,"12,714.97",-0.23%
05-11-2017,"12,743.99",0.16%
05-10-2017,"12,723.60",0.97%
05-09-2017,"12,601.23",0.03%
05-08-2017,"12,597.50",0.31%
05-05-2017,"12,558.60",-0.80%
05-04-2017,"12,659.51",0.52%
05-03-2017,"12,593.58",-0.02%
05-02-2017,"12,596.08",0.10%
04/28/2017,"12,582.88",-0.41%
04/27/2017,"12,634.41",-0.10%
04/26/2017,"12,647.53",0.49%
04/25/2017,"12,586.34",0.96%
04/24/2017,"12,466.46",1.08%
04/21/2017,"12,333.17",-0.19%
04/20/2017,"12,356.20",0.36%
04/19/2017,"12,311.67",-0.02%
04/18/2017,"12,313.90",-0.37%
04/17/2017,"12,360.11",-0.13%
04/13/2017,"12,375.68",-0.57%
04-12-2017,"12,446.84",-0.36%
04-11-2017,"12,492.24",0.61%
04-10-2017,"12,417.07",-0.18%
04-07-2017,"12,439.90",-0.69%
04-06-2017,"12,525.97",-0.03%
04-05-2017,"12,530.31",0.30%
04-03-2017,"12,493.39",0.70%
03/31/2017,"12,406.69",0.02%
03/30/2017,"12,404.41",0.33%
03/29/2017,"12,363.95",0.47%
03/28/2017,"12,305.77",0.61%
03/27/2017,"12,230.63",-0.68%
03/24/2017,"12,314.98",0.26%
03/23/2017,"12,283.35",0.62%
03/22/2017,"12,207.85",-1.00%
03/21/2017,"12,330.92",-0.06%
03/20/2017,"12,338.14",-0.36%
03/17/2017,"12,383.04",0.07%
03/16/2017,"12,374.48",0.78%
03/15/2017,"12,278.23",-0.02%
03/14/2017,"12,281.22",1.78%
03-10-2017,"12,066.40",0.08%
03-09-2017,"12,056.17",0.04%
03-08-2017,"12,050.77",-0.25%
03-07-2017,"12,081.34",-0.18%
03-06-2017,"12,103.68",0.74%
03-03-2017,"12,014.70",-0.02%
03-02-2017,"12,017.63",-0.51%
03-01-2017,"12,079.80",0.75%
02/28/2017,"11,990.44",-0.16%
02/27/2017,"12,009.80",-0.48%
02/23/2017,"12,067.61",0.14%
02/22/2017,"12,050.54",0.21%
02/21/2017,"12,024.88",0.32%
02/20/2017,"11,986.21",0.65%
02/17/2017,"11,908.56",0.50%
02/16/2017,"11,849.55",0.62%
02/15/2017,"11,776.57",-0.75%
02/14/2017,"11,865.43",-0.14%
02/13/2017,"11,882.38",0.13%
02-10-2017,"11,866.82",0.17%
02-09-2017,"11,846.42",0.11%
02-08-2017,"11,833.80",0.01%
02-07-2017,"11,832.78",-0.35%
02-06-2017,"11,874.73",0.69%
02-03-2017,"11,793.62",0.08%
02-02-2017,"11,784.61",0.22%
02-01-2017,"11,758.63",1.82%
01/31/2017,"11,548.15",-0.83%
01/30/2017,"11,644.53",-0.10%
01/27/2017,"11,656.00",0.45%
01/25/2017,"11,604.09",1.50%
01/24/2017,"11,432.83",1.00%
01/23/2017,"11,319.09",0.52%
01/20/2017,"11,260.99",-1.02%
01/19/2017,"11,376.62",0.21%
01/18/2017,"11,352.22",0.23%
01/17/2017,"11,326.62",-0.18%
01/16/2017,"11,346.57",0.15%
01/13/2017,"11,329.78",-0.08%
01-12-2017,"11,339.04",0.32%
01-11-2017,"11,303.19",1.11%
01-10-2017,"11,179.04",0.64%
01-09-2017,"11,108.20",-0.09%
01-06-2017,"11,118.62",-0.36%
01-05-2017,"11,159.12",1.02%
01-04-2017,"11,046.76",-0.02%
01-03-2017,"11,049.08",0.16%
01-02-2017,"11,031.91",-0.08%
12/30/2016,"11,040.41",1.01%
12/29/2016,"10,929.53",0.86%
12/28/2016,"10,836.85",0.03%
12/27/2016,"10,834.12",1.58%
12/26/2016,"10,666.06",-0.97%
12/23/2016,"10,770.60",0.08%
12/22/2016,"10,761.65",-1.02%
12/21/2016,"10,872.49",-0.26%
12/20/2016,"10,900.96",-0.27%
12/19/2016,"10,930.55",-0.43%
12/16/2016,"10,977.91",-0.17%
12/15/2016,"10,997.01",-0.35%
12/14/2016,"11,035.88",-0.48%
12/13/2016,"11,088.99",0.62%
12-12-2016,"11,020.15",-1.10%
12-09-2016,"11,142.82",0.18%
12-08-2016,"11,122.75",1.79%
12-07-2016,"10,927.43",-0.50%
12-06-2016,"10,982.89",0.18%
12-05-2016,"10,963.49",0.52%
12-02-2016,"10,906.86",-1.30%
12-01-2016,"11,050.00",-0.38%
11/30/2016,"11,092.59",1.01%
11/29/2016,"10,981.54",0.19%
11/28/2016,"10,960.97",0.16%
11/25/2016,"10,943.99",1.87%
11/24/2016,"10,743.28",-0.84%
11/23/2016,"10,834.59",0.39%
11/22/2016,"10,792.82",0.92%
11/21/2016,"10,694.09",-1.80%
11/18/2016,"10,889.64",-0.07%
11/17/2016,"10,897.55",-0.39%
11/16/2016,"10,940.23",0.04%
11/15/2016,"10,935.99",-2.26%
11-11-2016,"11,189.30",-2.69%
11-10-2016,"11,498.79",1.11%
11-09-2016,"11,372.35",-1.31%
11-08-2016,"11,522.76",0.55%
11-07-2016,"11,460.08",0.75%
11-04-2016,"11,374.71",-0.60%
11-03-2016,"11,443.72",-0.32%
11-02-2016,"11,479.94",-1.30%
11-01-2016,"11,631.33",0.03%
10/30/2016,"11,628.32",-0.14%
10/28/2016,"11,644.89",0.26%
10/27/2016,"11,614.18",0.01%
10/26/2016,"11,612.99",-0.87%
10/25/2016,"11,715.45",-0.20%
10/24/2016,"11,739.24",0.19%
10/21/2016,"11,716.57",0.00%
10/20/2016,"11,717.04",0.46%
10/19/2016,"11,662.81",-0.22%
10/18/2016,"11,688.13",1.85%
10/17/2016,"11,475.97",-0.73%
10/14/2016,"11,560.81",0.12%
10/13/2016,"11,547.30",-1.56%
10-10-2016,"11,729.75",0.13%
10-07-2016,"11,714.65",-0.14%
10-06-2016,"11,730.75",-0.39%
10-05-2016,"11,777.10",-0.29%
10-04-2016,"11,811.04",0.36%
10-03-2016,"11,769.16",1.47%
09/30/2016,"11,598.22",0.23%
09/29/2016,"11,571.40",-1.76%
09/28/2016,"11,778.71",0.45%
09/27/2016,"11,726.49",-0.19%
09/26/2016,"11,748.91",-1.23%
09/23/2016,"11,895.07",-0.40%
09/22/2016,"11,943.44",1.03%
09/21/2016,"11,821.52",0.01%
09/20/2016,"11,819.83",-0.37%
09/19/2016,"11,863.61",0.33%
09/16/2016,"11,825.12",0.43%
09/15/2016,"11,774.90",0.20%
09/14/2016,"11,751.93",0.13%
09-12-2016,"11,737.00",-1.70%
09-09-2016,"11,940.12",-0.96%
09-08-2016,"12,055.60",0.42%
09-07-2016,"12,005.43",-0.27%
09-06-2016,"12,037.72",1.52%
09-02-2016,"11,857.76",0.40%
09-01-2016,"11,810.69",-0.13%
08/31/2016,"11,826.19",0.51%
08/30/2016,"11,766.04",1.59%
08/29/2016,"11,581.83",0.41%
08/26/2016,"11,534.92",-0.23%
08/25/2016,"11,561.34",-0.67%
08/24/2016,"11,639.48",0.20%
08/23/2016,"11,615.70",0.04%
08/22/2016,"11,611.02",-0.44%
08/19/2016,"11,661.82",-0.07%
08/18/2016,"11,670.37",0.62%
08/17/2016,"11,598.72",-0.21%
08/16/2016,"11,623.61",-0.34%
08-12-2016,"11,663.43",0.93%
08-11-2016,"11,555.84",0.20%
08-10-2016,"11,532.49",-1.18%
08-09-2016,"11,669.70",-0.37%
08-08-2016,"11,713.58",0.32%
08-05-2016,"11,675.68",1.54%
08-04-2016,"11,498.13",0.07%
08-03-2016,"11,489.74",-0.90%
08-02-2016,"11,594.65",-0.15%
08-01-2016,"11,612.19",-0.02%
07/29/2016,"11,614.80",-0.32%
07/28/2016,"11,652.18",0.63%
07/27/2016,"11,579.64",0.29%
07/26/2016,"11,545.78",-0.52%
07/25/2016,"11,606.29",1.12%
07/22/2016,"11,477.47",0.37%
07/21/2016,"11,435.64",-0.63%
07/20/2016,"11,508.07",0.44%
07/19/2016,"11,457.95",0.23%
07/18/2016,"11,431.25",-0.37%
07/15/2016,"11,474.04",-0.21%
07/14/2016,"11,497.65",0.54%
07/13/2016,"11,436.09",-0.02%
07-12-2016,"11,438.19",0.63%
07-11-2016,"11,366.82",1.74%
07-08-2016,"11,172.39",-0.18%
07-07-2016,"11,192.11",0.05%
07-05-2016,"11,186.41",-0.42%
07-04-2016,"11,233.09",0.51%
07-01-2016,"11,175.85",0.49%
06/30/2016,"11,121.39",1.02%
06/29/2016,"11,009.02",1.00%
06/28/2016,"10,899.91",0.41%
06/27/2016,"10,855.50",0.08%
06/24/2016,"10,847.29",-2.20%
06/23/2016,"11,091.16",0.82%
06/22/2016,"11,000.82",-0.18%
06/21/2016,"11,020.11",-0.23%
06/20/2016,"11,045.03",0.84%
06/17/2016,"10,953.44",0.36%
06/16/2016,"10,913.97",-0.70%
06/15/2016,"10,990.64",1.21%
06/14/2016,"10,859.76",-0.02%
06/13/2016,"10,862.06",-0.73%
06-10-2016,"10,941.70",-0.41%
06-09-2016,"10,986.64",-0.74%
06-08-2016,"11,068.75",0.08%
06-07-2016,"11,059.93",0.80%
06-06-2016,"10,972.45",-0.18%
06-03-2016,"10,992.21",0.05%
06-02-2016,"10,986.77",0.48%
06-01-2016,"10,934.62",0.24%
05/31/2016,"10,908.07",-0.23%
05/30/2016,"10,932.70",0.44%
05/27/2016,"10,884.88",1.08%
05/26/2016,"10,768.78",1.70%
05/25/2016,"10,588.92",2.40%
05/24/2016,"10,340.65",0.23%
05/23/2016,"10,316.91",-0.24%
05/20/2016,"10,341.79",-0.43%
05/19/2016,"10,386.75",-1.10%
05/18/2016,"10,502.51",-0.26%
05/17/2016,"10,530.03",0.38%
05/16/2016,"10,489.97",0.59%
05/13/2016,"10,428.78",-1.08%
05-12-2016,"10,542.93",0.66%
05-11-2016,"10,474.10",-0.49%
05-10-2016,"10,526.11",0.28%
05-09-2016,"10,497.09",1.71%
05-06-2016,"10,320.12",-0.03%
05-05-2016,"10,322.82",0.39%
05-04-2016,"10,283.01",-0.52%
05-03-2016,"10,336.97",-0.75%
05-02-2016,"10,415.52",-0.56%
04/29/2016,"10,474.15",0.03%
04/28/2016,"10,470.71",-1.66%
04/27/2016,"10,647.74",0.22%
04/26/2016,"10,624.72",1.37%
04/25/2016,"10,481.12",-0.56%
04/22/2016,"10,540.19",-0.16%
04/21/2016,"10,557.22",-0.03%
04/20/2016,"10,560.79",0.00%
04/18/2016,"10,560.74",0.82%
04/13/2016,"10,475.02",1.84%
04-12-2016,"10,286.18",0.49%
04-11-2016,"10,236.11",1.54%
04-08-2016,"10,081.01",0.12%
04-07-2016,"10,069.36",-0.89%
04-06-2016,"10,159.98",0.15%
04-05-2016,"10,145.10",-2.01%
04-04-2016,"10,352.69",0.59%
04-01-2016,"10,291.69",-0.33%
03/31/2016,"10,325.50",0.04%
03/30/2016,"10,321.20",1.83%
03/29/2016,"10,135.49",-0.24%
03/28/2016,"10,159.66",-1.31%
03/23/2016,"10,294.93",0.02%
03/22/2016,"10,292.77",0.14%
03/21/2016,"10,278.30",1.33%
03/18/2016,"10,143.60",1.22%
03/17/2016,"10,021.13",0.23%
03/16/2016,"9,997.90",0.53%
03/15/2016,"9,944.76",-1.04%
03/14/2016,"10,048.89",0.48%
03-11-2016,"10,001.18",0.32%
03-10-2016,"9,969.15",-0.61%
03-09-2016,"10,029.96",0.62%
03-08-2016,"9,967.99",0.00%
03-04-2016,"9,968.09",0.13%
03-03-2016,"9,955.10",1.45%
03-02-2016,"9,812.68",2.03%
03-01-2016,"9,617.51",3.37%
02/29/2016,"9,304.26",-0.61%
02/26/2016,"9,361.10",0.85%
02/25/2016,"9,282.38",-0.68%
02/24/2016,"9,346.39",-1.28%
02/23/2016,"9,467.41",-1.73%
02/22/2016,"9,633.83",0.33%
02/19/2016,"9,601.77",0.26%
02/18/2016,"9,576.46",1.17%
02/17/2016,"9,465.52",0.85%
02/16/2016,"9,385.36",-1.60%
02/15/2016,"9,537.74",2.61%
02-12-2016,"9,295.41",0.07%
02-11-2016,"9,289.29",-3.32%
02-10-2016,"9,607.98",-1.13%
02-09-2016,"9,717.87",-1.21%
02-08-2016,"9,836.41",-1.36%
02-05-2016,"9,972.05",1.16%
02-04-2016,"9,857.82",0.57%
02-03-2016,"9,801.62",-1.25%
02-02-2016,"9,925.98",-1.32%
02-01-2016,"10,058.69",-0.10%
01/29/2016,"10,068.86",1.87%
01/28/2016,"9,883.94",-0.18%
01/27/2016,"9,901.35",0.03%
01/25/2016,"9,898.28",0.19%
01/22/2016,"9,879.13",2.00%
01/21/2016,"9,685.29",-0.44%
01/20/2016,"9,727.77",-1.69%
01/19/2016,"9,895.18",1.14%
01/18/2016,"9,783.26",-1.17%
01/15/2016,"9,898.80",-1.31%
01/14/2016,"10,030.53",-0.34%
01/13/2016,"10,064.62",0.69%
01-12-2016,"9,995.25",-0.71%
01-11-2016,"10,066.57",-0.49%
01-08-2016,"10,116.45",0.44%
01-07-2016,"10,072.45",-2.23%
01-06-2016,"10,302.32",-0.56%
01-05-2016,"10,360.42",-0.09%
01-04-2016,"10,369.24",-2.16%
01-01-2016,"10,598.00",0.21%
12/31/2015,"10,575.63",0.63%
12/30/2015,"10,508.91",-0.41%
12/29/2015,"10,552.46",0.05%
12/28/2015,"10,547.37",0.82%
12/24/2015,"10,462.08",-0.06%
12/23/2015,"10,468.61",1.03%
12/22/2015,"10,362.35",-0.62%
12/21/2015,"10,426.69",0.93%
12/18/2015,"10,330.16",-1.05%
12/17/2015,"10,439.83",1.21%
12/16/2015,"10,315.45",0.65%
12/15/2015,"10,248.91",0.66%
12/14/2015,"10,181.25",0.52%
12-11-2015,"10,128.57",-0.95%
12-10-2015,"10,225.54",0.93%
12-09-2015,"10,131.26",-1.16%
12-08-2015,"10,250.03",-0.82%