Date,Price,,,,,Change %
12-08-2025,713.92,,,,,0.12%
12-07-2025,713.05,,,,,-0.06%
12-05-2025,713.5,,,,,0.81%
12-04-2025,707.76,,,,,0.26%
12-03-2025,705.91,,,,,-0.10%
12-02-2025,706.65,,,,,0.47%
12-01-2025,703.33,,,,,-0.02%
11/30/2025,703.46,,,,,0.01%
11/28/2025,703.38,,,,,-0.32%
11/27/2025,705.64,,,,,0.10%
11/26/2025,704.93,,,,,1.29%
11/25/2025,695.97,,,,,0.74%
11/24/2025,690.88,,,,,0.58%
11/23/2025,686.88,,,,,0.28%
11/21/2025,684.96,,,,,-2.79%
11/20/2025,704.65,,,,,0.96%
11/19/2025,697.95,,,,,-0.32%
11/18/2025,700.18,,,,,-2.04%
11/17/2025,714.77,,,,,-0.22%
11/16/2025,716.37,,,,,0.35%
11/14/2025,713.85,,,,,-1.82%
11/13/2025,727.1,,,,,0.09%
11-12-2025,726.48,,,,,0.44%
11-11-2025,723.28,,,,,-0.07%
11-10-2025,723.78,,,,,1.26%
11-09-2025,714.77,,,,,0.09%
11-07-2025,714.16,,,,,-0.96%
11-06-2025,721.11,,,,,0.76%
11-05-2025,715.68,,,,,-0.86%
11-04-2025,721.87,,,,,-1.21%
11-03-2025,730.74,,,,,0.90%
11-02-2025,724.25,,,,,-0.15%
10/31/2025,725.31,,,,,-0.68%
10/30/2025,730.26,,,,,-0.41%
10/29/2025,733.23,,,,,0.69%
10/28/2025,728.18,,,,,-0.47%
10/27/2025,731.59,,,,,1.49%
10/26/2025,720.86,,,,,0.12%
10/24/2025,719.97,,,,,0.51%
10/23/2025,716.31,,,,,-0.04%
10/22/2025,716.59,,,,,-0.47%
10/21/2025,719.95,,,,,0.35%
10/20/2025,717.45,,,,,1.64%
10/19/2025,705.9,,,,,0.03%
10/17/2025,705.69,,,,,-1.29%
10/16/2025,714.89,,,,,0.91%
10/15/2025,708.44,,,,,1.97%
10/14/2025,694.78,,,,,-1.11%
10/13/2025,702.6,,,,,-0.87%
10-12-2025,708.75,,,,,-0.35%
10-10-2025,711.25,,,,,-0.67%
10-09-2025,716.06,,,,,0.34%
10-08-2025,713.62,,,,,-0.41%
10-07-2025,716.56,,,,,0.23%
10-06-2025,714.91,,,,,0.06%
10-05-2025,714.47,,,,,-0.14%
10-03-2025,715.44,,,,,0.43%
10-02-2025,712.4,,,,,1.41%
10-01-2025,702.51,,,,,0.44%
09/30/2025,699.46,,,,,0.49%
09/29/2025,696.06,,,,,1.04%
09/28/2025,688.92,,,,,0.14%
09/26/2025,687.98,,,,,-1.42%
09/25/2025,697.88,,,,,-0.44%
09/24/2025,700.93,,,,,0.12%
09/23/2025,700.09,,,,,0.08%
09/22/2025,699.52,,,,,0.14%
09/19/2025,698.57,,,,,-0.41%
09/18/2025,701.43,,,,,-0.50%
09/17/2025,704.94,,,,,0.41%
09/16/2025,702.07,,,,,0.81%
09/15/2025,696.46,,,,,0.03%
09-12-2025,696.28,,,,,1.22%
09-11-2025,687.9,,,,,0.08%
09-10-2025,687.35,,,,,1.11%
09-09-2025,679.83,,,,,0.94%
09-08-2025,673.51,,,,,0.52%
09-05-2025,670,,,,,1.14%
09-04-2025,662.48,,,,,-0.30%
09-03-2025,664.45,,,,,-0.16%
09-02-2025,665.5,,,,,-0.21%
09-01-2025,666.87,,,,,0.60%
08/29/2025,662.9,,,,,-0.13%
08/28/2025,663.79,,,,,-0.46%
08/27/2025,666.88,,,,,-0.39%
08/26/2025,669.5,,,,,-0.85%
08/25/2025,675.26,,,,,1.51%
08/22/2025,665.19,,,,,0.25%
08/21/2025,663.5,,,,,0.23%
08/20/2025,661.98,,,,,-0.79%
08/19/2025,667.23,,,,,-0.22%
08/18/2025,668.72,,,,,0.00%
08/15/2025,668.69,,,,,0.06%
08/14/2025,668.3,,,,,-0.32%
08/13/2025,670.46,,,,,1.54%
08-12-2025,660.29,,,,,0.18%
08-11-2025,659.13,,,,,0.28%
08-08-2025,657.27,,,,,-0.63%
08-07-2025,661.47,,,,,1.12%
08-06-2025,654.13,,,,,-0.11%
08-05-2025,654.85,,,,,0.78%
08-04-2025,649.76,,,,,0.84%
08-01-2025,644.33,,,,,-1.46%
07/31/2025,653.87,,,,,-0.84%
07/30/2025,659.38,,,,,-0.12%
07/29/2025,660.19,,,,,-0.28%
07/28/2025,662.06,,,,,0.10%
07/25/2025,661.43,,,,,-0.89%
07/24/2025,667.38,,,,,0.23%
07/23/2025,665.83,,,,,1.39%
07/22/2025,656.73,,,,,-0.30%
07/21/2025,658.68,,,,,0.11%
07/18/2025,657.94,,,,,0.97%
07/17/2025,651.59,,,,,0.13%
07/16/2025,650.76,,,,,-0.20%
07/15/2025,652.09,,,,,0.98%
07/14/2025,645.76,,,,,-0.05%
07-11-2025,646.09,,,,,-0.01%
07-10-2025,646.16,,,,,0.54%
07-09-2025,642.68,,,,,-0.33%
07-08-2025,644.84,,,,,0.51%
07-07-2025,641.58,,,,,-0.41%
07-04-2025,644.25,,,,,-0.52%
07-03-2025,647.61,,,,,0.32%
07-02-2025,645.53,,,,,0.20%
07-01-2025,644.22,,,,,0.44%
06/30/2025,641.39,,,,,-0.63%
06/27/2025,645.43,,,,,0.05%
06/26/2025,645.11,,,,,0.39%
06/25/2025,642.63,,,,,0.82%
06/24/2025,637.43,,,,,2.44%
06/23/2025,622.24,,,,,-0.70%
06/20/2025,626.61,,,,,0.99%
06/19/2025,620.47,,,,,-1.45%
06/18/2025,629.57,,,,,-0.28%
06/17/2025,631.34,,,,,-0.03%
06/16/2025,631.56,,,,,0.69%
06/13/2025,627.21,,,,,-0.92%
06-12-2025,633.06,,,,,-0.49%
06-11-2025,636.17,,,,,0.57%
06-10-2025,632.55,,,,,0.57%
06-09-2025,628.95,,,,,0.99%
06-06-2025,622.81,,,,,-0.07%
06-05-2025,623.27,,,,,0.87%
06-04-2025,617.88,,,,,1.26%
06-03-2025,610.2,,,,,0.44%
06-02-2025,607.5,,,,,-0.24%
05/30/2025,608.94,,,,,-0.77%
05/29/2025,613.66,,,,,0.61%
05/28/2025,609.95,,,,,-0.16%
05/27/2025,610.9,,,,,-0.51%
05/26/2025,614.04,,,,,-0.07%
05/23/2025,614.5,,,,,0.60%
05/22/2025,610.83,,,,,-0.86%
05/21/2025,616.1,,,,,0.90%
05/20/2025,610.63,,,,,0.00%
05/19/2025,610.62,,,,,-0.51%
05/16/2025,613.73,,,,,-0.02%
05/15/2025,613.85,,,,,-0.04%
05/14/2025,614.08,,,,,1.52%
05/13/2025,604.91,,,,,-0.35%
05-12-2025,607.02,,,,,1.98%
05-09-2025,595.26,,,,,0.41%
05-08-2025,592.8,,,,,-0.60%
05-07-2025,596.36,,,,,0.06%
05-06-2025,596.03,,,,,-0.17%
05-05-2025,597.06,,,,,0.52%
05-02-2025,593.95,,,,,2.24%
05-01-2025,580.93,,,,,-0.02%
04/30/2025,581.02,,,,,0.94%
04/29/2025,575.59,,,,,0.32%
04/28/2025,573.78,,,,,0.55%
04/25/2025,570.65,,,,,0.32%
04/24/2025,568.81,,,,,-0.41%
04/23/2025,571.14,,,,,2.15%
04/22/2025,559.1,,,,,-0.01%
04/21/2025,559.17,,,,,0.34%
04/18/2025,557.27,,,,,0.14%
04/17/2025,556.51,,,,,0.88%
04/16/2025,551.63,,,,,-1.00%
04/15/2025,557.21,,,,,1.08%
04/14/2025,551.27,,,,,1.56%
04-11-2025,542.82,,,,,1.20%
04-10-2025,536.39,,,,,4.44%
04-09-2025,513.6,,,,,-1.21%
04-08-2025,519.9,,,,,0.19%
04-07-2025,518.93,,,,,-8.37%
04-04-2025,566.36,,,,,-1.68%
04-03-2025,576.02,,,,,-0.72%
04-02-2025,580.19,,,,,0.30%
04-01-2025,578.46,,,,,0.96%
03/31/2025,572.95,,,,,-1.98%
03/28/2025,584.53,,,,,-0.71%
03/27/2025,588.69,,,,,-0.12%
03/26/2025,589.42,,,,,0.30%
03/25/2025,587.64,,,,,-0.61%
03/24/2025,591.25,,,,,0.46%
03/21/2025,588.57,,,,,-0.81%
03/20/2025,593.38,,,,,-0.10%
03/19/2025,593.95,,,,,-0.18%
03/18/2025,595.02,,,,,1.14%
03/17/2025,588.3,,,,,1.14%
03/14/2025,581.69,,,,,0.94%
03/13/2025,576.29,,,,,-0.75%
03-12-2025,580.67,,,,,-0.05%
03-11-2025,580.96,,,,,-0.47%
03-10-2025,583.72,,,,,-1.17%
03-07-2025,590.66,,,,,-0.70%
03-06-2025,594.84,,,,,1.30%
03-05-2025,587.23,,,,,2.06%
03-04-2025,575.39,,,,,-0.32%
03-03-2025,577.26,,,,,0.04%
02/28/2025,577.03,,,,,-2.42%
02/27/2025,591.32,,,,,-0.86%
02/26/2025,596.43,,,,,1.21%
02/25/2025,589.31,,,,,-1.34%
02/24/2025,597.33,,,,,-0.77%
02/21/2025,601.99,,,,,1.39%
02/20/2025,593.74,,,,,-0.66%
02/19/2025,597.7,,,,,-0.17%
02/18/2025,598.72,,,,,0.45%
02/17/2025,596.05,,,,,0.51%
02/14/2025,593.03,,,,,1.11%
02/13/2025,586.53,,,,,0.25%
02-12-2025,585.04,,,,,0.83%
02-11-2025,580.23,,,,,-0.44%
02-10-2025,582.77,,,,,-0.08%
02-07-2025,583.24,,,,,0.55%
02-06-2025,580.03,,,,,0.60%
02-05-2025,576.57,,,,,0.39%
02-04-2025,574.35,,,,,1.76%
02-03-2025,564.41,,,,,-2.12%
01/31/2025,576.64,,,,,-0.02%
01/30/2025,576.76,,,,,0.20%
01/29/2025,575.62,,,,,0.28%
01/28/2025,574.04,,,,,-0.01%
01/27/2025,574.09,,,,,-0.26%
01/24/2025,575.59,,,,,0.89%
01/23/2025,570.52,,,,,-0.20%
01/22/2025,571.64,,,,,0.00%
01/21/2025,571.64,,,,,0.13%
01/20/2025,570.89,,,,,1.02%
01/17/2025,565.12,,,,,0.19%
01/16/2025,564.03,,,,,1.30%
01/15/2025,556.8,,,,,0.00%
01/14/2025,556.8,,,,,1.33%
01/13/2025,549.49,,,,,-1.79%
01-10-2025,559.5,,,,,-0.96%
01-09-2025,564.95,,,,,-0.57%
01-08-2025,568.21,,,,,-0.58%
01-07-2025,571.52,,,,,0.02%
01-06-2025,571.39,,,,,0.49%
01-03-2025,568.63,,,,,0.31%
01-02-2025,566.9,,,,,-0.52%
01-01-2025,569.86,,,,,0.08%
12/31/2024,569.41,,,,,-0.49%
12/30/2024,572.21,,,,,-0.37%
12/27/2024,574.31,,,,,-0.04%
12/26/2024,574.53,,,,,-0.13%
12/25/2024,575.28,,,,,0.06%
12/24/2024,574.95,,,,,0.37%
12/23/2024,572.84,,,,,1.25%
12/20/2024,565.79,,,,,-1.18%
12/19/2024,572.57,,,,,-1.46%
12/18/2024,581.06,,,,,0.23%
12/17/2024,579.71,,,,,-0.62%
12/16/2024,583.31,,,,,-0.36%
12/13/2024,585.4,,,,,-0.63%
12-12-2024,589.12,,,,,0.55%
12-11-2024,585.9,,,,,-0.49%
12-10-2024,588.77,,,,,-0.46%
12-09-2024,591.47,,,,,0.84%
12-06-2024,586.54,,,,,0.15%
12-05-2024,585.66,,,,,-0.06%
12-04-2024,586,,,,,-0.03%
12-03-2024,586.15,,,,,1.10%
12-02-2024,579.75,,,,,0.57%
11/29/2024,576.47,,,,,-0.04%
11/28/2024,576.71,,,,,-0.48%
11/27/2024,579.51,,,,,0.51%
11/26/2024,576.56,,,,,-0.69%
11/25/2024,580.54,,,,,0.51%
11/22/2024,577.6,,,,,0.09%
11/21/2024,577.1,,,,,-0.63%
11/20/2024,580.74,,,,,-0.25%
11/19/2024,582.19,,,,,0.81%
11/18/2024,577.54,,,,,0.38%
11/15/2024,575.38,,,,,0.19%
11/14/2024,574.3,,,,,-0.77%
11/13/2024,578.73,,,,,-0.99%
11-12-2024,584.54,,,,,-1.96%
11-11-2024,596.2,,,,,-0.88%
11-08-2024,601.52,,,,,-0.20%
11-07-2024,602.75,,,,,1.00%
11-06-2024,596.81,,,,,-0.75%
11-05-2024,601.35,,,,,0.87%
11-04-2024,596.16,,,,,0.66%
11-01-2024,592.23,,,,,0.30%
10/31/2024,590.43,,,,,-0.57%
10/30/2024,593.83,,,,,-0.86%
10/29/2024,598.96,,,,,-0.13%
10/28/2024,599.74,,,,,0.02%
10/25/2024,599.62,,,,,0.06%
10/24/2024,599.24,,,,,-0.71%
10/23/2024,603.5,,,,,0.08%
10/22/2024,603.03,,,,,-0.80%
10/21/2024,607.87,,,,,-0.52%
10/18/2024,611.06,,,,,1.57%
10/17/2024,601.59,,,,,-0.44%
10/16/2024,604.27,,,,,-0.70%
10/15/2024,608.52,,,,,-0.85%
10/14/2024,613.72,,,,,0.02%
10-11-2024,613.61,,,,,0.24%
10-10-2024,612.15,,,,,0.82%
10-09-2024,607.2,,,,,-0.57%
10-08-2024,610.69,,,,,-2.66%
10-07-2024,627.4,,,,,0.47%
10-04-2024,624.49,,,,,0.24%
10-03-2024,622.97,,,,,-1.06%
10-02-2024,629.66,,,,,1.49%
10-01-2024,620.43,,,,,-0.07%
09/30/2024,620.84,,,,,0.16%
09/27/2024,619.83,,,,,1.26%
09/26/2024,612.12,,,,,2.42%
09/25/2024,597.68,,,,,0.35%
09/24/2024,595.59,,,,,1.62%
09/23/2024,586.09,,,,,0.34%
09/20/2024,584.12,,,,,0.80%
09/19/2024,579.5,,,,,1.23%
09/18/2024,572.48,,,,,-0.23%
09/17/2024,573.82,,,,,0.47%
09/16/2024,571.15,,,,,0.42%
09/13/2024,568.77,,,,,0.47%
09-12-2024,566.09,,,,,1.73%
09-11-2024,556.44,,,,,-0.33%
09-10-2024,558.28,,,,,0.04%
09-09-2024,558.07,,,,,-1.12%
09-06-2024,564.4,,,,,0.14%
09-05-2024,563.62,,,,,0.30%
09-04-2024,561.91,,,,,-1.81%
09-03-2024,572.27,,,,,-0.59%
09-02-2024,575.66,,,,,-0.30%
08/30/2024,577.37,,,,,0.54%
08/29/2024,574.28,,,,,-0.14%
08/28/2024,575.08,,,,,-0.12%
08/27/2024,575.77,,,,,-0.31%
08/26/2024,577.55,,,,,0.48%
08/23/2024,574.8,,,,,-0.01%
08/22/2024,574.85,,,,,0.26%
08/21/2024,573.38,,,,,-0.37%
08/20/2024,575.49,,,,,0.25%
08/19/2024,574.04,,,,,0.95%
08/16/2024,568.61,,,,,1.82%
08/15/2024,558.46,,,,,-0.09%
08/14/2024,558.99,,,,,0.40%
08/13/2024,556.75,,,,,0.19%
08-12-2024,555.69,,,,,0.47%
08-09-2024,553.07,,,,,1.64%
08-08-2024,544.15,,,,,-0.42%
08-07-2024,546.44,,,,,1.84%
08-06-2024,536.56,,,,,1.15%
08-05-2024,530.44,,,,,-4.20%
08-02-2024,553.72,,,,,-2.48%
08-01-2024,567.83,,,,,0.40%
07/31/2024,565.54,,,,,1.23%
07/30/2024,558.68,,,,,-0.57%
07/29/2024,561.89,,,,,0.63%
07/26/2024,558.36,,,,,-0.07%
07/25/2024,558.75,,,,,-1.04%
07/24/2024,564.61,,,,,-0.38%
07/23/2024,566.74,,,,,0.27%
07/22/2024,565.21,,,,,-0.64%
07/19/2024,568.84,,,,,-1.69%
07/18/2024,578.64,,,,,-0.39%
07/17/2024,580.92,,,,,-0.23%
07/16/2024,582.28,,,,,-0.52%
07/15/2024,585.31,,,,,-0.29%
07-12-2024,587,,,,,0.11%
07-11-2024,586.37,,,,,1.39%
07-10-2024,578.33,,,,,-0.06%
07-09-2024,578.69,,,,,0.47%
07-08-2024,575.98,,,,,-0.12%
07-05-2024,576.65,,,,,0.02%
07-04-2024,576.52,,,,,1.11%
07-03-2024,570.17,,,,,1.09%
07-02-2024,564.03,,,,,-0.52%
07-01-2024,567,,,,,0.03%
06/28/2024,566.81,,,,,0.34%
06/27/2024,564.9,,,,,-0.50%
06/26/2024,567.73,,,,,0.14%
06/25/2024,566.94,,,,,0.36%
06/24/2024,564.93,,,,,-0.49%
06/21/2024,567.72,,,,,-0.83%
06/20/2024,572.5,,,,,-0.05%
06/19/2024,572.8,,,,,1.24%
06/18/2024,565.76,,,,,0.71%
06/17/2024,561.76,,,,,-0.32%
06/14/2024,563.54,,,,,-0.14%
06/13/2024,564.31,,,,,0.73%
06-12-2024,560.21,,,,,0.48%
06-11-2024,557.52,,,,,-0.69%
06-10-2024,561.38,,,,,-0.26%
06-07-2024,562.83,,,,,0.20%
06-06-2024,561.71,,,,,0.99%
06-05-2024,556.18,,,,,1.01%
06-04-2024,550.62,,,,,-1.47%
06-03-2024,558.84,,,,,2.07%
05/31/2024,547.51,,,,,-0.52%
05/30/2024,550.38,,,,,-1.20%
05/29/2024,557.08,,,,,-1.62%
05/28/2024,566.28,,,,,-0.13%
05/27/2024,567.03,,,,,0.94%
05/24/2024,561.74,,,,,-0.93%
05/23/2024,566.99,,,,,-0.26%
05/22/2024,568.49,,,,,0.31%
05/21/2024,566.74,,,,,-0.90%
05/20/2024,571.9,,,,,0.25%
05/17/2024,570.48,,,,,0.04%
05/16/2024,570.24,,,,,1.54%
05/15/2024,561.58,,,,,0.46%
05/14/2024,559,,,,,0.21%
05/13/2024,557.84,,,,,0.65%
05-10-2024,554.25,,,,,0.90%
05-09-2024,549.33,,,,,-0.25%
05-08-2024,550.72,,,,,-0.34%
05-07-2024,552.59,,,,,0.26%
05-06-2024,551.15,,,,,0.59%
05-03-2024,547.94,,,,,1.04%
05-02-2024,542.29,,,,,0.80%
05-01-2024,537.99,,,,,-0.19%
04/30/2024,539.04,,,,,-0.29%
04/29/2024,540.63,,,,,0.88%
04/26/2024,535.9,,,,,0.81%
04/25/2024,531.57,,,,,-0.46%
04/24/2024,534.02,,,,,1.73%
04/23/2024,524.94,,,,,0.96%
04/22/2024,519.94,,,,,1.02%
04/19/2024,514.71,,,,,-1.66%
04/18/2024,523.4,,,,,0.74%
04/17/2024,519.58,,,,,0.25%
04/16/2024,518.27,,,,,-2.09%
04/15/2024,529.36,,,,,-0.96%
04-12-2024,534.49,,,,,-1.32%
04-11-2024,541.66,,,,,-0.34%
04-10-2024,543.52,,,,,0.30%
04-09-2024,541.88,,,,,0.67%
04-08-2024,538.3,,,,,0.23%
04-05-2024,537.07,,,,,-0.46%
04-04-2024,539.54,,,,,0.51%
04-03-2024,536.8,,,,,-0.83%
04-02-2024,541.29,,,,,0.79%
04-01-2024,537.06,,,,,-0.04%
03/29/2024,537.27,,,,,0.26%
03/28/2024,535.88,,,,,0.37%
03/27/2024,533.9,,,,,-0.40%
03/26/2024,536.02,,,,,0.34%
03/25/2024,534.23,,,,,-0.12%
03/22/2024,534.86,,,,,-0.98%
03/21/2024,540.18,,,,,1.82%
03/20/2024,530.55,,,,,0.17%
03/19/2024,529.64,,,,,-1.00%
03/18/2024,535,,,,,0.32%
03/15/2024,533.3,,,,,-1.40%
03/14/2024,540.87,,,,,0.06%
03/13/2024,540.53,,,,,-0.22%
03-12-2024,541.72,,,,,0.96%
03-11-2024,536.56,,,,,-0.14%
03-08-2024,537.31,,,,,1.02%
03-07-2024,531.87,,,,,0.40%
03-06-2024,529.74,,,,,0.71%
03-05-2024,526.02,,,,,-0.89%
03-04-2024,530.75,,,,,0.64%
03-01-2024,527.38,,,,,0.41%
02/29/2024,525.23,,,,,0.33%
02/28/2024,523.49,,,,,-0.80%
02/27/2024,527.72,,,,,0.22%
02/26/2024,526.55,,,,,-0.42%
02/23/2024,528.76,,,,,0.12%
02/22/2024,528.12,,,,,0.91%
02/21/2024,523.37,,,,,0.06%
02/20/2024,523.04,,,,,0.25%
02/19/2024,521.74,,,,,-0.07%
02/16/2024,522.11,,,,,1.00%
02/15/2024,516.92,,,,,1.03%
02/14/2024,511.65,,,,,0.10%
02/13/2024,511.13,,,,,-0.04%
02-12-2024,511.31,,,,,-0.13%
02-09-2024,511.96,,,,,-0.08%
02-08-2024,512.36,,,,,-0.43%
02-07-2024,514.56,,,,,0.45%
02-06-2024,512.24,,,,,1.45%
02-05-2024,504.9,,,,,-0.73%
02-02-2024,508.59,,,,,0.94%
02-01-2024,503.87,,,,,0.09%
01/31/2024,503.42,,,,,-0.27%
01/30/2024,504.77,,,,,-0.93%
01/29/2024,509.53,,,,,0.66%
01/26/2024,506.17,,,,,-0.44%
01/25/2024,508.4,,,,,0.69%
01/24/2024,504.92,,,,,1.25%
01/23/2024,498.7,,,,,0.63%
01/22/2024,495.58,,,,,-0.55%
01/19/2024,498.34,,,,,1.13%
01/18/2024,492.77,,,,,0.33%
01/17/2024,491.14,,,,,-2.30%
01/16/2024,502.7,,,,,-1.65%
01/15/2024,511.12,,,,,-0.13%
01-12-2024,511.79,,,,,0.11%
01-11-2024,511.25,,,,,0.58%
01-10-2024,508.29,,,,,-0.52%
01-09-2024,510.95,,,,,-0.09%
01-08-2024,511.41,,,,,-0.85%
01-05-2024,515.78,,,,,-0.32%
01-04-2024,517.45,,,,,-0.05%
01-03-2024,517.7,,,,,-1.39%
01-02-2024,525,,,,,-0.75%
01-01-2024,528.99,,,,,0.02%
12/29/2023,528.89,,,,,-0.03%
12/28/2023,529.04,,,,,1.54%
12/27/2023,521.02,,,,,1.17%
12/26/2023,514.97,,,,,0.42%
12/25/2023,512.82,,,,,0.04%
12/22/2023,512.6,,,,,-0.42%
12/21/2023,514.78,,,,,-0.03%
12/20/2023,514.91,,,,,0.13%
12/19/2023,514.24,,,,,0.09%
12/18/2023,513.78,,,,,-0.43%
12/15/2023,515.98,,,,,1.19%
12/14/2023,509.89,,,,,1.91%
12/13/2023,500.33,,,,,-0.36%
12-12-2023,502.15,,,,,0.48%
12-11-2023,499.75,,,,,-0.24%
12-08-2023,500.93,,,,,0.58%
12-07-2023,498.03,,,,,-0.47%
12-06-2023,500.4,,,,,0.63%
12-05-2023,497.27,,,,,-1.10%
12-04-2023,502.78,,,,,-0.03%
12-01-2023,502.94,,,,,-0.64%
11/30/2023,506.16,,,,,0.45%
11/29/2023,503.87,,,,,-0.30%
11/28/2023,505.4,,,,,0.73%
11/27/2023,501.73,,,,,-0.34%
11/24/2023,503.43,,,,,-0.73%
11/23/2023,507.13,,,,,0.35%
11/22/2023,505.34,,,,,-0.43%
11/21/2023,507.54,,,,,0.46%
11/20/2023,505.22,,,,,0.94%
11/17/2023,500.5,,,,,-0.57%
11/16/2023,503.35,,,,,-0.41%
11/15/2023,505.42,,,,,2.77%
11/14/2023,491.78,,,,,0.52%
11/13/2023,489.23,,,,,0.52%
11-10-2023,486.68,,,,,-1.10%
11-09-2023,492.11,,,,,-0.01%
11-08-2023,492.18,,,,,-0.33%
11-07-2023,493.79,,,,,-1.13%
11-06-2023,499.43,,,,,2.14%
11-03-2023,488.96,,,,,1.95%
11-02-2023,479.59,,,,,1.58%
11-01-2023,472.11,,,,,0.05%
10/31/2023,471.87,,,,,-0.93%
10/30/2023,476.29,,,,,0.18%
10/27/2023,475.42,,,,,1.11%
10/26/2023,470.21,,,,,-1.22%
10/25/2023,476.04,,,,,-0.06%
10/24/2023,476.31,,,,,0.33%
10/23/2023,474.72,,,,,-0.82%
10/20/2023,478.63,,,,,-0.60%
10/19/2023,481.51,,,,,-1.55%
10/18/2023,489.1,,,,,-0.53%
10/17/2023,491.72,,,,,0.56%
10/16/2023,488.96,,,,,-0.66%
10/13/2023,492.23,,,,,-1.32%
10-12-2023,498.82,,,,,0.59%
10-11-2023,495.89,,,,,1.26%
10-10-2023,489.7,,,,,0.76%
10-09-2023,485.99,,,,,-0.03%
10-06-2023,486.16,,,,,0.85%
10-05-2023,482.08,,,,,0.63%
10-04-2023,479.04,,,,,-1.17%
10-03-2023,484.69,,,,,-1.41%
10-02-2023,491.62,,,,,-0.10%
09/29/2023,492.1,,,,,1.04%
09/28/2023,487.05,,,,,-0.46%
09/27/2023,489.3,,,,,0.16%
09/26/2023,488.54,,,,,-1.02%
09/25/2023,493.59,,,,,-0.73%
09/22/2023,497.21,,,,,0.98%
09/21/2023,492.37,,,,,-1.63%
09/20/2023,500.53,,,,,-0.52%
09/19/2023,503.15,,,,,-0.18%
09/18/2023,504.07,,,,,-0.95%
09/15/2023,508.92,,,,,0.59%
09/14/2023,505.91,,,,,0.73%
09/13/2023,502.24,,,,,-0.23%
09-12-2023,503.42,,,,,-0.17%
09-11-2023,504.3,,,,,0.31%
09-08-2023,502.73,,,,,-0.02%
09-07-2023,502.82,,,,,-0.94%
09-06-2023,507.57,,,,,-0.38%
09-05-2023,509.52,,,,,-1.06%
09-04-2023,515,,,,,1.23%
09-01-2023,508.72,,,,,0.30%
08/31/2023,507.21,,,,,-0.36%
08/30/2023,509.05,,,,,0.40%
08/29/2023,507.02,,,,,1.15%
08/28/2023,501.25,,,,,0.77%
08/25/2023,497.4,,,,,-1.34%
08/24/2023,504.18,,,,,1.30%
08/23/2023,497.69,,,,,0.34%
08/22/2023,496,,,,,0.65%
08/21/2023,492.82,,,,,-0.69%
08/18/2023,496.24,,,,,-1.02%
08/17/2023,501.37,,,,,-0.29%
08/16/2023,502.83,,,,,-0.99%
08/15/2023,507.87,,,,,-0.37%
08/14/2023,509.77,,,,,-1.21%
08-11-2023,515.99,,,,,-1.07%
08-10-2023,521.56,,,,,-0.07%
08-09-2023,521.9,,,,,0.45%
08-08-2023,519.56,,,,,-1.21%
08-07-2023,525.92,,,,,-0.08%
08-04-2023,526.34,,,,,0.10%
08-03-2023,525.84,,,,,-0.28%
08-02-2023,527.3,,,,,-2.30%
08-01-2023,539.72,,,,,-0.37%
07/31/2023,541.7,,,,,0.58%
07/28/2023,538.58,,,,,0.46%
07/27/2023,536.14,,,,,0.52%
07/26/2023,533.35,,,,,0.00%
07/25/2023,533.34,,,,,1.95%
07/24/2023,523.16,,,,,-0.40%
07/21/2023,525.28,,,,,-0.50%
07/20/2023,527.94,,,,,-0.07%
07/19/2023,528.29,,,,,-0.29%
07/18/2023,529.84,,,,,-0.72%
07/17/2023,533.69,,,,,-0.20%
07/14/2023,534.76,,,,,0.85%
07/13/2023,530.23,,,,,1.98%
07-12-2023,519.94,,,,,1.12%
07-11-2023,514.16,,,,,1.46%
07-10-2023,506.74,,,,,0.06%
07-07-2023,506.45,,,,,-0.82%
07-06-2023,510.64,,,,,-1.73%
07-05-2023,519.62,,,,,-0.79%
07-04-2023,523.77,,,,,0.43%
07-03-2023,521.52,,,,,1.46%
06/30/2023,514,,,,,0.25%
06/29/2023,512.73,,,,,-0.52%
06/28/2023,515.43,,,,,-0.17%
06/27/2023,516.29,,,,,0.80%
06/26/2023,512.19,,,,,-0.36%
06/23/2023,514.02,,,,,-1.32%
06/22/2023,520.9,,,,,-0.42%
06/21/2023,523.09,,,,,-1.01%
06/20/2023,528.45,,,,,-0.90%
06/19/2023,533.23,,,,,-0.63%
06/16/2023,536.63,,,,,0.83%
06/15/2023,532.23,,,,,0.90%
06/14/2023,527.48,,,,,0.00%
06/13/2023,527.5,,,,,1.11%
06-12-2023,521.73,,,,,0.17%
06-09-2023,520.85,,,,,0.72%
06-08-2023,517.15,,,,,-0.01%
06-07-2023,517.22,,,,,0.55%
06-06-2023,514.38,,,,,-0.09%
06-05-2023,514.86,,,,,0.24%
06-02-2023,513.64,,,,,2.23%
06-01-2023,502.45,,,,,0.31%
05/31/2023,500.92,,,,,-1.38%
05/30/2023,507.95,,,,,-0.03%
05/29/2023,508.09,,,,,0.12%
05/26/2023,507.49,,,,,0.78%
05/25/2023,503.58,,,,,-0.91%
05/24/2023,508.21,,,,,-1.04%
05/23/2023,513.54,,,,,-0.50%
05/22/2023,516.14,,,,,0.55%
05/19/2023,513.32,,,,,0.16%
05/18/2023,512.48,,,,,0.30%
05/17/2023,510.94,,,,,-0.60%
05/16/2023,514.05,,,,,-0.04%
05/15/2023,514.24,,,,,0.78%
05-12-2023,510.27,,,,,-0.79%
05-11-2023,514.32,,,,,-0.30%
05-10-2023,515.89,,,,,-0.29%
05-09-2023,517.4,,,,,-0.83%
05-08-2023,521.74,,,,,0.89%
05-05-2023,517.16,,,,,0.44%
05-04-2023,514.87,,,,,0.68%
05-03-2023,511.38,,,,,-0.68%
05-02-2023,514.86,,,,,-0.06%
05-01-2023,515.18,,,,,0.12%
04/28/2023,514.57,,,,,0.49%
04/27/2023,512.04,,,,,0.25%
04/26/2023,510.76,,,,,0.20%
04/25/2023,509.73,,,,,-1.25%
04/24/2023,516.19,,,,,-0.35%
04/21/2023,518.02,,,,,-1.10%
04/20/2023,523.76,,,,,-0.03%
04/19/2023,523.94,,,,,-0.80%
04/18/2023,528.17,,,,,-0.33%
04/17/2023,529.9,,,,,0.32%
04/14/2023,528.22,,,,,0.32%
04/13/2023,526.52,,,,,0.34%
04-12-2023,524.76,,,,,-0.25%
04-11-2023,526.08,,,,,0.64%
04-10-2023,522.71,,,,,0.04%
04-07-2023,522.51,,,,,0.25%
04-06-2023,521.21,,,,,-0.44%
04-05-2023,523.51,,,,,0.09%
04-04-2023,523.06,,,,,-0.28%
04-03-2023,524.54,,,,,0.11%
03/31/2023,523.94,,,,,0.63%
03/30/2023,520.66,,,,,0.57%
03/29/2023,517.71,,,,,0.82%
03/28/2023,513.49,,,,,0.75%
03/27/2023,509.68,,,,,-0.88%
03/24/2023,514.2,,,,,-0.70%
03/23/2023,517.82,,,,,1.60%
03/22/2023,509.69,,,,,1.23%
03/21/2023,503.5,,,,,0.82%
03/20/2023,499.41,,,,,-1.34%
03/17/2023,506.17,,,,,1.46%
03/16/2023,498.89,,,,,-0.87%
03/15/2023,503.29,,,,,0.64%
03/14/2023,500.11,,,,,-1.73%
03/13/2023,508.92,,,,,1.11%
03-10-2023,503.31,,,,,-1.70%
03-09-2023,512.03,,,,,-0.79%
03-08-2023,516.13,,,,,-1.42%
03-07-2023,523.56,,,,,-0.47%
03-06-2023,526.02,,,,,0.49%
03-03-2023,523.44,,,,,0.78%
03-02-2023,519.37,,,,,-0.34%
03-01-2023,521.14,,,,,1.91%
02/28/2023,511.39,,,,,-0.22%
02/27/2023,512.52,,,,,-0.64%
02/24/2023,515.83,,,,,-1.41%
02/23/2023,523.2,,,,,0.24%
02/22/2023,521.95,,,,,-1.30%
02/21/2023,528.81,,,,,-0.91%
02/20/2023,533.68,,,,,0.74%
02/17/2023,529.76,,,,,-1.31%
02/16/2023,536.79,,,,,0.69%
02/15/2023,533.13,,,,,-1.53%
02/14/2023,541.41,,,,,0.22%
02/13/2023,540.21,,,,,-0.27%
02-10-2023,541.67,,,,,-1.21%
02-09-2023,548.31,,,,,0.55%
02-08-2023,545.3,,,,,0.55%
02-07-2023,542.32,,,,,0.26%
02-06-2023,540.89,,,,,-2.32%
02-03-2023,553.71,,,,,-0.61%
02-02-2023,557.09,,,,,0.28%
02-01-2023,555.51,,,,,1.16%
01/31/2023,549.14,,,,,-1.22%
01/30/2023,555.95,,,,,-0.67%
01/27/2023,559.71,,,,,0.13%
01/26/2023,559.01,,,,,1.14%
01/25/2023,552.7,,,,,0.17%
01/24/2023,551.74,,,,,0.03%
01/23/2023,551.56,,,,,0.25%
01/20/2023,550.16,,,,,0.97%
01/19/2023,544.89,,,,,-0.19%
01/18/2023,545.91,,,,,0.25%
01/17/2023,544.56,,,,,-0.32%
01/16/2023,546.3,,,,,0.37%
01/13/2023,544.26,,,,,1.21%
01-12-2023,537.74,,,,,0.37%
01-11-2023,535.77,,,,,0.30%
01-10-2023,534.15,,,,,-0.29%
01-09-2023,535.69,,,,,2.54%
01-06-2023,522.43,,,,,0.40%
01-05-2023,520.34,,,,,0.59%
01-04-2023,517.3,,,,,1.79%
01-03-2023,508.19,,,,,0.46%
01-02-2023,505.85,,,,,0.04%
12/30/2022,505.64,,,,,0.16%
12/29/2022,504.85,,,,,-0.52%
12/28/2022,507.51,,,,,-0.03%
12/27/2022,507.68,,,,,0.58%
12/26/2022,504.74,,,,,0.25%
12/23/2022,503.5,,,,,-1.14%
12/22/2022,509.3,,,,,1.19%
12/21/2022,503.29,,,,,0.40%
12/20/2022,501.28,,,,,-1.19%
12/19/2022,507.34,,,,,-0.21%
12/16/2022,508.41,,,,,-0.59%
12/15/2022,511.45,,,,,-1.64%
12/14/2022,519.99,,,,,0.96%
12/13/2022,515.04,,,,,0.54%
12-12-2022,512.27,,,,,-1.32%
12-09-2022,519.14,,,,,1.27%
12-08-2022,512.62,,,,,1.23%
12-07-2022,506.41,,,,,-1.48%
12-06-2022,514,,,,,-1.27%
12-05-2022,520.6,,,,,1.54%
12-02-2022,512.7,,,,,-0.67%
12-01-2022,516.17,,,,,1.40%
11/30/2022,509.05,,,,,1.71%
11/29/2022,500.48,,,,,2.48%
11/28/2022,488.37,,,,,-1.19%
11/25/2022,494.23,,,,,-0.29%
11/24/2022,495.68,,,,,1.31%
11/23/2022,489.29,,,,,0.75%
11/22/2022,485.63,,,,,-0.20%
11/21/2022,486.6,,,,,-1.48%
11/18/2022,493.9,,,,,0.00%
11/17/2022,493.92,,,,,-1.12%
11/16/2022,499.5,,,,,-0.58%
11/15/2022,502.39,,,,,2.59%
11/14/2022,489.71,,,,,0.59%
11-11-2022,486.85,,,,,5.93%
11-10-2022,459.6,,,,,-0.57%
11-09-2022,462.25,,,,,0.01%
11-08-2022,462.22,,,,,0.57%
11-07-2022,459.61,,,,,1.70%
11-04-2022,451.92,,,,,2.88%
11-03-2022,439.25,,,,,-1.97%
11-02-2022,448.08,,,,,0.81%
11-01-2022,444.48,,,,,2.52%
10/31/2022,433.57,,,,,0.24%
10/28/2022,432.53,,,,,-1.88%
10/27/2022,440.8,,,,,0.82%
10/26/2022,437.23,,,,,1.26%
10/25/2022,431.8,,,,,0.41%
10/24/2022,430.04,,,,,-2.20%
10/21/2022,439.7,,,,,-0.61%
10/20/2022,442.39,,,,,-0.43%
10/19/2022,444.32,,,,,-1.47%
10/18/2022,450.96,,,,,1.56%
10/17/2022,444.05,,,,,-0.26%
10/14/2022,445.2,,,,,1.41%
10/13/2022,439.03,,,,,-1.34%
10-12-2022,444.98,,,,,0.14%
10-11-2022,444.36,,,,,-2.23%
10-10-2022,454.51,,,,,-1.84%
10-07-2022,463.05,,,,,-1.44%
10-06-2022,469.83,,,,,-0.04%
10-05-2022,470.03,,,,,2.36%
10-04-2022,459.2,,,,,2.06%
10-03-2022,449.95,,,,,-0.62%
09/30/2022,452.76,,,,,-0.13%
09/29/2022,453.36,,,,,-0.06%
09/28/2022,453.64,,,,,-2.06%
09/27/2022,463.17,,,,,0.17%
09/26/2022,462.39,,,,,-1.57%
09/23/2022,469.78,,,,,-1.84%
09/22/2022,478.6,,,,,-1.20%
09/21/2022,484.39,,,,,-1.69%
09/20/2022,492.74,,,,,0.91%
09/19/2022,488.32,,,,,-0.56%
09/16/2022,491.09,,,,,-1.55%
09/15/2022,498.82,,,,,-0.30%
09/14/2022,500.31,,,,,-2.14%
09/13/2022,511.27,,,,,0.24%
09-12-2022,510.04,,,,,0.83%
09-09-2022,505.85,,,,,1.45%
09-08-2022,498.6,,,,,0.34%
09-07-2022,496.9,,,,,-1.13%
09-06-2022,502.59,,,,,-0.20%
09-05-2022,503.61,,,,,-0.55%
09-02-2022,506.38,,,,,-0.55%
09-01-2022,509.18,,,,,-2.07%
08/31/2022,519.92,,,,,0.39%
08/30/2022,517.89,,,,,0.42%
08/29/2022,515.74,,,,,-1.80%
08/26/2022,525.22,,,,,0.42%
08/25/2022,523.04,,,,,1.95%
08/24/2022,513.02,,,,,-0.48%
08/23/2022,515.49,,,,,-0.58%
08/22/2022,518.49,,,,,-0.97%
08/19/2022,523.55,,,,,-0.63%
08/18/2022,526.86,,,,,-0.45%
08/17/2022,529.24,,,,,-0.02%
08/16/2022,529.36,,,,,-0.10%
08/15/2022,529.91,,,,,-0.25%
08-12-2022,531.22,,,,,0.11%
08-11-2022,530.62,,,,,1.90%
08-10-2022,520.73,,,,,-0.64%
08-09-2022,524.11,,,,,-0.11%
08-08-2022,524.7,,,,,-0.31%
08-05-2022,526.34,,,,,0.70%
08-04-2022,522.7,,,,,0.87%
08-03-2022,518.18,,,,,0.12%
08-02-2022,517.56,,,,,-1.16%
08-01-2022,523.61,,,,,0.25%
07/29/2022,522.31,,,,,-0.38%
07/28/2022,524.3,,,,,0.70%
07/27/2022,520.67,,,,,-0.19%
07/26/2022,521.67,,,,,0.35%
07/25/2022,519.84,,,,,-0.29%
07/22/2022,521.34,,,,,0.02%
07/21/2022,521.23,,,,,0.15%
07/20/2022,520.45,,,,,0.96%
07/19/2022,515.5,,,,,-0.23%
07/18/2022,516.69,,,,,1.88%
07/15/2022,507.14,,,,,-0.53%
07/14/2022,509.84,,,,,-0.31%
07/13/2022,511.45,,,,,0.47%
07-12-2022,509.05,,,,,-1.15%
07-11-2022,514.95,,,,,-1.99%
07-08-2022,525.4,,,,,0.60%
07-07-2022,522.29,,,,,1.29%
07-06-2022,515.63,,,,,-1.10%
07-05-2022,521.35,,,,,0.17%
07-04-2022,520.49,,,,,0.25%
07-01-2022,519.21,,,,,-0.96%
06/30/2022,524.24,,,,,-1.22%
06/29/2022,530.7,,,,,-1.64%
06/28/2022,539.53,,,,,0.32%
06/27/2022,537.82,,,,,1.65%
06/24/2022,529.11,,,,,1.62%
06/23/2022,520.67,,,,,0.48%
06/22/2022,518.16,,,,,-2.12%
06/21/2022,529.39,,,,,1.68%
06/20/2022,520.63,,,,,-0.15%
06/17/2022,521.43,,,,,-0.46%
06/16/2022,523.83,,,,,-1.12%
06/15/2022,529.79,,,,,0.04%
06/14/2022,529.6,,,,,-0.58%
06/13/2022,532.68,,,,,-3.14%
06-10-2022,549.95,,,,,-1.15%
06-09-2022,556.36,,,,,-0.85%
06-08-2022,561.14,,,,,1.32%
06-07-2022,553.84,,,,,-0.92%
06-06-2022,558.98,,,,,0.95%
06-03-2022,553.72,,,,,0.12%
06-02-2022,553.04,,,,,-0.64%
06-01-2022,556.59,,,,,-0.44%
05/31/2022,559.06,,,,,0.87%
05/30/2022,554.25,,,,,2.11%
05/27/2022,542.82,,,,,2.17%
05/26/2022,531.29,,,,,-0.02%
05/25/2022,531.42,,,,,0.27%
05/24/2022,529.98,,,,,-1.58%
05/23/2022,538.51,,,,,-0.21%
05/20/2022,539.67,,,,,2.03%
05/19/2022,528.93,,,,,-1.86%
05/18/2022,538.96,,,,,0.56%
05/17/2022,535.98,,,,,2.35%
05/16/2022,523.69,,,,,0.24%
05/13/2022,522.42,,,,,1.92%
05-12-2022,512.57,,,,,-2.42%
05-11-2022,525.28,,,,,0.37%
05-10-2022,523.36,,,,,-0.88%
05-09-2022,527.98,,,,,-1.66%
05-06-2022,536.9,,,,,-2.91%
05-05-2022,552.98,,,,,-0.12%
05-04-2022,553.65,,,,,-0.44%
05-03-2022,556.11,,,,,-0.20%
05-02-2022,557.23,,,,,-0.43%
04/29/2022,559.65,,,,,2.28%
04/28/2022,547.18,,,,,1.03%
04/27/2022,541.58,,,,,-0.75%
04/26/2022,545.7,,,,,0.12%
04/25/2022,545.02,,,,,-2.54%
04/22/2022,559.24,,,,,-1.19%
04/21/2022,565.95,,,,,-0.68%
04/20/2022,569.83,,,,,0.16%
04/19/2022,568.94,,,,,-0.64%
04/18/2022,572.6,,,,,-0.74%
04/15/2022,576.84,,,,,-0.38%
04/14/2022,579.04,,,,,0.18%
04/13/2022,577.98,,,,,0.72%
04-12-2022,573.82,,,,,-0.10%
04-11-2022,574.38,,,,,-1.64%
04-08-2022,583.96,,,,,0.16%
04-07-2022,583.03,,,,,-1.58%
04-06-2022,592.38,,,,,-1.45%
04-05-2022,601.07,,,,,0.11%
04-04-2022,600.41,,,,,1.40%
04-01-2022,592.13,,,,,0.14%
03/31/2022,591.32,,,,,-0.75%
03/30/2022,595.81,,,,,1.29%
03/29/2022,588.2,,,,,0.90%
03/28/2022,582.98,,,,,0.03%
03/25/2022,582.81,,,,,-1.10%
03/24/2022,589.31,,,,,-0.45%
03/23/2022,591.97,,,,,0.86%
03/22/2022,586.91,,,,,1.52%
03/21/2022,578.12,,,,,-0.87%
03/18/2022,583.21,,,,,0.25%
03/17/2022,581.75,,,,,3.95%
03/16/2022,559.64,,,,,5.10%
03/15/2022,532.48,,,,,-2.72%
03/14/2022,547.35,,,,,-2.42%
03-11-2022,560.9,,,,,-1.67%
03-10-2022,570.44,,,,,1.55%
03-09-2022,561.72,,,,,0.76%
03-08-2022,557.5,,,,,-1.46%
03-07-2022,565.78,,,,,-3.07%
03-04-2022,583.67,,,,,-1.89%
03-03-2022,594.89,,,,,0.21%
03-02-2022,593.64,,,,,-0.86%
03-01-2022,598.8,,,,,0.40%
02/28/2022,596.44,,,,,0.38%
02/25/2022,594.16,,,,,0.89%
02/24/2022,588.92,,,,,-3.67%
02/23/2022,611.36,,,,,0.26%
02/22/2022,609.8,,,,,-1.43%
02/21/2022,618.66,,,,,-0.39%
02/18/2022,621.1,,,,,-0.96%
02/17/2022,627.1,,,,,0.36%
02/16/2022,624.84,,,,,1.21%
02/15/2022,617.34,,,,,0.31%
02/14/2022,615.44,,,,,-1.51%
02-11-2022,624.89,,,,,-0.92%
02-10-2022,630.69,,,,,0.82%
02-09-2022,625.57,,,,,1.79%
02-08-2022,614.58,,,,,0.04%
02-07-2022,614.36,,,,,-0.15%
02-04-2022,615.27,,,,,1.07%
02-03-2022,608.78,,,,,0.01%
02-02-2022,608.69,,,,,0.24%
02-01-2022,607.21,,,,,0.43%
01/31/2022,604.62,,,,,1.09%
01/28/2022,598.09,,,,,0.07%
01/27/2022,597.67,,,,,-2.26%
01/26/2022,611.5,,,,,-0.13%
01/25/2022,612.3,,,,,-1.50%
01/24/2022,621.63,,,,,-1.33%
01/21/2022,630.01,,,,,-1.15%
01/20/2022,637.34,,,,,1.32%
01/19/2022,629.06,,,,,-0.48%
01/18/2022,632.07,,,,,-0.76%
01/17/2022,636.88,,,,,-0.27%
01/14/2022,638.63,,,,,-0.61%
01/13/2022,642.55,,,,,-0.07%
01-12-2022,643.01,,,,,1.84%
01-11-2022,631.41,,,,,0.39%
01-10-2022,628.97,,,,,0.50%
01-07-2022,625.81,,,,,0.87%
01-06-2022,620.41,,,,,-0.91%
01-05-2022,626.1,,,,,-0.98%
01-04-2022,632.3,,,,,0.44%
01-03-2022,629.51,,,,,-0.05%
12/31/2021,629.85,,,,,0.62%
12/30/2021,625.97,,,,,0.21%
12/29/2021,624.65,,,,,-0.37%
12/28/2021,626.94,,,,,0.44%
12/27/2021,624.18,,,,,0.05%
12/24/2021,623.88,,,,,0.10%
12/23/2021,623.26,,,,,0.82%
12/22/2021,618.22,,,,,0.57%
12/21/2021,614.71,,,,,1.24%
12/20/2021,607.2,,,,,-1.93%
12/17/2021,619.13,,,,,-0.68%
12/16/2021,623.34,,,,,0.40%
12/15/2021,620.83,,,,,-0.64%
12/14/2021,624.81,,,,,-0.77%
12/13/2021,629.66,,,,,-0.50%
12-10-2021,632.8,,,,,-0.76%
12-09-2021,637.63,,,,,0.58%
12-08-2021,633.95,,,,,0.77%
12-07-2021,629.1,,,,,1.89%
12-06-2021,617.44,,,,,-0.89%
12-03-2021,623,,,,,-0.88%
12-02-2021,628.55,,,,,0.53%
12-01-2021,625.26,,,,,1.00%
11/30/2021,619.08,,,,,-0.85%
11/29/2021,624.39,,,,,-0.54%
11/26/2021,627.77,,,,,-2.37%
11/25/2021,642.99,,,,,0.06%
11/24/2021,642.61,,,,,-0.20%
11/23/2021,643.92,,,,,-0.48%
11/22/2021,647.03,,,,,-0.23%
11/19/2021,648.55,,,,,-0.18%
11/18/2021,649.73,,,,,-0.75%
11/17/2021,654.65,,,,,-0.57%
11/16/2021,658.38,,,,,0.32%
11/15/2021,656.28,,,,,0.33%
11-12-2021,654.12,,,,,0.73%
11-11-2021,649.36,,,,,0.15%
11-10-2021,648.41,,,,,0.08%
11-09-2021,647.88,,,,,0.10%
11-08-2021,647.26,,,,,0.28%
11-05-2021,645.43,,,,,-0.29%
11-04-2021,647.31,,,,,0.34%
11-03-2021,645.13,,,,,-0.03%
11-02-2021,645.35,,,,,-0.39%
11-01-2021,647.86,,,,,0.06%
10/29/2021,647.46,,,,,-0.97%
10/28/2021,653.79,,,,,-0.32%
10/27/2021,655.88,,,,,-0.86%
10/26/2021,661.55,,,,,0.01%
10/25/2021,661.51,,,,,0.14%
10/22/2021,660.57,,,,,0.09%
10/21/2021,659.95,,,,,-0.34%
10/20/2021,662.22,,,,,0.60%
10/19/2021,658.28,,,,,1.16%
10/18/2021,650.71,,,,,0.08%
10/15/2021,650.18,,,,,1.25%
10/14/2021,642.14,,,,,0.51%
10/13/2021,638.85,,,,,0.51%
10-12-2021,635.61,,,,,-1.00%
10-11-2021,642.03,,,,,0.64%
10-08-2021,637.97,,,,,0.34%
10-07-2021,635.81,,,,,2.17%
10-06-2021,622.3,,,,,-0.79%
10-05-2021,627.24,,,,,-0.16%
10-04-2021,628.27,,,,,-0.44%
10-01-2021,631.07,,,,,-0.87%
09/30/2021,636.63,,,,,0.44%
09/29/2021,633.84,,,,,-0.94%
09/28/2021,639.88,,,,,-0.57%
09/27/2021,643.52,,,,,0.21%
09/24/2021,642.16,,,,,-0.63%
09/23/2021,646.2,,,,,0.97%
09/22/2021,639.97,,,,,-0.12%
09/21/2021,640.75,,,,,0.26%
09/20/2021,639.07,,,,,-1.76%
09/17/2021,650.5,,,,,0.29%
09/16/2021,648.61,,,,,-0.83%
09/15/2021,654.03,,,,,-0.77%
09/14/2021,659.08,,,,,-0.48%
09/13/2021,662.23,,,,,-0.78%
09-10-2021,667.43,,,,,0.83%
09-09-2021,661.91,,,,,-1.31%
09-08-2021,670.71,,,,,-0.70%
09-07-2021,675.46,,,,,0.09%
09-06-2021,674.84,,,,,0.59%
09-03-2021,670.9,,,,,0.36%
09-02-2021,668.47,,,,,0.05%
09-01-2021,668.11,,,,,0.42%
08/31/2021,665.3,,,,,1.56%
08/30/2021,655.05,,,,,0.93%
08/27/2021,648.99,,,,,0.32%
08/26/2021,646.94,,,,,-0.69%
08/25/2021,651.46,,,,,0.38%
08/24/2021,649.01,,,,,2.41%
08/23/2021,633.75,,,,,1.41%
08/20/2021,624.94,,,,,-0.98%
08/19/2021,631.13,,,,,-2.14%
08/18/2021,644.9,,,,,0.53%
08/17/2021,641.53,,,,,-1.51%
08/16/2021,651.37,,,,,-0.75%
08/13/2021,656.31,,,,,-0.67%
08-12-2021,660.73,,,,,-0.55%
08-11-2021,664.4,,,,,-0.20%
08-10-2021,665.73,,,,,0.35%
08-09-2021,663.43,,,,,0.18%
08-06-2021,662.24,,,,,-0.43%
08-05-2021,665.1,,,,,-0.36%
08-04-2021,667.52,,,,,0.86%
08-03-2021,661.85,,,,,0.05%
08-02-2021,661.49,,,,,1.32%
07/30/2021,652.87,,,,,-1.12%
07/29/2021,660.25,,,,,2.08%
07/28/2021,646.81,,,,,0.81%
07/27/2021,641.6,,,,,-2.13%
07/26/2021,655.55,,,,,-2.45%
07/23/2021,672.01,,,,,-1.19%
07/22/2021,680.1,,,,,1.29%
07/21/2021,671.47,,,,,0.18%
07/20/2021,670.29,,,,,-0.59%
07/19/2021,674.29,,,,,-1.58%
07/16/2021,685.13,,,,,-0.56%
07/15/2021,688.98,,,,,0.75%
07/14/2021,683.88,,,,,-0.27%
07/13/2021,685.75,,,,,0.99%
07-12-2021,679.03,,,,,0.74%
07-09-2021,674.03,,,,,0.00%
07-08-2021,674.05,,,,,-1.73%
07-07-2021,685.9,,,,,-0.41%
07-06-2021,688.71,,,,,-0.37%
07-05-2021,691.24,,,,,0.12%
07-02-2021,690.38,,,,,-0.93%
07-01-2021,696.89,,,,,-0.56%
06/30/2021,700.79,,,,,-0.04%
06/29/2021,701.04,,,,,-0.42%
06/28/2021,704.02,,,,,0.08%
06/25/2021,703.45,,,,,1.04%
06/24/2021,696.22,,,,,0.29%
06/23/2021,694.18,,,,,0.93%
06/22/2021,687.8,,,,,-0.05%
06/21/2021,688.17,,,,,-1.07%
06/18/2021,695.63,,,,,-0.12%
06/17/2021,696.44,,,,,-0.54%
06/16/2021,700.24,,,,,-0.56%
06/15/2021,704.17,,,,,-0.12%
06/14/2021,705.02,,,,,-0.02%
06-11-2021,705.16,,,,,0.25%
06-10-2021,703.37,,,,,0.51%
06-09-2021,699.77,,,,,-0.49%
06-08-2021,703.2,,,,,-0.17%
06-07-2021,704.42,,,,,-0.09%
06-04-2021,705.06,,,,,-0.05%
06-03-2021,705.41,,,,,-0.42%
06-02-2021,708.39,,,,,-0.35%
06-01-2021,710.86,,,,,0.87%
05/31/2021,704.75,,,,,0.89%
05/28/2021,698.55,,,,,0.41%
05/27/2021,695.72,,,,,0.03%
05/26/2021,695.49,,,,,0.38%
05/25/2021,692.88,,,,,1.60%
05/24/2021,682,,,,,-0.20%
05/21/2021,683.39,,,,,0.03%
05/20/2021,683.17,,,,,0.26%
05/19/2021,681.42,,,,,-0.59%
05/18/2021,685.48,,,,,1.76%
05/17/2021,673.61,,,,,0.19%
05/14/2021,672.31,,,,,1.17%
05/13/2021,664.55,,,,,-1.85%
05-12-2021,677.1,,,,,-1.06%
05-11-2021,684.38,,,,,-1.56%
05-10-2021,695.2,,,,,0.09%
05-07-2021,694.56,,,,,0.49%
05-06-2021,691.19,,,,,0.34%
05-05-2021,688.83,,,,,-0.30%
05-04-2021,690.89,,,,,-0.10%
05-03-2021,691.61,,,,,-0.68%
04/30/2021,696.37,,,,,-1.23%
04/29/2021,705.02,,,,,0.14%
04/28/2021,704,,,,,0.11%
04/27/2021,703.26,,,,,0.08%
04/26/2021,702.72,,,,,0.60%
04/23/2021,698.51,,,,,0.82%
04/22/2021,692.83,,,,,0.40%
04/21/2021,690.05,,,,,-0.88%
04/20/2021,696.15,,,,,-0.08%
04/19/2021,696.68,,,,,0.12%
04/16/2021,695.84,,,,,0.46%
04/15/2021,692.67,,,,,0.30%
04/14/2021,690.61,,,,,0.95%
04/13/2021,684.12,,,,,0.20%
04-12-2021,682.77,,,,,-0.69%
04-09-2021,687.53,,,,,-0.81%
04-08-2021,693.15,,,,,0.55%
04-07-2021,689.35,,,,,-0.57%
04-06-2021,693.29,,,,,0.70%
04-05-2021,688.45,,,,,-0.03%
04-02-2021,688.69,,,,,0.19%
04-01-2021,687.36,,,,,1.44%
03/31/2021,677.61,,,,,-0.42%
03/30/2021,680.46,,,,,0.48%
03/29/2021,677.18,,,,,0.11%
03/26/2021,676.46,,,,,1.41%
03/25/2021,667.04,,,,,-0.55%
03/24/2021,670.76,,,,,-1.86%
03/23/2021,683.46,,,,,-0.85%
03/22/2021,689.33,,,,,0.19%
03/19/2021,688.05,,,,,-1.00%
03/18/2021,694.99,,,,,0.36%
03/17/2021,692.47,,,,,-0.33%
03/16/2021,694.77,,,,,0.65%
03/15/2021,690.25,,,,,-0.51%
03-12-2021,693.81,,,,,-0.64%
03-11-2021,698.27,,,,,2.14%
03-10-2021,683.64,,,,,0.11%
03-09-2021,682.91,,,,,0.79%
03-08-2021,677.56,,,,,-2.05%
03-05-2021,691.72,,,,,-0.80%
03-04-2021,697.29,,,,,-2.40%
03-03-2021,714.43,,,,,1.55%
03-02-2021,703.5,,,,,-0.35%
03-01-2021,706,,,,,1.79%
02/26/2021,693.59,,,,,-3.67%
02/25/2021,719.98,,,,,0.99%
02/24/2021,712.94,,,,,-1.71%
02/23/2021,725.32,,,,,0.24%
02/22/2021,723.57,,,,,-1.70%
02/19/2021,736.06,,,,,0.19%
02/18/2021,734.69,,,,,-1.22%
02/17/2021,743.73,,,,,0.25%
02/16/2021,741.91,,,,,0.59%
02/15/2021,737.59,,,,,0.56%
02-12-2021,733.45,,,,,-0.10%
02-11-2021,734.22,,,,,0.32%
02-10-2021,731.88,,,,,1.05%
02-09-2021,724.27,,,,,0.57%
02-08-2021,720.18,,,,,0.42%
02-05-2021,717.2,,,,,0.58%
02-04-2021,713.03,,,,,-0.52%
02-03-2021,716.76,,,,,0.92%
02-02-2021,710.26,,,,,1.35%
02-01-2021,700.83,,,,,2.34%
01/29/2021,684.8,,,,,-1.37%
01/28/2021,694.32,,,,,-2.04%
01/27/2021,708.8,,,,,-1.09%
01/26/2021,716.62,,,,,-1.57%
01/25/2021,728.05,,,,,1.33%
01/22/2021,718.46,,,,,-0.85%
01/21/2021,724.59,,,,,0.72%
01/20/2021,719.41,,,,,1.43%
01/19/2021,709.3,,,,,2.03%
01/18/2021,695.21,,,,,-0.24%
01/15/2021,696.88,,,,,-0.67%
01/14/2021,701.61,,,,,0.40%
01/13/2021,698.84,,,,,0.68%
01-12-2021,694.14,,,,,0.25%
01-11-2021,692.4,,,,,-0.45%
01-08-2021,695.51,,,,,2.32%
01-07-2021,679.77,,,,,0.64%
01-06-2021,675.44,,,,,-0.56%
01-05-2021,679.22,,,,,1.41%
01-04-2021,669.77,,,,,1.12%
01-01-2021,662.38,,,,,0.04%
12/31/2020,662.14,,,,,0.04%
12/30/2020,661.89,,,,,1.87%
12/29/2020,649.74,,,,,1.08%
12/28/2020,642.77,,,,,-0.18%
12/25/2020,643.93,,,,,0.12%
12/24/2020,643.14,,,,,-0.23%
12/23/2020,644.63,,,,,0.90%
12/22/2020,638.91,,,,,-1.05%
12/21/2020,645.67,,,,,-0.48%
12/18/2020,648.76,,,,,-0.48%
12/17/2020,651.92,,,,,0.66%
12/16/2020,647.63,,,,,1.14%
12/15/2020,640.31,,,,,-0.26%
12/14/2020,641.95,,,,,-0.40%
12-11-2020,644.51,,,,,0.16%
12-10-2020,643.46,,,,,-0.26%
12-09-2020,645.16,,,,,0.42%
12-08-2020,642.44,,,,,0.00%
12-07-2020,642.42,,,,,0.10%
12-04-2020,641.79,,,,,0.83%
12-03-2020,636.49,,,,,0.85%
12-02-2020,631.1,,,,,0.27%
12-01-2020,629.39,,,,,1.21%
11/30/2020,621.85,,,,,-2.10%
11/27/2020,635.2,,,,,0.15%
11/26/2020,634.25,,,,,0.67%
11/25/2020,630.06,,,,,-0.57%
11/24/2020,633.67,,,,,0.56%
11/23/2020,630.11,,,,,0.79%
11/20/2020,625.2,,,,,0.83%
11/19/2020,620.08,,,,,-0.52%
11/18/2020,623.31,,,,,0.51%
11/17/2020,620.13,,,,,-0.09%
11/16/2020,620.69,,,,,1.27%
11/13/2020,612.92,,,,,0.45%
11-12-2020,610.16,,,,,0.18%
11-11-2020,609.05,,,,,0.23%
11-10-2020,607.67,,,,,-0.64%
11-09-2020,611.57,,,,,0.92%
11-06-2020,605.97,,,,,0.75%
11-05-2020,601.45,,,,,2.56%
11-04-2020,586.44,,,,,0.93%
11-03-2020,581.04,,,,,0.87%
11-02-2020,576.03,,,,,0.98%
10/30/2020,570.43,,,,,-1.50%
10/29/2020,579.12,,,,,-0.28%
10/28/2020,580.74,,,,,-0.61%
10/27/2020,584.29,,,,,0.14%
10/26/2020,583.48,,,,,-0.26%
10/23/2020,585.03,,,,,0.00%
10/22/2020,585.03,,,,,-0.26%
10/21/2020,586.54,,,,,0.42%
10/20/2020,584.11,,,,,0.25%
10/19/2020,582.67,,,,,0.36%
10/16/2020,580.57,,,,,0.22%
10/15/2020,579.3,,,,,-1.30%
10/14/2020,586.92,,,,,-0.20%
10/13/2020,588.1,,,,,0.10%
10-12-2020,587.51,,,,,1.29%
10-09-2020,580,,,,,0.33%
10-08-2020,578.08,,,,,0.76%
10-07-2020,573.7,,,,,0.83%
10-06-2020,568.95,,,,,0.89%
10-05-2020,563.92,,,,,1.21%
10-02-2020,557.18,,,,,-0.42%
10-01-2020,559.53,,,,,0.42%
09/30/2020,557.21,,,,,0.73%
09/29/2020,553.16,,,,,0.05%
09/28/2020,552.87,,,,,0.96%
09/25/2020,547.59,,,,,0.51%
09/24/2020,544.8,,,,,-2.15%
09/23/2020,556.77,,,,,0.04%
09/22/2020,556.53,,,,,-1.01%
09/21/2020,562.18,,,,,-1.26%
09/18/2020,569.35,,,,,0.35%
09/17/2020,567.34,,,,,-1.15%
09/16/2020,573.94,,,,,0.58%
09/15/2020,570.64,,,,,0.65%
09/14/2020,566.97,,,,,1.06%
09-11-2020,561.03,,,,,0.47%
09-10-2020,558.41,,,,,0.04%
09-09-2020,558.16,,,,,-0.72%
09-08-2020,562.2,,,,,-0.33%
09-07-2020,564.07,,,,,-0.22%
09-04-2020,565.31,,,,,-1.48%
09-03-2020,573.78,,,,,-0.72%
09-02-2020,577.92,,,,,0.24%
09-01-2020,576.56,,,,,0.89%
08/31/2020,571.45,,,,,-1.26%
08/28/2020,578.73,,,,,0.40%
08/27/2020,576.44,,,,,-0.14%
08/26/2020,577.24,,,,,0.38%
08/25/2020,575.06,,,,,0.70%
08/24/2020,571.04,,,,,1.38%
08/21/2020,563.24,,,,,1.02%
08/20/2020,557.53,,,,,-1.74%
08/19/2020,567.38,,,,,-0.33%
08/18/2020,569.24,,,,,0.42%
08/17/2020,566.88,,,,,0.72%
08/14/2020,562.83,,,,,-0.24%
08/13/2020,564.18,,,,,0.05%
08-12-2020,563.88,,,,,0.30%
08-11-2020,562.18,,,,,0.54%
08-10-2020,559.14,,,,,-0.08%
08-07-2020,559.57,,,,,-1.49%
08-06-2020,568.06,,,,,0.51%
08-05-2020,565.2,,,,,0.88%
08-04-2020,560.25,,,,,1.71%
08-03-2020,550.82,,,,,-0.15%
07/31/2020,551.63,,,,,-0.27%
07/30/2020,553.15,,,,,-0.06%
07/29/2020,553.46,,,,,0.28%
07/28/2020,551.89,,,,,0.93%
07/27/2020,546.81,,,,,0.86%
07/24/2020,542.17,,,,,-1.78%
07/23/2020,552.01,,,,,0.24%
07/22/2020,550.69,,,,,-1.18%
07/21/2020,557.26,,,,,2.30%
07/20/2020,544.73,,,,,0.64%
07/17/2020,541.28,,,,,0.82%
07/16/2020,536.87,,,,,-2.00%
07/15/2020,547.82,,,,,0.70%
07/14/2020,543.99,,,,,-1.02%
07/13/2020,549.62,,,,,0.43%
07-10-2020,547.25,,,,,-1.12%
07-09-2020,553.43,,,,,0.87%
07-08-2020,548.68,,,,,1.29%
07-07-2020,541.7,,,,,-0.78%
07-06-2020,545.96,,,,,2.46%
07-03-2020,532.85,,,,,1.07%
07-02-2020,527.19,,,,,2.29%
07-01-2020,515.4,,,,,0.43%
06/30/2020,513.17,,,,,0.67%
06/29/2020,509.74,,,,,-0.96%
06/26/2020,514.66,,,,,-0.03%
06/25/2020,514.79,,,,,-0.96%
06/24/2020,519.76,,,,,-0.11%
06/23/2020,520.35,,,,,1.36%
06/22/2020,513.36,,,,,-0.08%
06/19/2020,513.77,,,,,0.45%
06/18/2020,511.46,,,,,-0.01%
06/17/2020,511.52,,,,,0.62%
06/16/2020,508.39,,,,,2.77%
06/15/2020,494.67,,,,,-2.07%
06-12-2020,505.15,,,,,-0.90%
06-11-2020,509.75,,,,,-2.28%
06-10-2020,521.67,,,,,0.63%
06-09-2020,518.42,,,,,0.68%
06-08-2020,514.91,,,,,0.28%
06-05-2020,513.47,,,,,1.10%
06-04-2020,507.9,,,,,0.54%
06-03-2020,505.19,,,,,2.03%
06-02-2020,495.14,,,,,1.42%
06-01-2020,488.22,,,,,2.51%
05/29/2020,476.26,,,,,0.35%
05/28/2020,474.59,,,,,0.08%
05/27/2020,474.19,,,,,-0.26%
05/26/2020,475.42,,,,,2.14%
05/25/2020,465.46,,,,,0.63%
05/22/2020,462.53,,,,,-3.24%
05/21/2020,478.01,,,,,-0.47%
05/20/2020,480.25,,,,,0.32%
05/19/2020,478.73,,,,,1.87%
05/18/2020,469.95,,,,,0.70%
05/15/2020,466.7,,,,,0.20%
05/14/2020,465.76,,,,,-1.32%
05/13/2020,471.99,,,,,0.23%
05-12-2020,470.9,,,,,-0.96%
05-11-2020,475.47,,,,,0.78%
05-08-2020,471.77,,,,,1.43%
05-07-2020,465.14,,,,,-0.14%
05-06-2020,465.81,,,,,0.64%
05-05-2020,462.83,,,,,0.89%
05-04-2020,458.76,,,,,-2.75%
05-01-2020,471.74,,,,,-1.50%
04/30/2020,478.93,,,,,1.14%
04/29/2020,473.54,,,,,1.39%
04/28/2020,467.05,,,,,0.48%
04/27/2020,464.81,,,,,1.88%
04/24/2020,456.22,,,,,-0.90%
04/23/2020,460.36,,,,,0.39%
04/22/2020,458.58,,,,,0.85%
04/21/2020,454.73,,,,,-2.50%
04/20/2020,466.41,,,,,-0.45%
04/17/2020,468.53,,,,,2.12%
04/16/2020,458.81,,,,,-0.42%
04/15/2020,460.75,,,,,-0.46%
04/14/2020,462.87,,,,,1.57%
04/13/2020,455.73,,,,,-0.05%
04-10-2020,455.94,,,,,0.09%
04-09-2020,455.52,,,,,1.81%
04-08-2020,447.42,,,,,-0.82%
04-07-2020,451.14,,,,,2.53%
04-06-2020,440,,,,,2.77%
04-03-2020,428.14,,,,,-0.82%
04-02-2020,431.68,,,,,0.45%
04-01-2020,429.74,,,,,-1.51%
03/31/2020,436.33,,,,,1.47%
03/30/2020,430.02,,,,,-0.37%
03/27/2020,431.6,,,,,-0.33%
03/26/2020,433.02,,,,,1.36%
03/25/2020,427.22,,,,,4.54%
03/24/2020,408.68,,,,,5.58%
03/23/2020,387.09,,,,,-5.81%
03/20/2020,410.98,,,,,4.77%
03/19/2020,392.26,,,,,-3.83%
03/18/2020,407.89,,,,,-4.54%
03/17/2020,427.29,,,,,-0.40%
03/16/2020,428.99,,,,,-6.12%
03/13/2020,456.94,,,,,-0.03%
03-12-2020,457.08,,,,,-5.98%
03-11-2020,486.16,,,,,-1.56%
03-10-2020,493.88,,,,,1.30%
03-09-2020,487.52,,,,,-5.15%
03-06-2020,513.98,,,,,-2.45%
03-05-2020,526.88,,,,,1.15%
03-04-2020,520.9,,,,,0.65%
03-03-2020,517.56,,,,,0.81%
03-02-2020,513.41,,,,,0.86%
02/28/2020,509.01,,,,,-2.75%
02/27/2020,523.41,,,,,-0.27%
02/26/2020,524.81,,,,,-1.35%
02/25/2020,532.01,,,,,0.11%
02/24/2020,531.42,,,,,-2.52%
02/21/2020,545.16,,,,,-1.00%
02/20/2020,550.66,,,,,-0.58%
02/19/2020,553.89,,,,,0.52%
02/18/2020,551.01,,,,,-1.05%
02/17/2020,556.85,,,,,0.13%
02/14/2020,556.12,,,,,0.13%
02/13/2020,555.39,,,,,-0.21%
02-12-2020,556.55,,,,,1.03%
02-11-2020,550.88,,,,,1.02%
02-10-2020,545.3,,,,,-0.34%
02-07-2020,547.17,,,,,-0.89%
02-06-2020,552.06,,,,,1.75%
02-05-2020,542.58,,,,,0.45%
02-04-2020,540.16,,,,,2.10%
02-03-2020,529.07,,,,,-0.58%
01/31/2020,532.15,,,,,-0.61%
01/30/2020,535.42,,,,,-2.31%
01/29/2020,548.06,,,,,-0.59%
01/28/2020,551.3,,,,,-0.64%
01/27/2020,554.86,,,,,-0.76%
01/24/2020,559.12,,,,,-0.17%
01/23/2020,560.1,,,,,-1.05%
01/22/2020,566.03,,,,,0.67%
01/21/2020,562.25,,,,,-1.60%
01/20/2020,571.41,,,,,-0.23%
01/17/2020,572.7,,,,,0.40%
01/16/2020,570.44,,,,,0.30%
01/15/2020,568.72,,,,,-0.29%
01/14/2020,570.4,,,,,0.13%
01/13/2020,569.64,,,,,0.92%
01-10-2020,564.45,,,,,0.63%
01-09-2020,560.91,,,,,1.70%
01-08-2020,551.53,,,,,-0.57%
01-07-2020,554.71,,,,,0.58%
01-06-2020,551.52,,,,,-0.89%
01-03-2020,556.47,,,,,-0.27%
01-02-2020,557.95,,,,,0.94%
01-01-2020,552.76,,,,,0.01%
12/31/2019,552.69,,,,,-0.52%
12/30/2019,555.59,,,,,0.03%
12/27/2019,555.41,,,,,0.76%
12/26/2019,551.2,,,,,0.18%
12/25/2019,550.2,,,,,0.04%
12/24/2019,549.99,,,,,-0.17%
12/23/2019,550.9,,,,,0.15%
12/20/2019,550.06,,,,,0.15%
12/19/2019,549.21,,,,,-0.28%
12/18/2019,550.74,,,,,0.26%
12/17/2019,549.3,,,,,1.05%
12/16/2019,543.61,,,,,0.19%
12/13/2019,542.56,,,,,1.51%
12-12-2019,534.49,,,,,1.03%
12-11-2019,529.04,,,,,0.83%
12-10-2019,524.68,,,,,-0.21%
12-09-2019,525.78,,,,,0.10%
12-06-2019,525.23,,,,,0.57%
12-05-2019,522.24,,,,,0.78%
12-04-2019,518.18,,,,,-0.74%
12-03-2019,522.05,,,,,-0.53%
12-02-2019,524.81,,,,,0.24%
11/29/2019,523.54,,,,,-1.21%
11/28/2019,529.93,,,,,-0.24%
11/27/2019,531.18,,,,,0.60%
11/26/2019,527.99,,,,,0.11%
11/25/2019,527.43,,,,,0.82%
11/22/2019,523.12,,,,,0.34%
11/21/2019,521.35,,,,,-1.00%
11/20/2019,526.59,,,,,-0.89%
11/19/2019,531.31,,,,,0.68%
11/18/2019,527.74,,,,,0.45%
11/15/2019,525.36,,,,,0.69%
11/14/2019,521.77,,,,,-0.38%
11/13/2019,523.78,,,,,-1.28%
11-12-2019,530.56,,,,,0.49%
11-11-2019,527.97,,,,,-1.22%
11-08-2019,534.5,,,,,-0.55%
11-07-2019,537.45,,,,,0.52%
11-06-2019,534.69,,,,,-0.14%
11-05-2019,535.42,,,,,0.62%
11-04-2019,532.12,,,,,1.36%
11-01-2019,524.97,,,,,0.55%
10/31/2019,522.12,,,,,0.29%
10/30/2019,520.63,,,,,-0.22%
10/29/2019,521.76,,,,,0.23%
10/28/2019,520.55,,,,,0.65%
10/25/2019,517.19,,,,,0.09%
10/24/2019,516.75,,,,,0.53%
10/23/2019,514.01,,,,,-0.41%
10/22/2019,516.14,,,,,0.25%
10/21/2019,514.83,,,,,0.40%
10/18/2019,512.78,,,,,-0.46%
10/17/2019,515.16,,,,,0.33%
10/16/2019,513.44,,,,,0.65%
10/15/2019,510.12,,,,,0.18%
10/14/2019,509.19,,,,,0.77%
10-11-2019,505.31,,,,,1.56%
10-10-2019,497.56,,,,,0.17%
10-09-2019,496.73,,,,,-0.41%
10-08-2019,498.77,,,,,0.27%
10-07-2019,497.42,,,,,0.02%
10-04-2019,497.3,,,,,0.02%
10-03-2019,497.19,,,,,-0.12%
10-02-2019,497.8,,,,,-0.79%
10-01-2019,501.77,,,,,-0.06%
09/30/2019,502.08,,,,,0.05%
09/27/2019,501.85,,,,,-0.55%
09/26/2019,504.64,,,,,0.13%
09/25/2019,503.96,,,,,-0.79%
09/24/2019,507.98,,,,,-0.17%
09/23/2019,508.86,,,,,-0.47%
09/20/2019,511.28,,,,,0.50%
09/19/2019,508.76,,,,,-0.50%
09/18/2019,511.34,,,,,0.12%
09/17/2019,510.72,,,,,-0.63%
09/16/2019,513.94,,,,,-0.32%
09/13/2019,515.59,,,,,0.55%
09-12-2019,512.77,,,,,0.36%
09-11-2019,510.95,,,,,0.83%
09-10-2019,506.74,,,,,-0.28%
09-09-2019,508.17,,,,,0.34%
09-06-2019,506.46,,,,,0.61%
09-05-2019,503.4,,,,,1.10%
09-04-2019,497.93,,,,,1.71%
09-03-2019,489.56,,,,,-0.85%
09-02-2019,493.77,,,,,-0.18%
08/30/2019,494.65,,,,,1.24%
08/29/2019,488.57,,,,,0.26%
08/28/2019,487.32,,,,,0.00%
08/27/2019,487.34,,,,,0.41%
08/26/2019,485.35,,,,,-1.35%
08/23/2019,492.01,,,,,0.14%
08/22/2019,491.31,,,,,-0.69%
08/21/2019,494.72,,,,,-0.16%
08/20/2019,495.52,,,,,0.32%
08/19/2019,493.92,,,,,1.24%
08/16/2019,487.85,,,,,0.74%
08/15/2019,484.28,,,,,-0.31%
08/14/2019,485.77,,,,,0.39%
08/13/2019,483.9,,,,,-0.90%
08-12-2019,488.28,,,,,-0.42%
08-09-2019,490.34,,,,,-0.23%
08-08-2019,491.48,,,,,1.12%
08-07-2019,486.05,,,,,0.02%
08-06-2019,485.95,,,,,-0.73%
08-05-2019,489.51,,,,,-2.91%
08-02-2019,504.19,,,,,-1.84%
08-01-2019,513.64,,,,,-1.06%
07/31/2019,519.13,,,,,-0.69%
07/30/2019,522.76,,,,,-0.09%
07/29/2019,523.22,,,,,-0.54%
07/26/2019,526.05,,,,,-0.69%
07/25/2019,529.72,,,,,0.17%
07/24/2019,528.81,,,,,0.01%
07/23/2019,528.75,,,,,0.25%
07/22/2019,527.45,,,,,-0.48%
07/19/2019,530.01,,,,,0.84%
07/18/2019,525.57,,,,,-0.39%
07/17/2019,527.61,,,,,-0.28%
07/16/2019,529.08,,,,,0.24%
07/15/2019,527.81,,,,,0.44%
07-12-2019,525.48,,,,,-0.10%
07-11-2019,526.03,,,,,0.73%
07-10-2019,522.23,,,,,0.40%
07-09-2019,520.17,,,,,-0.39%
07-08-2019,522.21,,,,,-1.68%
07-05-2019,531.12,,,,,-0.32%
07-04-2019,532.82,,,,,0.24%
07-03-2019,531.53,,,,,-0.30%
07-02-2019,533.15,,,,,0.43%
07-01-2019,530.89,,,,,0.58%
06/28/2019,527.83,,,,,-0.24%
06/27/2019,529.1,,,,,0.95%
06/26/2019,524.13,,,,,0.15%
06/25/2019,523.32,,,,,-0.51%
06/24/2019,525.99,,,,,0.24%
06/21/2019,524.73,,,,,-0.28%
06/20/2019,526.2,,,,,1.42%
06/19/2019,518.85,,,,,1.85%
06/18/2019,509.45,,,,,1.00%
06/17/2019,504.42,,,,,-0.36%
06/14/2019,506.24,,,,,-0.64%
06/13/2019,509.49,,,,,-0.34%
06-12-2019,511.21,,,,,-0.69%
06-11-2019,514.77,,,,,1.02%
06-10-2019,509.57,,,,,1.22%
06-07-2019,503.41,,,,,0.39%
06-06-2019,501.45,,,,,-0.11%
06-05-2019,502.02,,,,,0.27%
06-04-2019,500.65,,,,,-0.15%
06-03-2019,501.38,,,,,0.58%
05/31/2019,498.48,,,,,0.20%
05/30/2019,497.48,,,,,0.10%
05/29/2019,496.99,,,,,-0.77%
05/28/2019,500.83,,,,,0.22%
05/27/2019,499.74,,,,,0.07%
05/24/2019,499.38,,,,,0.21%
05/23/2019,498.34,,,,,-1.06%
05/22/2019,503.68,,,,,-0.09%
05/21/2019,504.11,,,,,0.05%
05/20/2019,503.88,,,,,0.24%
05/17/2019,502.66,,,,,-1.19%
05/16/2019,508.7,,,,,-0.29%
05/15/2019,510.16,,,,,0.38%
05/14/2019,508.21,,,,,-0.72%
05/13/2019,511.88,,,,,-1.27%
05-10-2019,518.47,,,,,0.49%
05-09-2019,515.92,,,,,-1.77%
05-08-2019,525.2,,,,,-0.88%
05-07-2019,529.88,,,,,-0.05%
05-06-2019,530.15,,,,,-2.00%
05-03-2019,540.98,,,,,0.19%
05-02-2019,539.95,,,,,0.10%
05-01-2019,539.42,,,,,0.20%
04/30/2019,538.35,,,,,-0.43%
04/29/2019,540.69,,,,,0.56%
04/26/2019,537.68,,,,,0.09%
04/25/2019,537.22,,,,,-0.76%
04/24/2019,541.36,,,,,-0.23%
04/23/2019,542.6,,,,,0.14%
04/22/2019,541.83,,,,,-0.34%
04/19/2019,543.69,,,,,0.00%
04/18/2019,543.69,,,,,-0.43%
04/17/2019,546.05,,,,,0.14%
04/16/2019,545.26,,,,,0.54%
04/15/2019,542.34,,,,,-0.10%
04-12-2019,542.86,,,,,0.48%
04-11-2019,540.24,,,,,-0.67%
04-10-2019,543.86,,,,,0.05%
04-09-2019,543.59,,,,,0.43%
04-08-2019,541.27,,,,,0.31%
04-05-2019,539.62,,,,,0.03%
04-04-2019,539.44,,,,,-0.26%
04-03-2019,540.87,,,,,0.93%
04-02-2019,535.87,,,,,0.22%
04-01-2019,534.7,,,,,1.04%
03/29/2019,529.22,,,,,1.01%
03/28/2019,523.93,,,,,0.16%
03/27/2019,523.07,,,,,-0.14%
03/26/2019,523.82,,,,,0.33%
03/25/2019,522.11,,,,,-1.44%
03/22/2019,529.75,,,,,-0.07%
03/21/2019,530.1,,,,,0.18%
03/20/2019,529.15,,,,,-0.25%
03/19/2019,530.49,,,,,0.09%
03/18/2019,530.03,,,,,1.00%
03/15/2019,524.77,,,,,0.65%
03/14/2019,521.39,,,,,-0.19%
03/13/2019,522.37,,,,,-0.21%
03-12-2019,523.45,,,,,0.98%
03-11-2019,518.38,,,,,0.72%
03-08-2019,514.68,,,,,-1.57%
03-07-2019,522.87,,,,,-0.68%
03-06-2019,526.43,,,,,0.10%
03-05-2019,525.88,,,,,-0.01%
03-04-2019,525.92,,,,,0.29%
03-01-2019,524.41,,,,,0.40%
02/28/2019,522.33,,,,,-0.67%
02/27/2019,525.87,,,,,-0.19%
02/26/2019,526.87,,,,,-0.46%
02/25/2019,529.29,,,,,0.91%
02/22/2019,524.52,,,,,0.70%
02/21/2019,520.85,,,,,0.23%
02/20/2019,519.68,,,,,1.13%
02/19/2019,513.88,,,,,-0.03%
02/18/2019,514.04,,,,,0.87%
02/15/2019,509.59,,,,,-1.13%
02/14/2019,515.39,,,,,-0.17%
02/13/2019,516.29,,,,,0.51%
02-12-2019,513.69,,,,,0.38%
02-11-2019,511.73,,,,,0.18%
02-08-2019,510.83,,,,,-0.51%
02-07-2019,513.43,,,,,-0.06%
02-06-2019,513.76,,,,,-0.13%
02-05-2019,514.41,,,,,0.65%
02-04-2019,511.1,,,,,-0.07%
02-01-2019,511.45,,,,,0.00%
01/31/2019,511.43,,,,,0.96%
01/30/2019,506.57,,,,,0.74%
01/29/2019,502.87,,,,,-0.33%
01/28/2019,504.54,,,,,-0.06%
01/25/2019,504.83,,,,,1.52%
01/24/2019,497.26,,,,,0.56%
01/23/2019,494.47,,,,,-0.13%
01/22/2019,495.13,,,,,-0.82%
01/21/2019,499.24,,,,,0.09%
01/18/2019,498.78,,,,,0.86%
01/17/2019,494.54,,,,,-0.07%
01/16/2019,494.91,,,,,0.29%
01/15/2019,493.49,,,,,1.54%
01/14/2019,486.01,,,,,-1.00%
01-11-2019,490.9,,,,,0.29%
01-10-2019,489.5,,,,,0.38%
01-09-2019,487.67,,,,,1.84%
01-08-2019,478.85,,,,,-0.03%
01-07-2019,479.01,,,,,1.50%
01-04-2019,471.93,,,,,1.48%
01-03-2019,465.06,,,,,-0.67%
01-02-2019,468.22,,,,,-1.88%
01-01-2019,477.21,,,,,0.03%
12/31/2018,477.09,,,,,0.36%
12/28/2018,475.39,,,,,0.76%
12/27/2018,471.8,,,,,0.43%
12/26/2018,469.77,,,,,0.07%
12/25/2018,469.44,,,,,-0.18%
12/24/2018,470.31,,,,,-0.41%
12/21/2018,472.26,,,,,-0.31%
12/20/2018,473.75,,,,,-1.07%
12/19/2018,478.87,,,,,0.36%
12/18/2018,477.13,,,,,-0.88%
12/17/2018,481.39,,,,,0.02%
12/14/2018,481.29,,,,,-1.47%
12/13/2018,488.47,,,,,0.76%
12-12-2018,484.78,,,,,1.51%
12-11-2018,477.55,,,,,0.15%
12-10-2018,476.84,,,,,-1.70%
12-07-2018,485.09,,,,,0.08%
12-06-2018,484.69,,,,,-2.04%
12-05-2018,494.79,,,,,-1.41%
12-04-2018,501.89,,,,,-0.34%
12-03-2018,503.58,,,,,2.38%
11/30/2018,491.89,,,,,-0.23%
11/29/2018,493.04,,,,,0.44%
11/28/2018,490.87,,,,,0.85%
11/27/2018,486.73,,,,,0.22%
11/26/2018,485.64,,,,,1.04%
11/23/2018,480.66,,,,,-0.25%
11/22/2018,481.87,,,,,0.15%
11/21/2018,481.14,,,,,0.12%
11/20/2018,480.58,,,,,-1.41%
11/19/2018,487.43,,,,,0.03%
11/16/2018,487.27,,,,,0.24%
11/15/2018,486.11,,,,,1.36%
11/14/2018,479.61,,,,,-0.39%
11/13/2018,481.5,,,,,0.01%
11-12-2018,481.46,,,,,-0.59%
11-09-2018,484.34,,,,,-1.58%
11-08-2018,492.13,,,,,0.22%
11-07-2018,491.06,,,,,0.61%
11-06-2018,488.07,,,,,0.51%
11-05-2018,485.6,,,,,-1.26%
11-02-2018,491.78,,,,,2.72%
11-01-2018,478.76,,,,,1.49%
10/31/2018,471.74,,,,,1.82%
10/30/2018,463.29,,,,,0.34%
10/29/2018,461.7,,,,,-0.09%
10/26/2018,462.11,,,,,-0.86%
10/25/2018,466.1,,,,,-1.26%
10/24/2018,472.05,,,,,-0.47%
10/23/2018,474.28,,,,,-2.31%
10/22/2018,485.51,,,,,0.90%
10/19/2018,481.18,,,,,0.13%
10/18/2018,480.55,,,,,-0.68%
10/17/2018,483.86,,,,,0.26%
10/16/2018,482.59,,,,,0.64%
10/15/2018,479.51,,,,,-1.11%
10-12-2018,484.88,,,,,2.35%
10-11-2018,473.76,,,,,-3.55%
10-10-2018,491.2,,,,,-0.32%
10-09-2018,492.76,,,,,-0.36%
10-08-2018,494.53,,,,,-1.25%
10-05-2018,500.79,,,,,-0.90%
10-04-2018,505.32,,,,,-1.87%
10-03-2018,514.96,,,,,-0.19%
10-02-2018,515.95,,,,,-1.67%
10-01-2018,524.71,,,,,-0.22%
09/28/2018,525.89,,,,,0.01%
09/27/2018,525.83,,,,,-0.08%
09/26/2018,526.24,,,,,0.34%
09/25/2018,524.48,,,,,0.08%
09/24/2018,524.07,,,,,-1.03%
09/21/2018,529.52,,,,,1.28%
09/20/2018,522.81,,,,,0.36%
09/19/2018,520.91,,,,,1.21%
09/18/2018,514.68,,,,,0.12%
09/17/2018,514.04,,,,,-1.13%
09/14/2018,519.89,,,,,1.18%
09/13/2018,513.81,,,,,1.11%
09-12-2018,508.15,,,,,0.06%
09-11-2018,507.87,,,,,-0.46%
09-10-2018,510.22,,,,,-1.15%
09-07-2018,516.15,,,,,-0.14%
09-06-2018,516.87,,,,,-0.74%
09-05-2018,520.74,,,,,-1.82%
09-04-2018,530.38,,,,,-0.16%
09-03-2018,531.23,,,,,-0.66%
08/31/2018,534.78,,,,,-0.59%
08/30/2018,537.93,,,,,-0.53%
08/29/2018,540.79,,,,,0.22%
08/28/2018,539.61,,,,,0.40%
08/27/2018,537.48,,,,,1.43%
08/24/2018,529.89,,,,,0.06%
08/23/2018,529.59,,,,,-0.39%
08/22/2018,531.68,,,,,0.25%
08/21/2018,530.35,,,,,0.67%
08/20/2018,526.81,,,,,0.95%
08/17/2018,521.86,,,,,0.48%
08/16/2018,519.36,,,,,-0.30%
08/15/2018,520.9,,,,,-1.03%
08/14/2018,526.31,,,,,-0.28%
08/13/2018,527.78,,,,,-1.69%
08-10-2018,536.88,,,,,-0.92%
08-09-2018,541.89,,,,,0.35%
08-08-2018,540.01,,,,,0.33%
08-07-2018,538.24,,,,,0.80%
08-06-2018,533.95,,,,,0.20%
08-03-2018,532.87,,,,,0.10%
08-02-2018,532.33,,,,,-1.69%
08-01-2018,541.5,,,,,-0.22%
07/31/2018,542.67,,,,,-0.08%
07/30/2018,543.11,,,,,-0.38%
07/27/2018,545.17,,,,,0.33%
07/26/2018,543.4,,,,,-0.08%
07/25/2018,543.83,,,,,0.61%
07/24/2018,540.52,,,,,0.75%
07/23/2018,536.47,,,,,-0.15%
07/20/2018,537.3,,,,,0.77%
07/19/2018,533.18,,,,,-0.49%
07/18/2018,535.78,,,,,0.00%
07/17/2018,535.78,,,,,-0.38%
07/16/2018,537.83,,,,,-0.42%
07/13/2018,540.12,,,,,0.47%
07-12-2018,537.59,,,,,0.60%
07-11-2018,534.37,,,,,-1.10%
07-10-2018,540.31,,,,,-0.02%
07-09-2018,540.43,,,,,1.33%
07-06-2018,533.33,,,,,0.67%
07-05-2018,529.77,,,,,-0.25%
07-04-2018,531.1,,,,,-0.39%
07-03-2018,533.19,,,,,-0.30%
07-02-2018,534.81,,,,,-0.79%
06/29/2018,539.08,,,,,1.48%
06/28/2018,531.22,,,,,-0.49%
06/27/2018,533.84,,,,,-1.29%
06/26/2018,540.81,,,,,-0.28%
06/25/2018,542.33,,,,,-1.50%
06/22/2018,550.58,,,,,0.43%
06/21/2018,548.22,,,,,-0.77%
06/20/2018,552.49,,,,,0.78%
06/19/2018,548.23,,,,,-2.06%
06/18/2018,559.74,,,,,-0.45%
06/15/2018,562.26,,,,,-0.50%
06/14/2018,565.1,,,,,-1.00%
06/13/2018,570.79,,,,,-0.61%
06-12-2018,574.27,,,,,0.15%
06-11-2018,573.43,,,,,0.29%
06-08-2018,571.76,,,,,-1.25%
06-07-2018,578.98,,,,,0.36%
06-06-2018,576.92,,,,,0.71%
06-05-2018,572.86,,,,,0.05%
06-04-2018,572.58,,,,,1.41%
06-01-2018,564.61,,,,,0.43%
05/31/2018,562.22,,,,,0.90%
05/30/2018,557.2,,,,,-1.26%
05/29/2018,564.31,,,,,-0.72%
05/28/2018,568.39,,,,,0.30%
05/25/2018,566.67,,,,,0.16%
05/24/2018,565.78,,,,,0.31%
05/23/2018,564.05,,,,,-0.68%
05/22/2018,567.93,,,,,-0.01%
05/21/2018,567.96,,,,,0.20%
05/18/2018,566.83,,,,,-0.10%
05/17/2018,567.42,,,,,-0.49%
05/16/2018,570.24,,,,,0.12%
05/15/2018,569.53,,,,,-1.27%
05/14/2018,576.88,,,,,0.61%
05-11-2018,573.38,,,,,0.77%
05-10-2018,568.98,,,,,0.73%
05-09-2018,564.87,,,,,-0.01%
05-08-2018,564.91,,,,,0.42%
05-07-2018,562.55,,,,,0.42%
05-04-2018,560.19,,,,,-0.55%
05-03-2018,563.31,,,,,-0.59%
05-02-2018,566.68,,,,,-0.23%
05-01-2018,567.96,,,,,-0.20%
04/30/2018,569.08,,,,,1.05%
04/27/2018,563.19,,,,,1.03%
04/26/2018,557.47,,,,,-0.11%
04/25/2018,558.08,,,,,-0.92%
04/24/2018,563.24,,,,,0.02%
04/23/2018,563.15,,,,,-0.68%
04/20/2018,566.99,,,,,-1.32%
04/19/2018,574.56,,,,,0.85%
04/18/2018,569.71,,,,,0.72%
04/17/2018,565.63,,,,,-0.36%
04/16/2018,567.65,,,,,-0.49%
04/13/2018,570.44,,,,,-0.13%
04-12-2018,571.2,,,,,-0.27%
04-11-2018,572.77,,,,,0.06%
04-10-2018,572.4,,,,,1.24%
04-09-2018,565.37,,,,,0.84%
04-06-2018,560.68,,,,,-0.02%
04-05-2018,560.81,,,,,0.63%
04-04-2018,557.31,,,,,-1.15%
04-03-2018,563.77,,,,,0.00%
04-02-2018,563.77,,,,,-0.03%
03/30/2018,563.96,,,,,0.14%
03/29/2018,563.19,,,,,0.31%
03/28/2018,561.47,,,,,-1.82%
03/27/2018,571.9,,,,,0.57%
03/26/2018,568.67,,,,,0.68%
03/23/2018,564.83,,,,,-2.30%
03/22/2018,578.12,,,,,-0.88%
03/21/2018,583.25,,,,,-0.24%
03/20/2018,584.64,,,,,0.26%
03/19/2018,583.12,,,,,-0.65%
03/16/2018,586.91,,,,,-0.24%
03/15/2018,588.34,,,,,-0.04%
03/14/2018,588.55,,,,,-0.29%
03/13/2018,590.25,,,,,0.11%
03-12-2018,589.63,,,,,1.52%
03-09-2018,580.79,,,,,0.84%
03-08-2018,575.97,,,,,0.87%
03-07-2018,570.99,,,,,-0.58%
03-06-2018,574.32,,,,,1.67%
03-05-2018,564.86,,,,,-1.09%
03-02-2018,571.09,,,,,-0.95%
03-01-2018,576.55,,,,,-0.24%
02/28/2018,577.95,,,,,-1.09%
02/27/2018,584.32,,,,,-0.51%
02/26/2018,587.29,,,,,0.65%
02/23/2018,583.47,,,,,1.24%
02/22/2018,576.31,,,,,-0.84%
02/21/2018,581.19,,,,,0.88%
02/20/2018,576.11,,,,,-0.41%
02/19/2018,578.51,,,,,0.34%
02/16/2018,576.57,,,,,-0.15%
02/15/2018,577.43,,,,,1.13%
02/14/2018,570.96,,,,,1.26%
02/13/2018,563.87,,,,,1.03%
02-12-2018,558.1,,,,,0.64%
02-09-2018,554.54,,,,,-1.83%
02-08-2018,564.9,,,,,-0.22%
02-07-2018,566.15,,,,,-0.40%
02-06-2018,568.41,,,,,-3.46%
02-05-2018,588.77,,,,,-1.59%
02-02-2018,598.27,,,,,-0.93%
02-01-2018,603.86,,,,,-0.64%
01/31/2018,607.74,,,,,0.47%
01/30/2018,604.92,,,,,-1.43%
01/29/2018,613.67,,,,,-0.01%
01/26/2018,613.74,,,,,0.70%
01/25/2018,609.45,,,,,0.11%
01/24/2018,608.78,,,,,0.15%
01/23/2018,607.84,,,,,1.23%
01/22/2018,600.43,,,,,0.28%
01/19/2018,598.76,,,,,0.54%
01/18/2018,595.52,,,,,0.16%
01/17/2018,594.58,,,,,0.06%
01/16/2018,594.24,,,,,0.40%
01/15/2018,591.85,,,,,0.29%
01-12-2018,590.16,,,,,0.76%
01-11-2018,585.69,,,,,-0.23%
01-10-2018,587.04,,,,,-0.46%
01-09-2018,589.78,,,,,0.00%
01-08-2018,589.78,,,,,0.43%
01-05-2018,587.28,,,,,0.74%
01-04-2018,582.97,,,,,0.52%
01-03-2018,579.98,,,,,0.47%
01-02-2018,577.29,,,,,1.42%
01-01-2018,569.22,,,,,-0.07%
12/29/2017,569.62,,,,,0.33%
12/28/2017,567.74,,,,,0.83%
12/27/2017,563.05,,,,,0.39%
12/26/2017,560.89,,,,,-0.26%
12/25/2017,562.37,,,,,0.00%
12/22/2017,562.35,,,,,0.67%
12/21/2017,558.58,,,,,0.03%
12/20/2017,558.44,,,,,-0.03%
12/19/2017,558.63,,,,,0.33%
12/18/2017,556.82,,,,,0.53%
12/15/2017,553.9,,,,,-0.42%
12/14/2017,556.24,,,,,0.18%
12/13/2017,555.26,,,,,0.67%
12-12-2017,551.58,,,,,-0.43%
12-11-2017,553.97,,,,,0.79%
12-08-2017,549.63,,,,,0.92%
12-07-2017,544.62,,,,,0.22%
12-06-2017,543.4,,,,,-1.44%
12-05-2017,551.36,,,,,-0.40%
12-04-2017,553.56,,,,,0.18%
12-01-2017,552.56,,,,,-0.18%
11/30/2017,553.55,,,,,-1.56%
11/29/2017,562.32,,,,,-0.25%
11/28/2017,563.74,,,,,0.01%
11/27/2017,563.69,,,,,-0.85%
11/24/2017,568.55,,,,,0.20%
11/23/2017,567.43,,,,,-0.18%
11/22/2017,568.47,,,,,0.53%
11/21/2017,565.46,,,,,1.13%
11/20/2017,559.16,,,,,-0.02%
11/17/2017,559.29,,,,,0.55%
11/16/2017,556.25,,,,,0.80%
11/15/2017,551.82,,,,,-0.73%
11/14/2017,555.87,,,,,-0.45%
11/13/2017,558.4,,,,,-0.31%
11-10-2017,560.16,,,,,-0.24%
11-09-2017,561.48,,,,,0.20%
11-08-2017,560.37,,,,,-0.06%
11-07-2017,560.73,,,,,0.60%
11-06-2017,557.39,,,,,0.13%
11-03-2017,556.66,,,,,0.10%
11-02-2017,556.1,,,,,-0.08%
11-01-2017,556.52,,,,,0.96%
10/31/2017,551.23,,,,,0.37%
10/30/2017,549.18,,,,,0.46%
10/27/2017,546.67,,,,,0.10%
10/26/2017,546.13,,,,,-0.29%
10/25/2017,547.71,,,,,0.02%
10/24/2017,547.6,,,,,-0.28%
10/23/2017,549.16,,,,,-0.23%
10/20/2017,550.4,,,,,0.33%
10/19/2017,548.59,,,,,-0.77%
10/18/2017,552.83,,,,,0.10%
10/17/2017,552.29,,,,,-0.20%
10/16/2017,553.38,,,,,0.58%
10/13/2017,550.19,,,,,0.42%
10-12-2017,547.87,,,,,0.55%
10-11-2017,544.87,,,,,0.30%
10-10-2017,543.24,,,,,0.81%
10-09-2017,538.87,,,,,0.00%
10-06-2017,538.89,,,,,0.41%
10-05-2017,536.68,,,,,-0.07%
10-04-2017,537.03,,,,,0.23%
10-03-2017,535.79,,,,,0.81%
10-02-2017,531.48,,,,,0.33%
09/29/2017,529.75,,,,,0.64%
09/28/2017,526.4,,,,,-0.60%
09/27/2017,529.56,,,,,0.16%
09/26/2017,528.71,,,,,-0.69%
09/25/2017,532.4,,,,,-1.14%
09/22/2017,538.55,,,,,-0.42%
09/21/2017,540.83,,,,,-0.68%
09/20/2017,544.54,,,,,0.26%
09/19/2017,543.12,,,,,-0.24%
09/18/2017,544.41,,,,,1.10%
09/15/2017,538.47,,,,,0.06%
09/14/2017,538.15,,,,,-0.11%
09/13/2017,538.73,,,,,-0.13%
09-12-2017,539.45,,,,,0.48%
09-11-2017,536.85,,,,,0.57%
09-08-2017,533.82,,,,,0.30%
09-07-2017,532.21,,,,,0.58%
09-06-2017,529.15,,,,,-0.42%
09-05-2017,531.4,,,,,0.29%
09-04-2017,529.85,,,,,-0.77%
09-01-2017,533.96,,,,,0.27%
08/31/2017,532.53,,,,,0.15%
08/30/2017,531.74,,,,,0.56%
08/29/2017,528.77,,,,,-0.42%
08/28/2017,530.98,,,,,-0.11%
08/25/2017,531.59,,,,,0.25%
08/24/2017,530.27,,,,,0.44%
08/23/2017,527.96,,,,,0.05%
08/22/2017,527.67,,,,,0.69%
08/21/2017,524.05,,,,,0.16%
08/18/2017,523.2,,,,,-0.55%
08/17/2017,526.08,,,,,0.38%
08/16/2017,524.07,,,,,0.67%
08/15/2017,520.6,,,,,0.00%
08/14/2017,520.62,,,,,0.88%
08-11-2017,516.08,,,,,-1.47%
08-10-2017,523.77,,,,,-1.02%
08-09-2017,529.18,,,,,-0.57%
08-08-2017,532.22,,,,,0.13%
08-07-2017,531.51,,,,,0.55%
08-04-2017,528.59,,,,,0.12%
08-03-2017,527.95,,,,,-0.61%
08-02-2017,531.21,,,,,-0.02%
08-01-2017,531.33,,,,,0.40%
07/31/2017,529.23,,,,,0.44%
07/28/2017,526.9,,,,,-0.80%
07/27/2017,531.14,,,,,0.71%
07/26/2017,527.37,,,,,0.18%
07/25/2017,526.4,,,,,-0.03%
07/24/2017,526.56,,,,,0.34%
07/21/2017,524.79,,,,,-0.10%
07/20/2017,525.31,,,,,0.08%
07/19/2017,524.87,,,,,0.67%
07/18/2017,521.36,,,,,0.30%
07/17/2017,519.8,,,,,0.26%
07/14/2017,518.43,,,,,0.60%
07/13/2017,515.35,,,,,1.21%
07-12-2017,509.17,,,,,0.49%
07-11-2017,506.67,,,,,0.82%
07-10-2017,502.54,,,,,0.41%
07-07-2017,500.48,,,,,-0.38%
07-06-2017,502.4,,,,,-0.29%
07-05-2017,503.86,,,,,0.36%
07-04-2017,502.03,,,,,-0.55%
07-03-2017,504.81,,,,,-0.03%
06/30/2017,504.95,,,,,-0.74%
06/29/2017,508.73,,,,,0.71%
06/28/2017,505.13,,,,,-0.32%
06/27/2017,506.74,,,,,-0.18%
06/26/2017,507.64,,,,,0.58%
06/23/2017,504.71,,,,,0.18%
06/22/2017,503.8,,,,,0.36%
06/21/2017,501.98,,,,,-0.68%
06/20/2017,505.43,,,,,-0.20%
06/19/2017,506.46,,,,,0.94%
06/16/2017,501.73,,,,,0.05%
06/15/2017,501.5,,,,,-0.95%
06/14/2017,506.32,,,,,0.52%
06/13/2017,503.69,,,,,0.52%
06-12-2017,501.07,,,,,-0.78%
06-09-2017,505.03,,,,,-0.14%
06-08-2017,505.74,,,,,0.50%
06-07-2017,503.23,,,,,0.09%
06-06-2017,502.77,,,,,-0.20%
06-05-2017,503.79,,,,,0.24%
06-02-2017,502.59,,,,,0.80%
06-01-2017,498.6,,,,,0.16%
05/31/2017,497.82,,,,,-0.16%
05/30/2017,498.63,,,,,-0.12%
05/29/2017,499.24,,,,,-0.15%
05/26/2017,499.98,,,,,-0.05%
05/25/2017,500.21,,,,,0.99%
05/24/2017,495.33,,,,,-0.05%
05/23/2017,495.6,,,,,-0.28%
05/22/2017,496.99,,,,,1.03%
05/19/2017,491.92,,,,,0.25%
05/18/2017,490.68,,,,,-0.72%
05/17/2017,494.26,,,,,-0.53%
05/16/2017,496.91,,,,,0.35%
05/15/2017,495.19,,,,,0.56%
05-12-2017,492.45,,,,,-0.12%
05-11-2017,493.05,,,,,0.51%
05-10-2017,490.56,,,,,0.25%
05-09-2017,489.36,,,,,0.18%
05-08-2017,488.46,,,,,0.82%
05-05-2017,484.47,,,,,-0.57%
05-04-2017,487.26,,,,,-0.33%
05-03-2017,488.89,,,,,-0.35%
05-02-2017,490.61,,,,,0.51%
05-01-2017,488.13,,,,,0.32%
04/28/2017,486.56,,,,,-0.16%
04/27/2017,487.32,,,,,-0.06%
04/26/2017,487.6,,,,,0.24%
04/25/2017,486.43,,,,,1.02%
04/24/2017,481.51,,,,,0.61%
04/21/2017,478.58,,,,,0.45%
04/20/2017,476.43,,,,,0.63%
04/19/2017,473.46,,,,,-0.55%
04/18/2017,476.08,,,,,-0.86%
04/17/2017,480.19,,,,,-0.08%
04/14/2017,480.57,,,,,-0.20%
04/13/2017,481.51,,,,,0.38%
04-12-2017,479.67,,,,,0.49%
04-11-2017,477.34,,,,,-0.39%
04-10-2017,479.19,,,,,-0.02%
04-07-2017,479.27,,,,,-0.19%
04-06-2017,480.2,,,,,-0.53%
04-05-2017,482.78,,,,,0.62%
04-04-2017,479.82,,,,,-0.32%
04-03-2017,481.35,,,,,0.42%
03/31/2017,479.33,,,,,-0.67%
03/30/2017,482.55,,,,,-0.13%
03/29/2017,483.19,,,,,0.39%
03/28/2017,481.31,,,,,0.75%
03/27/2017,477.73,,,,,-0.21%
03/24/2017,478.72,,,,,0.08%
03/23/2017,478.35,,,,,0.21%
03/22/2017,477.37,,,,,-1.12%
03/21/2017,482.76,,,,,0.21%
03/20/2017,481.77,,,,,0.43%
03/17/2017,479.69,,,,,0.40%
03/16/2017,477.76,,,,,1.69%
03/15/2017,469.84,,,,,0.17%
03/14/2017,469.02,,,,,0.33%
03/13/2017,467.49,,,,,0.97%
03-10-2017,463,,,,,0.38%
03-09-2017,461.24,,,,,-1.01%
03-08-2017,465.96,,,,,0.04%
03-07-2017,465.77,,,,,0.53%
03-06-2017,463.3,,,,,0.36%
03-03-2017,461.63,,,,,-0.94%
03-02-2017,466.03,,,,,0.06%
03-01-2017,465.76,,,,,-0.06%
02/28/2017,466.06,,,,,-0.13%
02/27/2017,466.66,,,,,-0.28%
02/24/2017,467.95,,,,,-0.69%
02/23/2017,471.19,,,,,0.08%
02/22/2017,470.8,,,,,0.71%
02/21/2017,467.49,,,,,0.07%
02/20/2017,467.15,,,,,0.22%
02/17/2017,466.12,,,,,-0.31%
02/16/2017,467.59,,,,,0.32%
02/15/2017,466.08,,,,,0.78%
02/14/2017,462.46,,,,,-0.09%
02/13/2017,462.87,,,,,0.41%
02-10-2017,461,,,,,0.47%
02-09-2017,458.84,,,,,0.27%
02-08-2017,457.61,,,,,0.32%
02-07-2017,456.14,,,,,-0.18%
02-06-2017,456.96,,,,,0.58%
02-03-2017,454.31,,,,,0.02%
02-02-2017,454.24,,,,,0.29%
02-01-2017,452.92,,,,,0.34%
01/31/2017,451.38,,,,,-0.36%
01/30/2017,453.02,,,,,-0.18%
01/27/2017,453.83,,,,,0.19%
01/26/2017,452.97,,,,,0.51%
01/25/2017,450.69,,,,,0.35%
01/24/2017,449.11,,,,,0.58%
01/23/2017,446.52,,,,,0.49%
01/20/2017,444.35,,,,,-0.42%
01/19/2017,446.23,,,,,-0.17%
01/18/2017,446.97,,,,,0.36%
01/17/2017,445.37,,,,,0.47%
01/16/2017,443.27,,,,,-0.57%
01/13/2017,445.79,,,,,-0.10%
01-12-2017,446.24,,,,,0.64%
01-11-2017,443.41,,,,,0.43%
01-10-2017,441.52,,,,,0.72%
01-09-2017,438.35,,,,,0.16%
01-06-2017,437.67,,,,,-0.08%
01-05-2017,438.03,,,,,1.51%
01-04-2017,431.53,,,,,0.50%
01-03-2017,429.38,,,,,0.60%
01-02-2017,426.81,,,,,0.03%
12/30/2016,426.67,,,,,0.47%
12/29/2016,424.67,,,,,0.43%
12/28/2016,422.85,,,,,0.50%
12/27/2016,420.76,,,,,0.22%
12/26/2016,419.83,,,,,0.00%
12/23/2016,419.84,,,,,-0.49%
12/22/2016,421.91,,,,,-0.67%
12/21/2016,424.76,,,,,0.03%
12/20/2016,424.62,,,,,-0.17%
12/19/2016,425.34,,,,,-0.53%
12/16/2016,427.61,,,,,-0.40%
12/15/2016,429.33,,,,,-1.76%
12/14/2016,437.04,,,,,0.04%
12/13/2016,436.88,,,,,0.22%
12-12-2016,435.92,,,,,-0.59%
12-09-2016,438.5,,,,,-0.26%
12-08-2016,439.65,,,,,1.17%
12-07-2016,434.56,,,,,0.56%
12-06-2016,432.15,,,,,0.66%
12-05-2016,429.31,,,,,-0.22%
12-02-2016,430.27,,,,,-0.84%
12-01-2016,433.93,,,,,0.33%
11/30/2016,432.51,,,,,-0.02%
11/29/2016,432.61,,,,,-0.13%
11/28/2016,433.19,,,,,0.46%
11/25/2016,431.22,,,,,0.61%
11/24/2016,428.61,,,,,-0.36%
11/23/2016,430.16,,,,,0.49%
11/22/2016,428.08,,,,,1.13%
11/21/2016,423.31,,,,,-0.06%
11/18/2016,423.58,,,,,-0.43%
11/17/2016,425.42,,,,,0.13%
11/16/2016,424.86,,,,,0.11%
11/15/2016,424.41,,,,,-0.08%
11/14/2016,424.76,,,,,-1.26%
11-11-2016,430.17,,,,,-1.76%
11-10-2016,437.86,,,,,1.32%
11-09-2016,432.16,,,,,-2.39%
11-08-2016,442.74,,,,,0.66%
11-07-2016,439.83,,,,,0.97%
11-04-2016,435.61,,,,,-0.42%
11-03-2016,437.46,,,,,-0.28%
11-02-2016,438.69,,,,,-1.35%
11-01-2016,444.7,,,,,0.32%
10/31/2016,443.28,,,,,0.09%
10/28/2016,442.87,,,,,-0.32%
10/27/2016,444.3,,,,,-0.91%
10/26/2016,448.4,,,,,-0.94%
10/25/2016,452.64,,,,,0.19%
10/24/2016,451.77,,,,,0.55%
10/21/2016,449.32,,,,,-0.39%
10/20/2016,451.07,,,,,-0.09%
10/19/2016,451.47,,,,,0.38%
10/18/2016,449.78,,,,,1.32%
10/17/2016,443.9,,,,,-0.53%
10/14/2016,446.27,,,,,0.65%
10/13/2016,443.4,,,,,-1.25%
10-12-2016,449.01,,,,,-0.32%
10-11-2016,450.43,,,,,-1.21%
10-10-2016,455.93,,,,,0.24%
10-07-2016,454.83,,,,,-0.40%
10-06-2016,456.66,,,,,0.34%
10-05-2016,455.1,,,,,-0.29%
10-04-2016,456.44,,,,,0.34%
10-03-2016,454.89,,,,,0.88%
09/30/2016,450.9,,,,,-1.08%
09/29/2016,455.83,,,,,0.22%
09/28/2016,454.82,,,,,0.17%
09/27/2016,454.04,,,,,0.64%
09/26/2016,451.17,,,,,-0.99%
09/23/2016,455.66,,,,,0.04%
09/22/2016,455.46,,,,,1.20%
09/21/2016,450.05,,,,,0.77%
09/20/2016,446.61,,,,,0.02%
09/19/2016,446.5,,,,,1.22%
09/16/2016,441.12,,,,,0.17%
09/15/2016,440.36,,,,,0.48%
09/14/2016,438.25,,,,,-0.05%
09/13/2016,438.45,,,,,-0.34%
09-12-2016,439.93,,,,,-2.67%
09-09-2016,452.02,,,,,-1.25%
09-08-2016,457.75,,,,,0.06%
09-07-2016,457.49,,,,,0.27%
09-06-2016,456.26,,,,,1.18%
09-05-2016,450.96,,,,,1.46%
09-02-2016,444.47,,,,,0.20%
09-01-2016,443.6,,,,,-0.11%
08/31/2016,444.11,,,,,-0.36%
08/30/2016,445.73,,,,,0.42%
08/29/2016,443.87,,,,,-0.85%
08/26/2016,447.67,,,,,0.13%
08/25/2016,447.09,,,,,0.12%
08/24/2016,446.56,,,,,-0.51%
08/23/2016,448.85,,,,,0.48%
08/22/2016,446.71,,,,,-0.38%
08/19/2016,448.42,,,,,-0.56%
08/18/2016,450.96,,,,,0.48%
08/17/2016,448.79,,,,,-0.61%
08/16/2016,451.55,,,,,0.08%
08/15/2016,451.19,,,,,0.30%
08-12-2016,449.82,,,,,0.41%
08-11-2016,447.98,,,,,-0.05%
08-10-2016,448.22,,,,,0.41%
08-09-2016,446.37,,,,,0.29%
08-08-2016,445.09,,,,,1.18%
08-05-2016,439.89,,,,,1.06%
08-04-2016,435.28,,,,,0.51%
08-03-2016,433.06,,,,,-1.54%
08-02-2016,439.84,,,,,-0.40%
08-01-2016,441.59,,,,,1.13%
07/29/2016,436.66,,,,,-0.43%
07/28/2016,438.54,,,,,0.37%
07/27/2016,436.94,,,,,0.15%
07/26/2016,436.28,,,,,0.58%
07/25/2016,433.77,,,,,0.23%
07/22/2016,432.76,,,,,-0.35%
07/21/2016,434.26,,,,,0.30%
07/20/2016,432.98,,,,,0.36%
07/19/2016,431.41,,,,,-0.42%
07/18/2016,433.23,,,,,0.32%
07/15/2016,431.85,,,,,0.30%
07/14/2016,430.54,,,,,0.67%
07/13/2016,427.69,,,,,0.47%
07-12-2016,425.67,,,,,0.95%
07-11-2016,421.65,,,,,2.01%
07-08-2016,413.35,,,,,-0.19%
07-07-2016,414.14,,,,,0.92%
07-06-2016,410.38,,,,,-1.15%
07-05-2016,415.16,,,,,-1.20%
07-04-2016,420.22,,,,,0.84%
07-01-2016,416.7,,,,,0.57%
06/30/2016,414.33,,,,,1.68%
06/29/2016,407.5,,,,,1.53%
06/28/2016,401.37,,,,,0.46%
06/27/2016,399.55,,,,,-0.64%
06/24/2016,402.12,,,,,-3.37%
06/23/2016,416.16,,,,,0.49%
06/22/2016,414.15,,,,,0.46%
06/21/2016,412.25,,,,,0.43%
06/20/2016,410.47,,,,,1.79%
06/17/2016,403.27,,,,,0.63%
06/16/2016,400.74,,,,,-1.19%
06/15/2016,405.57,,,,,0.27%
06/14/2016,404.47,,,,,-0.75%
06/13/2016,407.54,,,,,-1.61%
06-10-2016,414.2,,,,,-1.17%
06-09-2016,419.1,,,,,-0.35%
06-08-2016,420.59,,,,,0.27%
06-07-2016,419.47,,,,,1.45%
06-06-2016,413.47,,,,,0.87%
06-03-2016,409.91,,,,,0.73%
06-02-2016,406.92,,,,,-0.02%
06-01-2016,406.99,,,,,-0.33%
05/31/2016,408.32,,,,,0.38%
05/30/2016,406.78,,,,,-0.05%
05/27/2016,406.99,,,,,0.80%
05/26/2016,403.77,,,,,0.44%
05/25/2016,402,,,,,1.80%
05/24/2016,394.9,,,,,-0.57%
05/23/2016,397.16,,,,,0.31%
05/20/2016,395.94,,,,,0.43%
05/19/2016,394.23,,,,,-1.25%
05/18/2016,399.24,,,,,-1.08%
05/17/2016,403.59,,,,,0.97%
05/16/2016,399.72,,,,,0.45%
05/13/2016,397.92,,,,,-1.22%
05-12-2016,402.85,,,,,-0.32%
05-11-2016,404.16,,,,,0.02%
05-10-2016,404.08,,,,,0.37%
05-09-2016,402.61,,,,,-0.13%
05-06-2016,403.13,,,,,-0.89%
05-05-2016,406.75,,,,,-0.14%
05-04-2016,407.31,,,,,-1.14%
05-03-2016,411.99,,,,,-0.77%
05-02-2016,415.19,,,,,-0.30%
04/29/2016,416.42,,,,,-0.45%
04/28/2016,418.32,,,,,-0.03%
04/27/2016,418.43,,,,,-0.78%
04/26/2016,421.73,,,,,0.07%
04/25/2016,421.42,,,,,-0.49%
04/22/2016,423.5,,,,,-0.87%
04/21/2016,427.23,,,,,0.77%
04/20/2016,423.96,,,,,-0.39%
04/19/2016,425.61,,,,,1.04%
04/18/2016,421.23,,,,,-0.27%
04/15/2016,422.35,,,,,0.34%
04/14/2016,420.93,,,,,0.72%
04/13/2016,417.94,,,,,1.74%
04-12-2016,410.79,,,,,0.62%
04-11-2016,408.26,,,,,0.55%
04-08-2016,406.03,,,,,0.19%
04-07-2016,405.28,,,,,0.10%
04-06-2016,404.86,,,,,0.05%
04-05-2016,404.65,,,,,-1.59%
04-04-2016,411.19,,,,,0.14%
04-01-2016,410.61,,,,,-1.56%
03/31/2016,417.11,,,,,0.50%
03/30/2016,415.04,,,,,2.01%
03/29/2016,406.85,,,,,-0.14%
03/28/2016,407.44,,,,,-0.07%
03/25/2016,407.71,,,,,-0.14%
03/24/2016,408.3,,,,,-1.09%
03/23/2016,412.79,,,,,-0.66%
03/22/2016,415.54,,,,,0.19%
03/21/2016,414.77,,,,,0.05%
03/18/2016,414.55,,,,,0.99%
03/17/2016,410.5,,,,,2.22%
03/16/2016,401.6,,,,,-0.04%
03/15/2016,401.77,,,,,-1.26%
03/14/2016,406.9,,,,,0.63%
03-11-2016,404.37,,,,,1.31%
03-10-2016,399.13,,,,,0.06%
03-09-2016,398.88,,,,,0.30%
03-08-2016,397.7,,,,,-0.90%
03-07-2016,401.32,,,,,0.57%
03-04-2016,399.04,,,,,0.95%
03-03-2016,395.29,,,,,1.40%
03-02-2016,389.83,,,,,2.62%
03-01-2016,379.87,,,,,1.37%
02/29/2016,374.72,,,,,-0.53%
02/26/2016,376.7,,,,,0.84%
02/25/2016,373.55,,,,,-0.44%
02/24/2016,375.21,,,,,-1.30%
02/23/2016,380.14,,,,,-0.43%
02/22/2016,381.79,,,,,1.11%
02/19/2016,377.6,,,,,-0.46%
02/18/2016,379.33,,,,,1.77%
02/17/2016,372.74,,,,,-0.23%
02/16/2016,373.61,,,,,0.83%
02/15/2016,370.53,,,,,2.30%
02-12-2016,362.19,,,,,-0.79%
02-11-2016,365.08,,,,,-1.80%
02-10-2016,371.78,,,,,-0.25%
02-09-2016,372.7,,,,,-0.86%
02-08-2016,375.94,,,,,-0.21%
02-05-2016,376.73,,,,,-0.02%
02-04-2016,376.81,,,,,2.19%
02-03-2016,368.73,,,,,-1.67%
02-02-2016,374.98,,,,,-1.27%
02-01-2016,379.8,,,,,0.21%
01/29/2016,379.01,,,,,1.99%
01/28/2016,371.61,,,,,0.59%
01/27/2016,369.43,,,,,0.48%
01/26/2016,367.67,,,,,-1.24%
01/25/2016,372.29,,,,,1.10%
01/22/2016,368.24,,,,,2.77%
01/21/2016,358.32,,,,,-0.43%
01/20/2016,359.87,,,,,-2.96%
01/19/2016,370.86,,,,,1.54%
01/18/2016,365.23,,,,,-0.76%
01/15/2016,368.04,,,,,-1.34%
01/14/2016,373.03,,,,,-1.27%
01/13/2016,377.82,,,,,1.12%
01-12-2016,373.65,,,,,-0.28%
01-11-2016,374.71,,,,,-1.99%
01-08-2016,382.31,,,,,0.17%
01-07-2016,381.66,,,,,-2.73%
01-06-2016,392.39,,,,,-1.28%
01-05-2016,397.49,,,,,-0.51%
01-04-2016,399.54,,,,,-2.87%
01-01-2016,411.34,,,,,0.01%
12/31/2015,411.31,,,,,0.07%
12/30/2015,411.02,,,,,-0.14%
12/29/2015,411.61,,,,,0.23%
12/28/2015,410.65,,,,,-0.49%
12/25/2015,412.67,,,,,0.04%
12/24/2015,412.51,,,,,0.58%
12/23/2015,410.15,,,,,0.69%
12/22/2015,407.33,,,,,0.48%
12/21/2015,405.39,,,,,0.41%
12/18/2015,403.75,,,,,-0.45%
12/17/2015,405.58,,,,,0.72%
12/16/2015,402.69,,,,,1.93%
12/15/2015,395.08,,,,,0.01%
12/14/2015,395.06,,,,,-0.93%
12-11-2015,398.78,,,,,-1.13%
12-10-2015,403.32,,,,,-0.08%
12-09-2015,403.66,,,,,-0.62%
12-08-2015,406.16,,,,,-1.43%