Date,,,,Price
08 Dec 2025,,,,16599.3
05 Dec 2025,,,,16831.2
04 Dec 2025,,,,16754.05
03 Dec 2025,,,,16741.6
02 Dec 2025,,,,16843.85
01 Dec 2025,,,,16900.7
28 Nov 2025,,,,16915.1
27 Nov 2025,,,,16926.55
26 Nov 2025,,,,16925.75
25 Nov 2025,,,,16712.2
24 Nov 2025,,,,16707.25
21 Nov 2025,,,,16777
20 Nov 2025,,,,16925
19 Nov 2025,,,,16891.75
18 Nov 2025,,,,16826.2
17 Nov 2025,,,,16917.1
14 Nov 2025,,,,16824.7
13 Nov 2025,,,,16814.3
12 Nov 2025,,,,16839.75
11 Nov 2025,,,,16724.9
10 Nov 2025,,,,16653.45
07 Nov 2025,,,,16588.15
06 Nov 2025,,,,16552.5
04 Nov 2025,,,,16673.9
03 Nov 2025,,,,16755.2
31 Oct 2025,,,,16666.75
30 Oct 2025,,,,16755
29 Oct 2025,,,,16819.3
28 Oct 2025,,,,16719.95
27 Oct 2025,,,,16735.6
24 Oct 2025,,,,16618.65
23 Oct 2025,,,,16664.8
21 Oct 2025,,,,16672.4
20 Oct 2025,,,,16646.35
17 Oct 2025,,,,16554.7
16 Oct 2025,,,,16567.6
15 Oct 2025,,,,16450.65
14 Oct 2025,,,,16308.8
13 Oct 2025,,,,16395.1
10 Oct 2025,,,,16412.05
09 Oct 2025,,,,16347.45
08 Oct 2025,,,,16235.95
07 Oct 2025,,,,16323
06 Oct 2025,,,,16281.05
03 Oct 2025,,,,16169.85
01 Oct 2025,,,,16080.85
30 Sep 2025,,,,15946.5
29 Sep 2025,,,,15945.65
26 Sep 2025,,,,15917.15
25 Sep 2025,,,,16160.3
24 Sep 2025,,,,16269
23 Sep 2025,,,,16388.2
22 Sep 2025,,,,16427.65
19 Sep 2025,,,,16503.05
18 Sep 2025,,,,16520.1
17 Sep 2025,,,,16465.6
16 Sep 2025,,,,16423.05
15 Sep 2025,,,,16318.75
12 Sep 2025,,,,16288.35
11 Sep 2025,,,,16232.25
10 Sep 2025,,,,16215.5
09 Sep 2025,,,,16104.95
08 Sep 2025,,,,16061.6
05 Sep 2025,,,,16016.55
04 Sep 2025,,,,16010.45
03 Sep 2025,,,,16062.35
02 Sep 2025,,,,15963
01 Sep 2025,,,,15953.85
29 Aug 2025,,,,15745.15
28 Aug 2025,,,,15812.25
26 Aug 2025,,,,15982.7
25 Aug 2025,,,,16188.25
22 Aug 2025,,,,16160.7
21 Aug 2025,,,,16241.35
20 Aug 2025,,,,16270.25
19 Aug 2025,,,,16208.75
18 Aug 2025,,,,16095.1
14 Aug 2025,,,,15916.5
13 Aug 2025,,,,15934.5
12 Aug 2025,,,,15841
11 Aug 2025,,,,15886.85
08 Aug 2025,,,,15760.3
07 Aug 2025,,,,15954.45
06 Aug 2025,,,,15924.45
05 Aug 2025,,,,16029.1
04 Aug 2025,,,,16067.3
01 Aug 2025,,,,15919.25
31 Jul 2025,,,,16095.25
30 Jul 2025,,,,16193.05
29 Jul 2025,,,,16167.95
28 Jul 2025,,,,16047.5
25 Jul 2025,,,,16167.7
24 Jul 2025,,,,16383.75
23 Jul 2025,,,,16464.5
22 Jul 2025,,,,16394.9
21 Jul 2025,,,,16450.65
18 Jul 2025,,,,16359.95
17 Jul 2025,,,,16464
16 Jul 2025,,,,16490.55
15 Jul 2025,,,,16475.15
14 Jul 2025,,,,16359.75
11 Jul 2025,,,,16319.4
10 Jul 2025,,,,16454.7
09 Jul 2025,,,,16513.15
08 Jul 2025,,,,16529.3
07 Jul 2025,,,,16524.35
04 Jul 2025,,,,16543.35
03 Jul 2025,,,,16524.75
02 Jul 2025,,,,16531.35
01 Jul 2025,,,,16563.3
30 Jun 2025,,,,16572.25
27 Jun 2025,,,,16542.8
26 Jun 2025,,,,16477.5
25 Jun 2025,,,,16341.9
24 Jun 2025,,,,16237.55
23 Jun 2025,,,,16148.35
20 Jun 2025,,,,16150.7
19 Jun 2025,,,,15947.8
18 Jun 2025,,,,16101.85
17 Jun 2025,,,,16156.6
16 Jun 2025,,,,16242.2
13 Jun 2025,,,,16110.25
12 Jun 2025,,,,16195.45
11 Jun 2025,,,,16416.85
10 Jun 2025,,,,16437.3
09 Jun 2025,,,,16432.5
06 Jun 2025,,,,16304
05 Jun 2025,,,,16138.9
04 Jun 2025,,,,16044.1
03 Jun 2025,,,,15954.05
02 Jun 2025,,,,16036.35
30 May 2025,,,,15994.95
29 May 2025,,,,16037.85
28 May 2025,,,,15968.65
27 May 2025,,,,15987.95
26 May 2025,,,,16020.4
23 May 2025,,,,15931
22 May 2025,,,,15812.65
21 May 2025,,,,15899.75
20 May 2025,,,,15786.95
19 May 2025,,,,16007.25
16 May 2025,,,,16007.35
15 May 2025,,,,15931.75
14 May 2025,,,,15759.35
13 May 2025,,,,15626.35
12 May 2025,,,,15698.4
09 May 2025,,,,15122.65
08 May 2025,,,,15195
07 May 2025,,,,15395.85
06 May 2025,,,,15265.15
05 May 2025,,,,15474.6
02 May 2025,,,,15304.4
30 Apr 2025,,,,15355.15
29 Apr 2025,,,,15416.05
28 Apr 2025,,,,15400.7
25 Apr 2025,,,,15205.2
24 Apr 2025,,,,15485
23 Apr 2025,,,,15521.85
22 Apr 2025,,,,15394.25
21 Apr 2025,,,,15315.15
17 Apr 2025,,,,15053.65
16 Apr 2025,,,,14892.6
15 Apr 2025,,,,14800.55
11 Apr 2025,,,,14412.95
09 Apr 2025,,,,14152.25
08 Apr 2025,,,,14235.1
07 Apr 2025,,,,13963.95
04 Apr 2025,,,,14456.35
03 Apr 2025,,,,14797.9
02 Apr 2025,,,,14804.4
01 Apr 2025,,,,14642.05
28 Mar 2025,,,,14821.1
27 Mar 2025,,,,14869.45
26 Mar 2025,,,,14794.4
25 Mar 2025,,,,14893.95
24 Mar 2025,,,,14982.2
21 Mar 2025,,,,14802.25
20 Mar 2025,,,,14652.4
19 Mar 2025,,,,14529.75
18 Mar 2025,,,,14326.15
17 Mar 2025,,,,14066.35
13 Mar 2025,,,,13976.6
12 Mar 2025,,,,14044.7
11 Mar 2025,,,,14086.55
10 Mar 2025,,,,14041.65
07 Mar 2025,,,,14182.3
06 Mar 2025,,,,14204.65
05 Mar 2025,,,,14096.7
04 Mar 2025,,,,13834.9
03 Mar 2025,,,,13827.15
28 Feb 2025,,,,13805.6
27 Feb 2025,,,,14114.45
25 Feb 2025,,,,14213.45
24 Feb 2025,,,,14260
21 Feb 2025,,,,14406.85
20 Feb 2025,,,,14528.15
19 Feb 2025,,,,14423.4
18 Feb 2025,,,,14311.1
17 Feb 2025,,,,14327.05
14 Feb 2025,,,,14298.25
13 Feb 2025,,,,14523.65
12 Feb 2025,,,,14513.55
11 Feb 2025,,,,14546.9
10 Feb 2025,,,,14876.65
07 Feb 2025,,,,15103.65
06 Feb 2025,,,,15105.35
05 Feb 2025,,,,15215.95
04 Feb 2025,,,,15163.95
03 Feb 2025,,,,14940.7
01 Feb 2025,,,,15064.4
31 Jan 2025,,,,15092.3
30 Jan 2025,,,,14876.9
29 Jan 2025,,,,14840.45
28 Jan 2025,,,,14586
27 Jan 2025,,,,14597.2
24 Jan 2025,,,,14913.65
23 Jan 2025,,,,15092.2
22 Jan 2025,,,,14934.15
21 Jan 2025,,,,15003.6
20 Jan 2025,,,,15277.25
17 Jan 2025,,,,15180.2
16 Jan 2025,,,,15190.25
15 Jan 2025,,,,15062.75
14 Jan 2025,,,,15013.95
13 Jan 2025,,,,14796.7
10 Jan 2025,,,,15245.8
09 Jan 2025,,,,15456.5
08 Jan 2025,,,,15580.35
07 Jan 2025,,,,15679.25
06 Jan 2025,,,,15588.2
03 Jan 2025,,,,15941.35
02 Jan 2025,,,,16009.05
01 Jan 2025,,,,15786.1
31 Dec 2024,,,,15714.8
30 Dec 2024,,,,15704.55
27 Dec 2024,,,,15731.3
26 Dec 2024,,,,15734.4
24 Dec 2024,,,,15716.1
23 Dec 2024,,,,15722.9
20 Dec 2024,,,,15666
19 Dec 2024,,,,16000.75
18 Dec 2024,,,,16099.5
17 Dec 2024,,,,16206.95
16 Dec 2024,,,,16365.6
13 Dec 2024,,,,16330.6
12 Dec 2024,,,,16283.25
11 Dec 2024,,,,16352.7
10 Dec 2024,,,,16314.95
09 Dec 2024,,,,16290
06 Dec 2024,,,,16280.1
05 Dec 2024,,,,16244.75
04 Dec 2024,,,,16137.8
03 Dec 2024,,,,16052.9
02 Dec 2024,,,,15921.25
29 Nov 2024,,,,15800.2
28 Nov 2024,,,,15706.75
27 Nov 2024,,,,15793.25
26 Nov 2024,,,,15712.65
25 Nov 2024,,,,15712.4
22 Nov 2024,,,,15487.3
21 Nov 2024,,,,15236.4
19 Nov 2024,,,,15340.7
18 Nov 2024,,,,15245.4
14 Nov 2024,,,,15279.7
13 Nov 2024,,,,15237.75
12 Nov 2024,,,,15562.55
11 Nov 2024,,,,15727.8
08 Nov 2024,,,,15789.35
07 Nov 2024,,,,15927.85
06 Nov 2024,,,,16058.7
05 Nov 2024,,,,15785.35
04 Nov 2024,,,,15685.8
01 Nov 2024,,,,15884.7
31 Oct 2024,,,,15790.55
30 Oct 2024,,,,15848.15
29 Oct 2024,,,,15868.85
28 Oct 2024,,,,15757.7
25 Oct 2024,,,,15659.6
24 Oct 2024,,,,15879.45
23 Oct 2024,,,,15913.55
22 Oct 2024,,,,15881.8
21 Oct 2024,,,,16213.95
18 Oct 2024,,,,16373.8
17 Oct 2024,,,,16332
16 Oct 2024,,,,16563.2
15 Oct 2024,,,,16608.25
14 Oct 2024,,,,16596.9
11 Oct 2024,,,,16521.6
10 Oct 2024,,,,16493.85
09 Oct 2024,,,,16505.45
08 Oct 2024,,,,16410.95
07 Oct 2024,,,,16154.4
04 Oct 2024,,,,16420
03 Oct 2024,,,,16571.9
01 Oct 2024,,,,16934.3
30 Sep 2024,,,,16910.05
27 Sep 2024,,,,17042.65
26 Sep 2024,,,,17046.05
25 Sep 2024,,,,16977.45
24 Sep 2024,,,,17021.1
23 Sep 2024,,,,16993.75
20 Sep 2024,,,,16866.35
19 Sep 2024,,,,16631.6
18 Sep 2024,,,,16673.25
17 Sep 2024,,,,16748.05
16 Sep 2024,,,,16753.45
13 Sep 2024,,,,16714.85
12 Sep 2024,,,,16674.1
11 Sep 2024,,,,16430.7
10 Sep 2024,,,,16491.55
09 Sep 2024,,,,16371.2
06 Sep 2024,,,,16365.6
05 Sep 2024,,,,16577.25
04 Sep 2024,,,,16558.05
03 Sep 2024,,,,16585.85
02 Sep 2024,,,,16564.55
30 Aug 2024,,,,16568.95
29 Aug 2024,,,,16472.55
28 Aug 2024,,,,16486.55
27 Aug 2024,,,,16487.7
26 Aug 2024,,,,16443.65
23 Aug 2024,,,,16347.15
22 Aug 2024,,,,16391.9
21 Aug 2024,,,,16319.95
20 Aug 2024,,,,16264.15
19 Aug 2024,,,,16151.55
16 Aug 2024,,,,16112.7
14 Aug 2024,,,,15837.15
13 Aug 2024,,,,15883.45
12 Aug 2024,,,,16018.15
09 Aug 2024,,,,16008.9
08 Aug 2024,,,,15865
07 Aug 2024,,,,15951.65
06 Aug 2024,,,,15651.95
05 Aug 2024,,,,15730.95
02 Aug 2024,,,,16246.95
01 Aug 2024,,,,16418
31 Jul 2024,,,,16466.25
30 Jul 2024,,,,16388.95
29 Jul 2024,,,,16345.65
26 Jul 2024,,,,16250.35
25 Jul 2024,,,,15976.6
24 Jul 2024,,,,15990.7
23 Jul 2024,,,,15930.4
22 Jul 2024,,,,15987.65
19 Jul 2024,,,,15889.15
18 Jul 2024,,,,16161.85
16 Jul 2024,,,,16204.25
15 Jul 2024,,,,16206.7
12 Jul 2024,,,,16113.15
11 Jul 2024,,,,16072.3
10 Jul 2024,,,,16052.55
09 Jul 2024,,,,16111.35
08 Jul 2024,,,,16051
05 Jul 2024,,,,16074.1
04 Jul 2024,,,,16006.95
03 Jul 2024,,,,15941.9
02 Jul 2024,,,,15821.5
01 Jul 2024,,,,15878
28 Jun 2024,,,,15756.45
27 Jun 2024,,,,15721.5
26 Jun 2024,,,,15656.75
25 Jun 2024,,,,15645.1
24 Jun 2024,,,,15623.6
21 Jun 2024,,,,15584.45
20 Jun 2024,,,,15625.3
19 Jun 2024,,,,15541.1
18 Jun 2024,,,,15652.4
14 Jun 2024,,,,15574.7
13 Jun 2024,,,,15451.7
12 Jun 2024,,,,15358.65
11 Jun 2024,,,,15255.6
10 Jun 2024,,,,15191.3
07 Jun 2024,,,,15161.15
06 Jun 2024,,,,14913.45
05 Jun 2024,,,,14671.45
04 Jun 2024,,,,14145.35
03 Jun 2024,,,,15186.9
31 May 2024,,,,14708.6
30 May 2024,,,,14648.75
29 May 2024,,,,14804
28 May 2024,,,,14881.5
27 May 2024,,,,14966.85
24 May 2024,,,,14944.35
23 May 2024,,,,14948.75
22 May 2024,,,,14806.7
21 May 2024,,,,14765.25
18 May 2024,,,,14722.85
17 May 2024,,,,14662.75
16 May 2024,,,,14553.45
15 May 2024,,,,14417.8
14 May 2024,,,,14344.15
13 May 2024,,,,14227.05
10 May 2024,,,,14176
09 May 2024,,,,14070
08 May 2024,,,,14310.9
07 May 2024,,,,14253.95
06 May 2024,,,,14450.1
03 May 2024,,,,14509.8
02 May 2024,,,,14584.3
30 Apr 2024,,,,14520.25
29 Apr 2024,,,,14504.4
26 Apr 2024,,,,14414.95
25 Apr 2024,,,,14389.8
24 Apr 2024,,,,14311.3
23 Apr 2024,,,,14236.5
22 Apr 2024,,,,14153.1
19 Apr 2024,,,,14038.4
18 Apr 2024,,,,14035.4
16 Apr 2024,,,,14100.3
15 Apr 2024,,,,14138.5
12 Apr 2024,,,,14324.45
10 Apr 2024,,,,14426.65
09 Apr 2024,,,,14325.75
08 Apr 2024,,,,14353.15
05 Apr 2024,,,,14295.95
04 Apr 2024,,,,14251.2
03 Apr 2024,,,,14227.3
02 Apr 2024,,,,14191.6
01 Apr 2024,,,,14102.85
28 Mar 2024,,,,13921.1
27 Mar 2024,,,,13822.35
26 Mar 2024,,,,13784.4
22 Mar 2024,,,,13731.05
21 Mar 2024,,,,13660.55
20 Mar 2024,,,,13439.75
19 Mar 2024,,,,13434
18 Mar 2024,,,,13590.6
15 Mar 2024,,,,13591.5
14 Mar 2024,,,,13652.05
13 Mar 2024,,,,13442.7
12 Mar 2024,,,,13865.55
11 Mar 2024,,,,13970.65
07 Mar 2024,,,,14046.25
06 Mar 2024,,,,14013.85
05 Mar 2024,,,,14032.25
04 Mar 2024,,,,14063.25
02 Mar 2024,,,,14047.7
01 Mar 2024,,,,13985.1
29 Feb 2024,,,,13826.85
28 Feb 2024,,,,13773.85
27 Feb 2024,,,,13981.6
26 Feb 2024,,,,13972.3
23 Feb 2024,,,,14014.5
22 Feb 2024,,,,13985.9
21 Feb 2024,,,,13875.7
20 Feb 2024,,,,13995.15
19 Feb 2024,,,,13986.1
16 Feb 2024,,,,13929.3
15 Feb 2024,,,,13833.45
14 Feb 2024,,,,13739.7
13 Feb 2024,,,,13640.45
12 Feb 2024,,,,13578.3
09 Feb 2024,,,,13809.4
08 Feb 2024,,,,13857.85
07 Feb 2024,,,,13923.05
06 Feb 2024,,,,13856
05 Feb 2024,,,,13717.1
02 Feb 2024,,,,13743.85
01 Feb 2024,,,,13659.95
31 Jan 2024,,,,13703.45
30 Jan 2024,,,,13532.4
29 Jan 2024,,,,13616.3
25 Jan 2024,,,,13402.05
24 Jan 2024,,,,13458.25
23 Jan 2024,,,,13271.55
20 Jan 2024,,,,13588.85
19 Jan 2024,,,,13578.55
18 Jan 2024,,,,13419.75
17 Jan 2024,,,,13454.55
16 Jan 2024,,,,13659.75
15 Jan 2024,,,,13701.4
12 Jan 2024,,,,13610.6
11 Jan 2024,,,,13519.85
10 Jan 2024,,,,13473.3
09 Jan 2024,,,,13434.85
08 Jan 2024,,,,13409.05
05 Jan 2024,,,,13529.35
04 Jan 2024,,,,13495.25
03 Jan 2024,,,,13346.35
02 Jan 2024,,,,13358.5
01 Jan 2024,,,,13389.75
29 Dec 2023,,,,13347
28 Dec 2023,,,,13294.85
27 Dec 2023,,,,13227.7
26 Dec 2023,,,,13141.95
22 Dec 2023,,,,13072.25
21 Dec 2023,,,,12987.9
20 Dec 2023,,,,12853.9
19 Dec 2023,,,,13163.35
18 Dec 2023,,,,13177.9
15 Dec 2023,,,,13160.3
14 Dec 2023,,,,13076.2
13 Dec 2023,,,,12923.7
12 Dec 2023,,,,12856.4
11 Dec 2023,,,,12915.25
08 Dec 2023,,,,12854.45
07 Dec 2023,,,,12857.7
06 Dec 2023,,,,12821.25
05 Dec 2023,,,,12773.7
04 Dec 2023,,,,12691.65
01 Dec 2023,,,,12487.4
30 Nov 2023,,,,12389.8
29 Nov 2023,,,,12321.25
28 Nov 2023,,,,12220.35
24 Nov 2023,,,,12158.2
23 Nov 2023,,,,12147.85
22 Nov 2023,,,,12141.5
21 Nov 2023,,,,12125.6
20 Nov 2023,,,,12100.6
17 Nov 2023,,,,12112.1
16 Nov 2023,,,,12094.85
15 Nov 2023,,,,12025.9
13 Nov 2023,,,,11906.4
12 Nov 2023,,,,11929.85
10 Nov 2023,,,,11860.4
09 Nov 2023,,,,11828.85
08 Nov 2023,,,,11844.25
07 Nov 2023,,,,11771.2
06 Nov 2023,,,,11749.95
03 Nov 2023,,,,11643.4
02 Nov 2023,,,,11569.15
01 Nov 2023,,,,11451
31 Oct 2023,,,,11487.45
30 Oct 2023,,,,11488.25
27 Oct 2023,,,,11454.85
26 Oct 2023,,,,11307.65
25 Oct 2023,,,,11449.35
23 Oct 2023,,,,11530.25
20 Oct 2023,,,,11774.6
19 Oct 2023,,,,11859.65
18 Oct 2023,,,,11881.85
17 Oct 2023,,,,11969.2
16 Oct 2023,,,,11919.2
13 Oct 2023,,,,11912.25
12 Oct 2023,,,,11929.85
11 Oct 2023,,,,11918.05
10 Oct 2023,,,,11852.15
09 Oct 2023,,,,11722.6
06 Oct 2023,,,,11849.2
05 Oct 2023,,,,11781.85
04 Oct 2023,,,,11755.35
03 Oct 2023,,,,11867.6
29 Sep 2023,,,,11877.5
28 Sep 2023,,,,11778.35
27 Sep 2023,,,,11908.15
26 Sep 2023,,,,11847.5
25 Sep 2023,,,,11851.55
22 Sep 2023,,,,11820.8
21 Sep 2023,,,,11844.55
20 Sep 2023,,,,11943.65
18 Sep 2023,,,,12027.4
15 Sep 2023,,,,12064.75
14 Sep 2023,,,,12033.15
13 Sep 2023,,,,11961.45
12 Sep 2023,,,,11933
11 Sep 2023,,,,12142.15
08 Sep 2023,,,,12022.3
07 Sep 2023,,,,11935.6
06 Sep 2023,,,,11863.7
05 Sep 2023,,,,11848.8
04 Sep 2023,,,,11767.3
01 Sep 2023,,,,11686.3
31 Aug 2023,,,,11587.05
30 Aug 2023,,,,11600.4
29 Aug 2023,,,,11556.45
28 Aug 2023,,,,11519.35
25 Aug 2023,,,,11479.5
24 Aug 2023,,,,11560.95
23 Aug 2023,,,,11556.1
22 Aug 2023,,,,11522.9
21 Aug 2023,,,,11453.85
18 Aug 2023,,,,11381.95
17 Aug 2023,,,,11406.85
16 Aug 2023,,,,11416.15
14 Aug 2023,,,,11400.6
11 Aug 2023,,,,11423.7
10 Aug 2023,,,,11469.45
09 Aug 2023,,,,11496.45
08 Aug 2023,,,,11461.85
07 Aug 2023,,,,11453.9
04 Aug 2023,,,,11403.75
03 Aug 2023,,,,11322.7
02 Aug 2023,,,,11360.3
01 Aug 2023,,,,11494.05
31 Jul 2023,,,,11495.15
28 Jul 2023,,,,11399.05
27 Jul 2023,,,,11363.25
26 Jul 2023,,,,11380.1
25 Jul 2023,,,,11334.55
24 Jul 2023,,,,11299.35
21 Jul 2023,,,,11321.6
20 Jul 2023,,,,11392.85
19 Jul 2023,,,,11345.7
18 Jul 2023,,,,11287.65
17 Jul 2023,,,,11290.2
14 Jul 2023,,,,11231.25
13 Jul 2023,,,,11132.65
12 Jul 2023,,,,11161.45
11 Jul 2023,,,,11146.1
10 Jul 2023,,,,11077.65
07 Jul 2023,,,,11099.25
06 Jul 2023,,,,11188.55
05 Jul 2023,,,,11114.2
04 Jul 2023,,,,11074.95
03 Jul 2023,,,,11070.6
30 Jun 2023,,,,11023.85
28 Jun 2023,,,,10931.55
27 Jun 2023,,,,10861.75
26 Jun 2023,,,,10801.85
23 Jun 2023,,,,10744.8
22 Jun 2023,,,,10850
21 Jun 2023,,,,10926.7
20 Jun 2023,,,,10876.1
19 Jun 2023,,,,10833
16 Jun 2023,,,,10850.45
15 Jun 2023,,,,10770.9
14 Jun 2023,,,,10775.95
13 Jun 2023,,,,10750.05
12 Jun 2023,,,,10651.55
09 Jun 2023,,,,10607.15
08 Jun 2023,,,,10631.2
07 Jun 2023,,,,10687.7
06 Jun 2023,,,,10590
05 Jun 2023,,,,10580.15
02 Jun 2023,,,,10548.15
01 Jun 2023,,,,10509.4
31 May 2023,,,,10508.1
30 May 2023,,,,10510.2
29 May 2023,,,,10483.25
26 May 2023,,,,10437.5
25 May 2023,,,,10347.2
24 May 2023,,,,10318.8
23 May 2023,,,,10324.95
22 May 2023,,,,10283.95
19 May 2023,,,,10222.2
18 May 2023,,,,10207.85
17 May 2023,,,,10257.6
16 May 2023,,,,10290.8
15 May 2023,,,,10305.55
12 May 2023,,,,10255.15
11 May 2023,,,,10268.6
10 May 2023,,,,10251.7
09 May 2023,,,,10231.5
08 May 2023,,,,10229.65
05 May 2023,,,,10132.15
04 May 2023,,,,10210.75
03 May 2023,,,,10133
02 May 2023,,,,10133.9
28 Apr 2023,,,,10070.35
27 Apr 2023,,,,9968.5
26 Apr 2023,,,,9913.1
25 Apr 2023,,,,9895.05
24 Apr 2023,,,,9888.5
21 Apr 2023,,,,9844.85
20 Apr 2023,,,,9866.65
19 Apr 2023,,,,9868.8
18 Apr 2023,,,,9892.5
17 Apr 2023,,,,9872.4
13 Apr 2023,,,,9879.65
12 Apr 2023,,,,9869.35
11 Apr 2023,,,,9815.8
10 Apr 2023,,,,9768.2
06 Apr 2023,,,,9741.7
05 Apr 2023,,,,9698.3
03 Apr 2023,,,,9651.8
31 Mar 2023,,,,9618.9
29 Mar 2023,,,,9500.9
28 Mar 2023,,,,9387.5
27 Mar 2023,,,,9418.05
24 Mar 2023,,,,9440.1
23 Mar 2023,,,,9531.35
22 Mar 2023,,,,9568.75
21 Mar 2023,,,,9540
20 Mar 2023,,,,9480.75
17 Mar 2023,,,,9558.3
16 Mar 2023,,,,9506.2
15 Mar 2023,,,,9500.25
14 Mar 2023,,,,9515.55
13 Mar 2023,,,,9576.3
10 Mar 2023,,,,9733.35
09 Mar 2023,,,,9809.25
08 Mar 2023,,,,9879.65
06 Mar 2023,,,,9850.6
03 Mar 2023,,,,9782.3
02 Mar 2023,,,,9686.65
01 Mar 2023,,,,9727.45
28 Feb 2023,,,,9615.6
27 Feb 2023,,,,9604.85
24 Feb 2023,,,,9655.85
23 Feb 2023,,,,9680
22 Feb 2023,,,,9705.45
21 Feb 2023,,,,9829.55
20 Feb 2023,,,,9849.1
17 Feb 2023,,,,9874.8
16 Feb 2023,,,,9932.3
15 Feb 2023,,,,9886.45
14 Feb 2023,,,,9839.35
13 Feb 2023,,,,9825.65
10 Feb 2023,,,,9921.9
09 Feb 2023,,,,9920.15
08 Feb 2023,,,,9914.7
07 Feb 2023,,,,9831.3
06 Feb 2023,,,,9843.4
03 Feb 2023,,,,9822.2
02 Feb 2023,,,,9773.5
01 Feb 2023,,,,9771.9
31 Jan 2023,,,,9837.8
30 Jan 2023,,,,9754.95
27 Jan 2023,,,,9768.65
25 Jan 2023,,,,9935.2
24 Jan 2023,,,,10073
23 Jan 2023,,,,10091.75
20 Jan 2023,,,,10060.2
19 Jan 2023,,,,10116.75
18 Jan 2023,,,,10138.95
17 Jan 2023,,,,10092.3
16 Jan 2023,,,,10055.9
13 Jan 2023,,,,10083.2
12 Jan 2023,,,,10058.7
11 Jan 2023,,,,10077.25
10 Jan 2023,,,,10100.35
09 Jan 2023,,,,10167.8
06 Jan 2023,,,,10060.85
05 Jan 2023,,,,10133.7
04 Jan 2023,,,,10120.5
03 Jan 2023,,,,10222.7
02 Jan 2023,,,,10200.7
30 Dec 2022,,,,10143.55
29 Dec 2022,,,,10142.8
28 Dec 2022,,,,10115.25
27 Dec 2022,,,,10097.05
26 Dec 2022,,,,10014.85
23 Dec 2022,,,,9826.35
22 Dec 2022,,,,10110.75
21 Dec 2022,,,,10181.1
20 Dec 2022,,,,10320.25
19 Dec 2022,,,,10338.45
16 Dec 2022,,,,10269.75
15 Dec 2022,,,,10388.8
14 Dec 2022,,,,10501.3
13 Dec 2022,,,,10452.2
12 Dec 2022,,,,10404.95
09 Dec 2022,,,,10388.25
08 Dec 2022,,,,10443.75
08 Dec 2022,,,,10443.75
07 Dec 2022,,,,10405.65
06 Dec 2022,,,,10450.15
05 Dec 2022,,,,10488.15
02 Dec 2022,,,,10485.1
01 Dec 2022,,,,10469.7
30 Nov 2022,,,,10415.9
29 Nov 2022,,,,10324
28 Nov 2022,,,,10324.9
25 Nov 2022,,,,10277.55
24 Nov 2022,,,,10225.75
23 Nov 2022,,,,10151.5
22 Nov 2022,,,,10132.45
21 Nov 2022,,,,10093.85
18 Nov 2022,,,,10135.6
17 Nov 2022,,,,10169.3
16 Nov 2022,,,,10213.55
15 Nov 2022,,,,10249.45
14 Nov 2022,,,,10232.95
11 Nov 2022,,,,10236.45
10 Nov 2022,,,,10143.7
09 Nov 2022,,,,10228.95
07 Nov 2022,,,,10272.9
04 Nov 2022,,,,10210.85
03 Nov 2022,,,,10195.7
02 Nov 2022,,,,10194.6
01 Nov 2022,,,,10212.6
31 Oct 2022,,,,10131.25
28 Oct 2022,,,,10003.3
27 Oct 2022,,,,10027.7
25 Oct 2022,,,,9968.4
24 Oct 2022,,,,9979.55
21 Oct 2022,,,,9911.95
20 Oct 2022,,,,9946.8
19 Oct 2022,,,,9939.75
18 Oct 2022,,,,9931.2
17 Oct 2022,,,,9831.45
14 Oct 2022,,,,9787.2
13 Oct 2022,,,,9754.15
12 Oct 2022,,,,9818.85
11 Oct 2022,,,,9752.65
10 Oct 2022,,,,9907.5
07 Oct 2022,,,,9977.55
06 Oct 2022,,,,9996.35
04 Oct 2022,,,,9916.9
03 Oct 2022,,,,9694.9
30 Sep 2022,,,,9815.5
29 Sep 2022,,,,9669.45
28 Sep 2022,,,,9662.65
27 Sep 2022,,,,9716.2
26 Sep 2022,,,,9715.05
23 Sep 2022,,,,9960.25
22 Sep 2022,,,,10156
21 Sep 2022,,,,10155.85
20 Sep 2022,,,,10227.75
19 Sep 2022,,,,10098.4
16 Sep 2022,,,,10072.95
15 Sep 2022,,,,10310.35
14 Sep 2022,,,,10318
13 Sep 2022,,,,10349.35
12 Sep 2022,,,,10304.8
09 Sep 2022,,,,10228.9
08 Sep 2022,,,,10199.95
07 Sep 2022,,,,10137.6
06 Sep 2022,,,,10116.55
05 Sep 2022,,,,10094.75
02 Sep 2022,,,,10037.75
01 Sep 2022,,,,10053.55
30 Aug 2022,,,,10092.6
29 Aug 2022,,,,9869.45
26 Aug 2022,,,,9973.75
25 Aug 2022,,,,9941.8
24 Aug 2022,,,,9956.4
23 Aug 2022,,,,9912.95
22 Aug 2022,,,,9842.45
19 Aug 2022,,,,10010.15
18 Aug 2022,,,,10127.1
17 Aug 2022,,,,10111
16 Aug 2022,,,,10054.85
12 Aug 2022,,,,9945.65
11 Aug 2022,,,,9901.75
10 Aug 2022,,,,9826.75
08 Aug 2022,,,,9837.1
05 Aug 2022,,,,9789.15
04 Aug 2022,,,,9772.95
03 Aug 2022,,,,9744.6
02 Aug 2022,,,,9762.9
01 Aug 2022,,,,9734.85
29 Jul 2022,,,,9607.3
28 Jul 2022,,,,9477.35
27 Jul 2022,,,,9365.7
26 Jul 2022,,,,9282.5
25 Jul 2022,,,,9376.8
22 Jul 2022,,,,9401.7
21 Jul 2022,,,,9368.9
20 Jul 2022,,,,9278.3
19 Jul 2022,,,,9228.6
18 Jul 2022,,,,9176.05
15 Jul 2022,,,,9050.65
14 Jul 2022,,,,8991.55
13 Jul 2022,,,,9001.65
12 Jul 2022,,,,9020.6
11 Jul 2022,,,,9084.15
08 Jul 2022,,,,9027.3
07 Jul 2022,,,,8994.5
06 Jul 2022,,,,8895.85
05 Jul 2022,,,,8764.05
04 Jul 2022,,,,8773.8
01 Jul 2022,,,,8720.15
30 Jun 2022,,,,8705.95
29 Jun 2022,,,,8737.4
28 Jun 2022,,,,8762.5
27 Jun 2022,,,,8740.45
24 Jun 2022,,,,8659.85
23 Jun 2022,,,,8559.2
22 Jun 2022,,,,8469.8
21 Jun 2022,,,,8596.95
20 Jun 2022,,,,8383.95
17 Jun 2022,,,,8456.55
16 Jun 2022,,,,8531.7
15 Jun 2022,,,,8719.85
14 Jun 2022,,,,8713.7
13 Jun 2022,,,,8732.6
10 Jun 2022,,,,8968.35
09 Jun 2022,,,,9072.6
08 Jun 2022,,,,9019.9
07 Jun 2022,,,,9054.65
06 Jun 2022,,,,9127.25
03 Jun 2022,,,,9141.85
02 Jun 2022,,,,9231.7
01 Jun 2022,,,,9178.65
31 May 2022,,,,9183.55
30 May 2022,,,,9201.05
27 May 2022,,,,9007.35
26 May 2022,,,,8903.95
25 May 2022,,,,8809.65
24 May 2022,,,,8945.5
23 May 2022,,,,9000.1
20 May 2022,,,,9036.5
19 May 2022,,,,8828.45
18 May 2022,,,,9072.4
17 May 2022,,,,9081.4
16 May 2022,,,,8854.2
13 May 2022,,,,8773
12 May 2022,,,,8740.55
11 May 2022,,,,8938.95
10 May 2022,,,,8987.7
09 May 2022,,,,9102.3
06 May 2022,,,,9222.6
05 May 2022,,,,9382.35
04 May 2022,,,,9377.8
02 May 2022,,,,9590.45
29 Apr 2022,,,,9625.55
28 Apr 2022,,,,9702.35
27 Apr 2022,,,,9614.5
26 Apr 2022,,,,9704.15
25 Apr 2022,,,,9558.55
22 Apr 2022,,,,9713.6
21 Apr 2022,,,,9811.85
20 Apr 2022,,,,9691.8
19 Apr 2022,,,,9615.3
18 Apr 2022,,,,9739.35
13 Apr 2022,,,,9869.9
12 Apr 2022,,,,9885.95
11 Apr 2022,,,,10019.45
08 Apr 2022,,,,9999.8
07 Apr 2022,,,,9906.55
06 Apr 2022,,,,9993.25
05 Apr 2022,,,,10003.55
04 Apr 2022,,,,9946.85
01 Apr 2022,,,,9771.5
31 Mar 2022,,,,9650.2
30 Mar 2022,,,,9639.7
29 Mar 2022,,,,9552.7
28 Mar 2022,,,,9496.2
25 Mar 2022,,,,9489.4
24 Mar 2022,,,,9515.55
23 Mar 2022,,,,9495.75
22 Mar 2022,,,,9494.35
21 Mar 2022,,,,9439.4
17 Mar 2022,,,,9495.65
16 Mar 2022,,,,9354.55
15 Mar 2022,,,,9176.8
14 Mar 2022,,,,9269.55
11 Mar 2022,,,,9208
10 Mar 2022,,,,9171.95
09 Mar 2022,,,,9052.5
08 Mar 2022,,,,8875.1
07 Mar 2022,,,,8783.5
04 Mar 2022,,,,8990.4
03 Mar 2022,,,,9160.05
02 Mar 2022,,,,9198.15
28 Feb 2022,,,,9253.5
25 Feb 2022,,,,9175.3
24 Feb 2022,,,,8884.3
23 Feb 2022,,,,9365.75
22 Feb 2022,,,,9349.35
21 Feb 2022,,,,9421.3
18 Feb 2022,,,,9500.6
17 Feb 2022,,,,9554.95
16 Feb 2022,,,,9569.55
15 Feb 2022,,,,9585.55
14 Feb 2022,,,,9328.7
11 Feb 2022,,,,9663.05
10 Feb 2022,,,,9823.65
09 Feb 2022,,,,9775.1
08 Feb 2022,,,,9666.45
07 Feb 2022,,,,9695.65
04 Feb 2022,,,,9816.15
03 Feb 2022,,,,9864.7
02 Feb 2022,,,,9970.05
01 Feb 2022,,,,9858.2
31 Jan 2022,,,,9738.95
28 Jan 2022,,,,9601.3
27 Jan 2022,,,,9535.1
25 Jan 2022,,,,9640.7
24 Jan 2022,,,,9562.05
21 Jan 2022,,,,9883.55
20 Jan 2022,,,,10035.75
19 Jan 2022,,,,10092.3
18 Jan 2022,,,,10142.2
17 Jan 2022,,,,10296.65
14 Jan 2022,,,,10264.9
13 Jan 2022,,,,10265.6
12 Jan 2022,,,,10225.6
11 Jan 2022,,,,10122.5
10 Jan 2022,,,,10101.65
07 Jan 2022,,,,10019.6
06 Jan 2022,,,,9982.15
05 Jan 2022,,,,10029.8
04 Jan 2022,,,,9996.2
03 Jan 2022,,,,9940.4
31 Dec 2021,,,,9814.15
30 Dec 2021,,,,9704.05
29 Dec 2021,,,,9719.45
28 Dec 2021,,,,9718.7
27 Dec 2021,,,,9622.45
24 Dec 2021,,,,9585.2
23 Dec 2021,,,,9656.85
22 Dec 2021,,,,9580.55
21 Dec 2021,,,,9456.15
20 Dec 2021,,,,9345.15
17 Dec 2021,,,,9619.1
16 Dec 2021,,,,9799.45
15 Dec 2021,,,,9827.05
14 Dec 2021,,,,9885
13 Dec 2021,,,,9906.05
10 Dec 2021,,,,9945.15
09 Dec 2021,,,,9910.3
08 Dec 2021,,,,9869
08 Dec 2021,,,,9869
07 Dec 2021,,,,9716.6
06 Dec 2021,,,,9585.05
03 Dec 2021,,,,9729.7
02 Dec 2021,,,,9788.2
01 Dec 2021,,,,9667.9
30 Nov 2021,,,,9580.5
29 Nov 2021,,,,9562.3
26 Nov 2021,,,,9614.3
25 Nov 2021,,,,9905.35
24 Nov 2021,,,,9847.2
23 Nov 2021,,,,9886.35
22 Nov 2021,,,,9779.35
18 Nov 2021,,,,10016.85
17 Nov 2021,,,,10134.3
16 Nov 2021,,,,10181.55
15 Nov 2021,,,,10219.55
12 Nov 2021,,,,10198.4
11 Nov 2021,,,,10110.2
10 Nov 2021,,,,10180.75
09 Nov 2021,,,,10205.3
08 Nov 2021,,,,10156.65
04 Nov 2021,,,,10054.55
03 Nov 2021,,,,9984.6
02 Nov 2021,,,,10006.6
01 Nov 2021,,,,9970.6
29 Oct 2021,,,,9819.55
28 Oct 2021,,,,9866.85
27 Oct 2021,,,,10048.6
26 Oct 2021,,,,10052.65
25 Oct 2021,,,,9927.4
22 Oct 2021,,,,10011.85
21 Oct 2021,,,,10074.5
20 Oct 2021,,,,10129.3
19 Oct 2021,,,,10284
18 Oct 2021,,,,10412.05
14 Oct 2021,,,,10324.95
13 Oct 2021,,,,10244.15
12 Oct 2021,,,,10132.95
11 Oct 2021,,,,10099.7
08 Oct 2021,,,,10055.6
07 Oct 2021,,,,10007.65
06 Oct 2021,,,,9874.3
05 Oct 2021,,,,9965.15
04 Oct 2021,,,,9908.25
01 Oct 2021,,,,9783.65
30 Sep 2021,,,,9797.05
29 Sep 2021,,,,9794.4
28 Sep 2021,,,,9765.45
27 Sep 2021,,,,9827.9
24 Sep 2021,,,,9833.9
23 Sep 2021,,,,9866.5
22 Sep 2021,,,,9730.4
21 Sep 2021,,,,9661.45
20 Sep 2021,,,,9592.85
17 Sep 2021,,,,9742.35
16 Sep 2021,,,,9823.85
15 Sep 2021,,,,9773.4
14 Sep 2021,,,,9690
13 Sep 2021,,,,9622.35
09 Sep 2021,,,,9599.2
08 Sep 2021,,,,9575.85
07 Sep 2021,,,,9555.65
06 Sep 2021,,,,9571.45
03 Sep 2021,,,,9537.65
02 Sep 2021,,,,9493.8
01 Sep 2021,,,,9412.05
31 Aug 2021,,,,9391.65
30 Aug 2021,,,,9304.45
27 Aug 2021,,,,9157.25
26 Aug 2021,,,,9090.2
25 Aug 2021,,,,9079.05
24 Aug 2021,,,,9054.65
23 Aug 2021,,,,8963.45
20 Aug 2021,,,,8988.75
18 Aug 2021,,,,9110.65
17 Aug 2021,,,,9109.35
16 Aug 2021,,,,9077.55
13 Aug 2021,,,,9084.25
12 Aug 2021,,,,9049.4
11 Aug 2021,,,,8981.7
10 Aug 2021,,,,9001.35
09 Aug 2021,,,,9049.55
06 Aug 2021,,,,9077.31
05 Aug 2021,,,,9088.2
04 Aug 2021,,,,9079.86
03 Aug 2021,,,,9098.26
02 Aug 2021,,,,9024.64
30 Jul 2021,,,,8930.27
29 Jul 2021,,,,8891.17
28 Jul 2021,,,,8841.74
27 Jul 2021,,,,8866.68
26 Jul 2021,,,,8909.8
23 Jul 2021,,,,8914.7
22 Jul 2021,,,,8901.93
20 Jul 2021,,,,8796.51
19 Jul 2021,,,,8890.44
16 Jul 2021,,,,8964.61
15 Jul 2021,,,,8948.99
14 Jul 2021,,,,8914.44
13 Jul 2021,,,,8889.65
12 Jul 2021,,,,8849.54
09 Jul 2021,,,,8830.37
08 Jul 2021,,,,8817.85
07 Jul 2021,,,,8872.92
06 Jul 2021,,,,8835
05 Jul 2021,,,,8834.42
02 Jul 2021,,,,8786.06
01 Jul 2021,,,,8750.56
30 Jun 2021,,,,8768.45
29 Jun 2021,,,,8761.16
28 Jun 2021,,,,8797.09
25 Jun 2021,,,,8783.74
24 Jun 2021,,,,8723.89
23 Jun 2021,,,,8713.35
22 Jun 2021,,,,8744.35
21 Jun 2021,,,,8727.41
18 Jun 2021,,,,8679.21
17 Jun 2021,,,,8724.79
16 Jun 2021,,,,8794.73
15 Jun 2021,,,,8864.71
14 Jun 2021,,,,8823.69
11 Jun 2021,,,,8836.3
10 Jun 2021,,,,8809.43
09 Jun 2021,,,,8713.2
08 Jun 2021,,,,8775.83
07 Jun 2021,,,,8747.97
04 Jun 2021,,,,8674.15
03 Jun 2021,,,,8646.99
02 Jun 2021,,,,8577
01 Jun 2021,,,,8510.62
31 May 2021,,,,8521.2
28 May 2021,,,,8463.77
27 May 2021,,,,8443.75
26 May 2021,,,,8409.78
25 May 2021,,,,8382.31
24 May 2021,,,,8384.54
21 May 2021,,,,8344.13
20 May 2021,,,,8247.63
19 May 2021,,,,8282.61
18 May 2021,,,,8296.76
17 May 2021,,,,8177.74
14 May 2021,,,,8045.99
12 May 2021,,,,8117.83
11 May 2021,,,,8179.69
10 May 2021,,,,8167.01
07 May 2021,,,,8107.57
06 May 2021,,,,8096.04
05 May 2021,,,,8039.02
04 May 2021,,,,7967.68
03 May 2021,,,,8014.21
30 Apr 2021,,,,7992.27
29 Apr 2021,,,,8073.89
28 Apr 2021,,,,8076.38
27 Apr 2021,,,,7981.05
26 Apr 2021,,,,7880.44
23 Apr 2021,,,,7813.23
22 Apr 2021,,,,7814.66
20 Apr 2021,,,,7772.97
19 Apr 2021,,,,7776.67
16 Apr 2021,,,,7922.91
15 Apr 2021,,,,7867.81
13 Apr 2021,,,,7845.2
12 Apr 2021,,,,7739.27
09 Apr 2021,,,,8099.2
08 Apr 2021,,,,8101.61
07 Apr 2021,,,,8060.58
06 Apr 2021,,,,7975.15
05 Apr 2021,,,,7933.55
01 Apr 2021,,,,8046.98
31 Mar 2021,,,,7935.05
30 Mar 2021,,,,7953.9
26 Mar 2021,,,,7805.91
25 Mar 2021,,,,7698.42
24 Mar 2021,,,,7832.54
23 Mar 2021,,,,7974.53
22 Mar 2021,,,,7922.23
19 Mar 2021,,,,7887.15
18 Mar 2021,,,,7805.11
17 Mar 2021,,,,7904.55
16 Mar 2021,,,,8048.54
15 Mar 2021,,,,8038.39
12 Mar 2021,,,,8092.56
10 Mar 2021,,,,8142.16
09 Mar 2021,,,,8090.67
08 Mar 2021,,,,8076.45
05 Mar 2021,,,,8058.33
04 Mar 2021,,,,8180.72
03 Mar 2021,,,,8196.18
02 Mar 2021,,,,8047.8
01 Mar 2021,,,,7939.01
26 Feb 2021,,,,7820.44
25 Feb 2021,,,,8009.87
24 Feb 2021,,,,7923.03
23 Feb 2021,,,,7819.73
22 Feb 2021,,,,7770.56
19 Feb 2021,,,,7896.34
18 Feb 2021,,,,7988.7
17 Feb 2021,,,,7989.64
16 Feb 2021,,,,8000.39
15 Feb 2021,,,,7977.61
12 Feb 2021,,,,7891.05
11 Feb 2021,,,,7896.37
10 Feb 2021,,,,7870.24
09 Feb 2021,,,,7841.46
08 Feb 2021,,,,7841.41
05 Feb 2021,,,,7734.16
04 Feb 2021,,,,7766.82
03 Feb 2021,,,,7686.59
02 Feb 2021,,,,7599.41
01 Feb 2021,,,,7421.27
29 Jan 2021,,,,7154.54
28 Jan 2021,,,,7215.09
27 Jan 2021,,,,7272.8
25 Jan 2021,,,,7393.4
22 Jan 2021,,,,7467.22
21 Jan 2021,,,,7568.28
20 Jan 2021,,,,7624.56
19 Jan 2021,,,,7559.26
18 Jan 2021,,,,7417.01
15 Jan 2021,,,,7531.46
14 Jan 2021,,,,7616.3
13 Jan 2021,,,,7603.77
12 Jan 2021,,,,7626.42
11 Jan 2021,,,,7591.96
08 Jan 2021,,,,7566.68
07 Jan 2021,,,,7473.9
06 Jan 2021,,,,7426.46
05 Jan 2021,,,,7425.81
04 Jan 2021,,,,7374.24
01 Jan 2021,,,,7288.37
31 Dec 2020,,,,7234.79
30 Dec 2020,,,,7220.71
29 Dec 2020,,,,7195.5
28 Dec 2020,,,,7185.59
24 Dec 2020,,,,7116.73
23 Dec 2020,,,,7071.36
22 Dec 2020,,,,6953.99
21 Dec 2020,,,,6895.02
18 Dec 2020,,,,7164.43
17 Dec 2020,,,,7164.59
16 Dec 2020,,,,7160.06
15 Dec 2020,,,,7091.68
14 Dec 2020,,,,7080.31
11 Dec 2020,,,,7048.52
10 Dec 2020,,,,7031.64
09 Dec 2020,,,,7067.23
08 Dec 2020,,,,7016.44
07 Dec 2020,,,,7010.51
04 Dec 2020,,,,6947.35
03 Dec 2020,,,,6904.81
02 Dec 2020,,,,6881.17
01 Dec 2020,,,,6855.34
27 Nov 2020,,,,6787.85
26 Nov 2020,,,,6707.59
25 Nov 2020,,,,6651.59
24 Nov 2020,,,,6754.29
23 Nov 2020,,,,6695.18
20 Nov 2020,,,,6637.02
19 Nov 2020,,,,6583
18 Nov 2020,,,,6638.08
17 Nov 2020,,,,6575.23
14 Nov 2020,,,,6510.41
13 Nov 2020,,,,6476.31
12 Nov 2020,,,,6436.06
11 Nov 2020,,,,6429.95
10 Nov 2020,,,,6390.98
09 Nov 2020,,,,6349.56
06 Nov 2020,,,,6273.96
05 Nov 2020,,,,6219.67
04 Nov 2020,,,,6112.46
03 Nov 2020,,,,6073.35
02 Nov 2020,,,,6016.51
30 Oct 2020,,,,6003.6
29 Oct 2020,,,,5998.03
28 Oct 2020,,,,6020.55
27 Oct 2020,,,,6084.24
26 Oct 2020,,,,6017.54
23 Oct 2020,,,,6103.57
22 Oct 2020,,,,6074.3
21 Oct 2020,,,,6063.03
20 Oct 2020,,,,6049.33
19 Oct 2020,,,,6027.65
16 Oct 2020,,,,5981.98
15 Oct 2020,,,,5930.66
14 Oct 2020,,,,6047.89
13 Oct 2020,,,,6041.25
12 Oct 2020,,,,6055.91
09 Oct 2020,,,,6068.76
08 Oct 2020,,,,6058.96
07 Oct 2020,,,,6038.67
06 Oct 2020,,,,6038.55
05 Oct 2020,,,,5984.83
01 Oct 2020,,,,5966.7
30 Sep 2020,,,,5902.99
29 Sep 2020,,,,5891.52
28 Sep 2020,,,,5897.96
25 Sep 2020,,,,5770.76
24 Sep 2020,,,,5635.21
23 Sep 2020,,,,5778.18
22 Sep 2020,,,,5794.92
21 Sep 2020,,,,5870.61
18 Sep 2020,,,,6045.04
17 Sep 2020,,,,6051.11
16 Sep 2020,,,,6085.68
15 Sep 2020,,,,6055.39
14 Sep 2020,,,,5996.69
11 Sep 2020,,,,5922.47
10 Sep 2020,,,,5898.08
09 Sep 2020,,,,5822.94
08 Sep 2020,,,,5850.14
07 Sep 2020,,,,5897.29
04 Sep 2020,,,,5914.85
03 Sep 2020,,,,6012.89
02 Sep 2020,,,,5986.72
01 Sep 2020,,,,5923.53
31 Aug 2020,,,,5877.85
28 Aug 2020,,,,6067.58
27 Aug 2020,,,,6028.5
26 Aug 2020,,,,6019.7
25 Aug 2020,,,,5986.74
24 Aug 2020,,,,5974.8
21 Aug 2020,,,,5926.75
20 Aug 2020,,,,5890.33
19 Aug 2020,,,,5888.33
18 Aug 2020,,,,5862.18
17 Aug 2020,,,,5789.86
14 Aug 2020,,,,5761.04
13 Aug 2020,,,,5813.41
12 Aug 2020,,,,5770.61
11 Aug 2020,,,,5772.69
10 Aug 2020,,,,5773.77
07 Aug 2020,,,,5720.8
06 Aug 2020,,,,5680.78
05 Aug 2020,,,,5625.04
04 Aug 2020,,,,5609.53
03 Aug 2020,,,,5534.62
31 Jul 2020,,,,5574.3
30 Jul 2020,,,,5562.33
29 Jul 2020,,,,5603.04
28 Jul 2020,,,,5610.42
27 Jul 2020,,,,5551.09
24 Jul 2020,,,,5599.19
23 Jul 2020,,,,5614.45
22 Jul 2020,,,,5573.88
21 Jul 2020,,,,5583.38
20 Jul 2020,,,,5548.19
17 Jul 2020,,,,5494.32
16 Jul 2020,,,,5421.36
15 Jul 2020,,,,5383.06
14 Jul 2020,,,,5392.05
13 Jul 2020,,,,5468.24
10 Jul 2020,,,,5465.19
09 Jul 2020,,,,5494.33
08 Jul 2020,,,,5466.74
07 Jul 2020,,,,5504.21
06 Jul 2020,,,,5480.58
03 Jul 2020,,,,5402.09
02 Jul 2020,,,,5369.14
01 Jul 2020,,,,5311.08
30 Jun 2020,,,,5276.28
29 Jun 2020,,,,5286.53
26 Jun 2020,,,,5344.55
25 Jun 2020,,,,5321.27
24 Jun 2020,,,,5299.77
23 Jun 2020,,,,5369.69
22 Jun 2020,,,,5285.31
19 Jun 2020,,,,5223.28
18 Jun 2020,,,,5152.75
17 Jun 2020,,,,5074.22
16 Jun 2020,,,,5072.7
15 Jun 2020,,,,5035.52
12 Jun 2020,,,,5100.58
11 Jun 2020,,,,5057.73
10 Jun 2020,,,,5142.78
09 Jun 2020,,,,5099.81
08 Jun 2020,,,,5141.29
05 Jun 2020,,,,5124.38
04 Jun 2020,,,,5049.33
03 Jun 2020,,,,5060.71
02 Jun 2020,,,,5023.47
01 Jun 2020,,,,4954.7
29 May 2020,,,,4826.73
28 May 2020,,,,4769.29
27 May 2020,,,,4691.58
26 May 2020,,,,4619.48
22 May 2020,,,,4595.93
21 May 2020,,,,4626.11
20 May 2020,,,,4594.91
19 May 2020,,,,4515.48
18 May 2020,,,,4495.32
15 May 2020,,,,4665.92
14 May 2020,,,,4674.95
13 May 2020,,,,4741.36
12 May 2020,,,,4652.14
11 May 2020,,,,4677.19
08 May 2020,,,,4667.32
07 May 2020,,,,4660.76
06 May 2020,,,,4691.39
05 May 2020,,,,4661.67
04 May 2020,,,,4700.83
30 Apr 2020,,,,4933.99
29 Apr 2020,,,,4816.13
28 Apr 2020,,,,4745.63
27 Apr 2020,,,,4698.68
24 Apr 2020,,,,4625.5
23 Apr 2020,,,,4706.86
22 Apr 2020,,,,4652.39
21 Apr 2020,,,,4586.4
20 Apr 2020,,,,4721.45
17 Apr 2020,,,,4713.4
16 Apr 2020,,,,4597.84
15 Apr 2020,,,,4545.85
13 Apr 2020,,,,4529.74
09 Apr 2020,,,,4581.1
08 Apr 2020,,,,4419.82
07 Apr 2020,,,,4388.44
03 Apr 2020,,,,4114.17
01 Apr 2020,,,,4183.36
31 Mar 2020,,,,4304.47
30 Mar 2020,,,,4170.35
27 Mar 2020,,,,4306.46
26 Mar 2020,,,,4310.97
25 Mar 2020,,,,4149.43
24 Mar 2020,,,,3960.05
23 Mar 2020,,,,3894.57
20 Mar 2020,,,,4472.35
19 Mar 2020,,,,4261.67
18 Mar 2020,,,,4406.51
17 Mar 2020,,,,4659.08
16 Mar 2020,,,,4771.17
13 Mar 2020,,,,5107.21
12 Mar 2020,,,,4959.38
11 Mar 2020,,,,5396.16
09 Mar 2020,,,,5417.44
06 Mar 2020,,,,5673.15
05 Mar 2020,,,,5801.89
04 Mar 2020,,,,5788.63
03 Mar 2020,,,,5848.34
02 Mar 2020,,,,5752.7
28 Feb 2020,,,,5788.35
27 Feb 2020,,,,5987.43
26 Feb 2020,,,,6019.83
25 Feb 2020,,,,6087.33
24 Feb 2020,,,,6111.14
20 Feb 2020,,,,6230.34
19 Feb 2020,,,,6216.26
18 Feb 2020,,,,6134.11
17 Feb 2020,,,,6165.33
14 Feb 2020,,,,6212.96
13 Feb 2020,,,,6250.5
12 Feb 2020,,,,6260.75
11 Feb 2020,,,,6245.25
10 Feb 2020,,,,6227.47
07 Feb 2020,,,,6265.14
06 Feb 2020,,,,6247.28
05 Feb 2020,,,,6214.01
04 Feb 2020,,,,6150.05
03 Feb 2020,,,,6048.17
01 Feb 2020,,,,6008.7
31 Jan 2020,,,,6163.12
30 Jan 2020,,,,6196.65
29 Jan 2020,,,,6247.48
28 Jan 2020,,,,6220.32
27 Jan 2020,,,,6240.6
24 Jan 2020,,,,6276.65
23 Jan 2020,,,,6233.14
22 Jan 2020,,,,6172.78
21 Jan 2020,,,,6193.13
20 Jan 2020,,,,6210.29
17 Jan 2020,,,,6255.63
16 Jan 2020,,,,6241.23
15 Jan 2020,,,,6212.26
14 Jan 2020,,,,6185.84
13 Jan 2020,,,,6156.13
10 Jan 2020,,,,6116.72
09 Jan 2020,,,,6097.59
08 Jan 2020,,,,6009.05
07 Jan 2020,,,,6009.32
06 Jan 2020,,,,5971.95
03 Jan 2020,,,,6095.58
02 Jan 2020,,,,6122.02
01 Jan 2020,,,,6059.15
31 Dec 2019,,,,6045.55
30 Dec 2019,,,,6061.88
27 Dec 2019,,,,6047.07
26 Dec 2019,,,,5991.74
24 Dec 2019,,,,6008.12
23 Dec 2019,,,,6022.1
20 Dec 2019,,,,6029.33
19 Dec 2019,,,,6024.89
18 Dec 2019,,,,6011.09
17 Dec 2019,,,,6005.28
16 Dec 2019,,,,5964.46
13 Dec 2019,,,,5986.57
12 Dec 2019,,,,5930.6
11 Dec 2019,,,,5893.14
10 Dec 2019,,,,5863.07
09 Dec 2019,,,,5917.01
06 Dec 2019,,,,5914.17
05 Dec 2019,,,,5977.22
04 Dec 2019,,,,5992.32
03 Dec 2019,,,,5963.24
02 Dec 2019,,,,6005.67
29 Nov 2019,,,,6023.45
28 Nov 2019,,,,6040.58
27 Nov 2019,,,,6000.97
26 Nov 2019,,,,5963.16
25 Nov 2019,,,,5995.69
22 Nov 2019,,,,5926.72
21 Nov 2019,,,,5937.65
20 Nov 2019,,,,5966.92
19 Nov 2019,,,,5946.61
18 Nov 2019,,,,5927.57
15 Nov 2019,,,,5911.09
14 Nov 2019,,,,5897.7
13 Nov 2019,,,,5885.26
11 Nov 2019,,,,5926.72
08 Nov 2019,,,,5908.94
07 Nov 2019,,,,5953.69
06 Nov 2019,,,,5922.15
05 Nov 2019,,,,5913.87
04 Nov 2019,,,,5949.44
01 Nov 2019,,,,5942.04
31 Oct 2019,,,,5929.44
30 Oct 2019,,,,5883.23
29 Oct 2019,,,,5854.45
27 Oct 2019,,,,5786.27
25 Oct 2019,,,,5751.66
24 Oct 2019,,,,5756.8
23 Oct 2019,,,,5768.82
22 Oct 2019,,,,5762.06
18 Oct 2019,,,,5772.73
17 Oct 2019,,,,5701.94
16 Oct 2019,,,,5624.5
15 Oct 2019,,,,5618.49
14 Oct 2019,,,,5588.48
11 Oct 2019,,,,5570.65
10 Oct 2019,,,,5547.91
09 Oct 2019,,,,5593.61
07 Oct 2019,,,,5516.73
04 Oct 2019,,,,5540.23
03 Oct 2019,,,,5597.46
01 Oct 2019,,,,5612.89
30 Sep 2019,,,,5687.47
27 Sep 2019,,,,5736.87
26 Sep 2019,,,,5774.27
25 Sep 2019,,,,5718.73
24 Sep 2019,,,,5803.56
23 Sep 2019,,,,5820.35
20 Sep 2019,,,,5665.15
19 Sep 2019,,,,5369.51
18 Sep 2019,,,,5442.78
17 Sep 2019,,,,5426.34
16 Sep 2019,,,,5522.95
13 Sep 2019,,,,5541.74
12 Sep 2019,,,,5504.73
11 Sep 2019,,,,5524.08
09 Sep 2019,,,,5493.21
06 Sep 2019,,,,5450.58
05 Sep 2019,,,,5409.91
04 Sep 2019,,,,5400.77
03 Sep 2019,,,,5381.71
30 Aug 2019,,,,5479.67
29 Aug 2019,,,,5433.22
28 Aug 2019,,,,5465.31
27 Aug 2019,,,,5503.25
26 Aug 2019,,,,5464.88
23 Aug 2019,,,,5372.73
22 Aug 2019,,,,5327.48
21 Aug 2019,,,,5416.77
20 Aug 2019,,,,5479.37
19 Aug 2019,,,,5509.9
16 Aug 2019,,,,5500.62
14 Aug 2019,,,,5487.44
13 Aug 2019,,,,5438.31
09 Aug 2019,,,,5537.11
08 Aug 2019,,,,5491.48
07 Aug 2019,,,,5431.38
06 Aug 2019,,,,5465.67
05 Aug 2019,,,,5396.57
02 Aug 2019,,,,5466.44
01 Aug 2019,,,,5465.29
31 Jul 2019,,,,5524.92
30 Jul 2019,,,,5486.1
29 Jul 2019,,,,5558.87
26 Jul 2019,,,,5608.4
25 Jul 2019,,,,5584.71
24 Jul 2019,,,,5573.92
23 Jul 2019,,,,5630.95
22 Jul 2019,,,,5645.85
19 Jul 2019,,,,5679.67
18 Jul 2019,,,,5777.94
17 Jul 2019,,,,5843.67
16 Jul 2019,,,,5844.65
15 Jul 2019,,,,5805.83
12 Jul 2019,,,,5816.85
11 Jul 2019,,,,5811.72
10 Jul 2019,,,,5770.17
09 Jul 2019,,,,5810.86
08 Jul 2019,,,,5800.88
05 Jul 2019,,,,5936.55
04 Jul 2019,,,,6016.96
03 Jul 2019,,,,6013.84
02 Jul 2019,,,,6005.98
01 Jul 2019,,,,5986.04
28 Jun 2019,,,,5960.89
27 Jun 2019,,,,5977.27
26 Jun 2019,,,,5962.12
25 Jun 2019,,,,5925.22
24 Jun 2019,,,,5884.26
21 Jun 2019,,,,5896.88
20 Jun 2019,,,,5920.86
19 Jun 2019,,,,5844.35
18 Jun 2019,,,,5872.92
17 Jun 2019,,,,5871.61
14 Jun 2019,,,,5946.09
13 Jun 2019,,,,5994.63
12 Jun 2019,,,,6001.74
11 Jun 2019,,,,6042.5
10 Jun 2019,,,,6012.98
07 Jun 2019,,,,5997.2
06 Jun 2019,,,,5995.35
04 Jun 2019,,,,6088.26
03 Jun 2019,,,,6108.17
31 May 2019,,,,6042.41
30 May 2019,,,,6043.53
29 May 2019,,,,6006.77
28 May 2019,,,,6043.37
27 May 2019,,,,6034.52
24 May 2019,,,,5966.67
23 May 2019,,,,5860.77
22 May 2019,,,,5880.91
21 May 2019,,,,5873.58
20 May 2019,,,,5931.6
17 May 2019,,,,5722.93
16 May 2019,,,,5659.29
15 May 2019,,,,5629.95
14 May 2019,,,,5661.22
13 May 2019,,,,5632.99
10 May 2019,,,,5724.23
09 May 2019,,,,5719.88
08 May 2019,,,,5739.88
07 May 2019,,,,5800.75
06 May 2019,,,,5853.97
03 May 2019,,,,5905.13
02 May 2019,,,,5910.57
30 Apr 2019,,,,5934.22
26 Apr 2019,,,,5960.98
25 Apr 2019,,,,5944.06
24 Apr 2019,,,,5976.15
23 Apr 2019,,,,5932.32
22 Apr 2019,,,,5933.76
18 Apr 2019,,,,6021.73
16 Apr 2019,,,,6056.76
15 Apr 2019,,,,6029.41
12 Apr 2019,,,,6002.1
11 Apr 2019,,,,5978.69
10 Apr 2019,,,,5973.39
09 Apr 2019,,,,5999.4
08 Apr 2019,,,,5980.11
05 Apr 2019,,,,6016.71
04 Apr 2019,,,,5979.21
03 Apr 2019,,,,5993.75
02 Apr 2019,,,,6039.7
01 Apr 2019,,,,6031.23
29 Mar 2019,,,,6011.71
28 Mar 2019,,,,5965.62
27 Mar 2019,,,,5900.75
26 Mar 2019,,,,5894.58
25 Mar 2019,,,,5833.97
22 Mar 2019,,,,5885.18
20 Mar 2019,,,,5914.9
19 Mar 2019,,,,5930.17
18 Mar 2019,,,,5897.22
15 Mar 2019,,,,5897.66
14 Mar 2019,,,,5860.72
13 Mar 2019,,,,5861.8
12 Mar 2019,,,,5868.6
11 Mar 2019,,,,5820.05
08 Mar 2019,,,,5726.2
07 Mar 2019,,,,5734.27
06 Mar 2019,,,,5742.31
05 Mar 2019,,,,5712.51
01 Mar 2019,,,,5620.39
28 Feb 2019,,,,5564.89
27 Feb 2019,,,,5551.48
26 Feb 2019,,,,5545.93
25 Feb 2019,,,,5558.86
22 Feb 2019,,,,5526.95
21 Feb 2019,,,,5511.76
20 Feb 2019,,,,5471.54
19 Feb 2019,,,,5413.58
18 Feb 2019,,,,5408.88
15 Feb 2019,,,,5459.41
14 Feb 2019,,,,5492.35
13 Feb 2019,,,,5490.57
12 Feb 2019,,,,5510.31
11 Feb 2019,,,,5529.81
08 Feb 2019,,,,5588.17
07 Feb 2019,,,,5654.89
06 Feb 2019,,,,5630.7
05 Feb 2019,,,,5596.09
04 Feb 2019,,,,5614.86
01 Feb 2019,,,,5632.44
31 Jan 2019,,,,5600.62
30 Jan 2019,,,,5542.75
29 Jan 2019,,,,5527.75
28 Jan 2019,,,,5523.2
25 Jan 2019,,,,5603.69
24 Jan 2019,,,,5661.68
23 Jan 2019,,,,5666.15
22 Jan 2019,,,,5695.92
21 Jan 2019,,,,5706.81
18 Jan 2019,,,,5715.33
17 Jan 2019,,,,5733.25
16 Jan 2019,,,,5737.02
15 Jan 2019,,,,5740.78
14 Jan 2019,,,,5688.37
11 Jan 2019,,,,5713.76
10 Jan 2019,,,,5723.93
09 Jan 2019,,,,5717.41
08 Jan 2019,,,,5707.44
07 Jan 2019,,,,5701.76
04 Jan 2019,,,,5690.81
03 Jan 2019,,,,5665.08
02 Jan 2019,,,,5714.4
01 Jan 2019,,,,5774.99
31 Dec 2018,,,,5763.86
28 Dec 2018,,,,5745.83
27 Dec 2018,,,,5696.51
26 Dec 2018,,,,5672.62
24 Dec 2018,,,,5660.02
21 Dec 2018,,,,5704.66
20 Dec 2018,,,,5795.81
19 Dec 2018,,,,5799.49
18 Dec 2018,,,,5747
17 Dec 2018,,,,5733.22
14 Dec 2018,,,,5700.56
13 Dec 2018,,,,5691.82
12 Dec 2018,,,,5652.88
11 Dec 2018,,,,5532.22
10 Dec 2018,,,,5471.52
07 Dec 2018,,,,5579.83
06 Dec 2018,,,,5557.79
05 Dec 2018,,,,5647.37
04 Dec 2018,,,,5706.5
03 Dec 2018,,,,5712.18
30 Nov 2018,,,,5693.5
29 Nov 2018,,,,5668.94
28 Nov 2018,,,,5622.84
27 Nov 2018,,,,5635.14
26 Nov 2018,,,,5607.9
22 Nov 2018,,,,5574.93
21 Nov 2018,,,,5616.87
20 Nov 2018,,,,5617.08
19 Nov 2018,,,,5672.09
16 Nov 2018,,,,5640.27
15 Nov 2018,,,,5626.39
14 Nov 2018,,,,5602.16
13 Nov 2018,,,,5599.98
12 Nov 2018,,,,5568.57
09 Nov 2018,,,,5621.31
07 Nov 2018,,,,5595.77
06 Nov 2018,,,,5554.18
05 Nov 2018,,,,5566.89
02 Nov 2018,,,,5583.6
01 Nov 2018,,,,5524.3
31 Oct 2018,,,,5501.76
30 Oct 2018,,,,5405.01
29 Oct 2018,,,,5394.96
26 Oct 2018,,,,5265.45
25 Oct 2018,,,,5289.61
24 Oct 2018,,,,5332.03
23 Oct 2018,,,,5283.08
22 Oct 2018,,,,5335.53
19 Oct 2018,,,,5385.15
17 Oct 2018,,,,5460.5
16 Oct 2018,,,,5553.46
15 Oct 2018,,,,5491.78
12 Oct 2018,,,,5457.55
11 Oct 2018,,,,5327.38
10 Oct 2018,,,,5442
09 Oct 2018,,,,5295.58
08 Oct 2018,,,,5317.83
05 Oct 2018,,,,5359.92
04 Oct 2018,,,,5504.09
03 Oct 2018,,,,5624.77
01 Oct 2018,,,,5692.56
28 Sep 2018,,,,5667.51
27 Sep 2018,,,,5733.12
26 Sep 2018,,,,5815.88
25 Sep 2018,,,,5807.88
24 Sep 2018,,,,5785.16
21 Sep 2018,,,,5914.08
19 Sep 2018,,,,6001.2
18 Sep 2018,,,,6041.14
17 Sep 2018,,,,6111.64
14 Sep 2018,,,,6165.61
12 Sep 2018,,,,6078.64
11 Sep 2018,,,,6051.38
10 Sep 2018,,,,6131.64
07 Sep 2018,,,,6220.6
06 Sep 2018,,,,6171.96
05 Sep 2018,,,,6144.22
04 Sep 2018,,,,6175
03 Sep 2018,,,,6274.02
31 Aug 2018,,,,6310.15
30 Aug 2018,,,,6295.4
29 Aug 2018,,,,6292.32
28 Aug 2018,,,,6287.61
27 Aug 2018,,,,6277.12
24 Aug 2018,,,,6206.36
23 Aug 2018,,,,6220.96
21 Aug 2018,,,,6219.05
20 Aug 2018,,,,6203.58
17 Aug 2018,,,,6161.11
16 Aug 2018,,,,6106.61
14 Aug 2018,,,,6125.13
13 Aug 2018,,,,6069.52
10 Aug 2018,,,,6108.02
09 Aug 2018,,,,6133.57
08 Aug 2018,,,,6115.99
07 Aug 2018,,,,6098.92
06 Aug 2018,,,,6103.64
03 Aug 2018,,,,6086.44
02 Aug 2018,,,,6027.62
01 Aug 2018,,,,6053.46
31 Jul 2018,,,,6047.38
30 Jul 2018,,,,6025.82
27 Jul 2018,,,,6007.02
26 Jul 2018,,,,5952.21
25 Jul 2018,,,,5928.24
24 Jul 2018,,,,5929.44
23 Jul 2018,,,,5866.71
20 Jul 2018,,,,5814.72
19 Jul 2018,,,,5775.41
18 Jul 2018,,,,5803.2
17 Jul 2018,,,,5841.27
16 Jul 2018,,,,5765.21
13 Jul 2018,,,,5860.55
12 Jul 2018,,,,5891.65
11 Jul 2018,,,,5885.65
10 Jul 2018,,,,5899.01
09 Jul 2018,,,,5851.78
06 Jul 2018,,,,5787.9
05 Jul 2018,,,,5767.51
04 Jul 2018,,,,5792.53
03 Jul 2018,,,,5768.95
02 Jul 2018,,,,5738.79
29 Jun 2018,,,,5768.36
28 Jun 2018,,,,5684.47
27 Jun 2018,,,,5756.61
26 Jun 2018,,,,5826.78
25 Jun 2018,,,,5830.96
22 Jun 2018,,,,5869.19
21 Jun 2018,,,,5839.22
20 Jun 2018,,,,5863.66
19 Jun 2018,,,,5838.36
18 Jun 2018,,,,5895.79
15 Jun 2018,,,,5912.33
14 Jun 2018,,,,5927.33
13 Jun 2018,,,,5937.05
12 Jun 2018,,,,5944.07
11 Jun 2018,,,,5906.02
08 Jun 2018,,,,5897.62
07 Jun 2018,,,,5880.5
06 Jun 2018,,,,5815.84
05 Jun 2018,,,,5751.5
04 Jun 2018,,,,5800.32
01 Jun 2018,,,,5851.13
31 May 2018,,,,5899.86
30 May 2018,,,,5876.25
29 May 2018,,,,5882
28 May 2018,,,,5901.64
25 May 2018,,,,5839.21
24 May 2018,,,,5765.59
23 May 2018,,,,5754.97
22 May 2018,,,,5796.65
21 May 2018,,,,5777.23
18 May 2018,,,,5849.87
17 May 2018,,,,5912.67
16 May 2018,,,,5916.78
15 May 2018,,,,5935.87
14 May 2018,,,,5962.12
11 May 2018,,,,5992.91
10 May 2018,,,,5960.86
09 May 2018,,,,6012.73
08 May 2018,,,,6025.78
07 May 2018,,,,6026.86
04 May 2018,,,,5978.84
03 May 2018,,,,6006.32
02 May 2018,,,,6049.06
30 Apr 2018,,,,6098.13
27 Apr 2018,,,,6058.52
26 Apr 2018,,,,6018.32
25 Apr 2018,,,,5997.12
24 Apr 2018,,,,6018.77
23 Apr 2018,,,,6012.2
20 Apr 2018,,,,5991.87
19 Apr 2018,,,,6002.52
18 Apr 2018,,,,5972.49
17 Apr 2018,,,,5982.78
16 Apr 2018,,,,5969.12
13 Apr 2018,,,,5937.54
12 Apr 2018,,,,5918.95
11 Apr 2018,,,,5918.43
10 Apr 2018,,,,5911.27
09 Apr 2018,,,,5901.38
06 Apr 2018,,,,5881.6
05 Apr 2018,,,,5862.91
04 Apr 2018,,,,5757.36
03 Apr 2018,,,,5818.12
02 Apr 2018,,,,5782.28
28 Mar 2018,,,,5705.9
27 Mar 2018,,,,5739.36
26 Mar 2018,,,,5690.04
23 Mar 2018,,,,5616.28
22 Mar 2018,,,,5685.51
21 Mar 2018,,,,5716.88
20 Mar 2018,,,,5699.64
19 Mar 2018,,,,5682.24
16 Mar 2018,,,,5758.65
15 Mar 2018,,,,5833.92
14 Mar 2018,,,,5835.47
13 Mar 2018,,,,5834.27
12 Mar 2018,,,,5802.57
09 Mar 2018,,,,5728.7
08 Mar 2018,,,,5738.58
07 Mar 2018,,,,5696.65
06 Mar 2018,,,,5767.52
05 Mar 2018,,,,5825.4
01 Mar 2018,,,,5879.19
28 Feb 2018,,,,5904.5
27 Feb 2018,,,,5919.84
26 Feb 2018,,,,5940.54
23 Feb 2018,,,,5892.42
22 Feb 2018,,,,5812.67
21 Feb 2018,,,,5835.25
20 Feb 2018,,,,5825.45
19 Feb 2018,,,,5833.49
16 Feb 2018,,,,5884.82
15 Feb 2018,,,,5937.66
14 Feb 2018,,,,5953.07
12 Feb 2018,,,,5955.89
09 Feb 2018,,,,5885.95
08 Feb 2018,,,,5914.72
07 Feb 2018,,,,5830.82
06 Feb 2018,,,,5816.9
05 Feb 2018,,,,5916.61
02 Feb 2018,,,,5956.42
01 Feb 2018,,,,6157.72
31 Jan 2018,,,,6171.73
30 Jan 2018,,,,6218.42
29 Jan 2018,,,,6266.63
25 Jan 2018,,,,6277.1
24 Jan 2018,,,,6313.03
23 Jan 2018,,,,6337.99
22 Jan 2018,,,,6284.34
19 Jan 2018,,,,6243.61
18 Jan 2018,,,,6188.64
17 Jan 2018,,,,6239.88
16 Jan 2018,,,,6192.73
15 Jan 2018,,,,6264.11
12 Jan 2018,,,,6249.51
11 Jan 2018,,,,6247.36
10 Jan 2018,,,,6231.16
09 Jan 2018,,,,6245.3
08 Jan 2018,,,,6248.45
05 Jan 2018,,,,6201.96
04 Jan 2018,,,,6151.3
03 Jan 2018,,,,6110.15
02 Jan 2018,,,,6090.34
01 Jan 2018,,,,6116.29
29 Dec 2017,,,,6145.35
28 Dec 2017,,,,6103.68
27 Dec 2017,,,,6101.66
26 Dec 2017,,,,6110.9
22 Dec 2017,,,,6086.76
21 Dec 2017,,,,6064.86
20 Dec 2017,,,,6033.97
19 Dec 2017,,,,6021.85
18 Dec 2017,,,,5960.14
15 Dec 2017,,,,5922.02
14 Dec 2017,,,,5861.83
13 Dec 2017,,,,5850.37
12 Dec 2017,,,,5889.05
11 Dec 2017,,,,5934.65
08 Dec 2017,,,,5908.67
Date,,,,Close
08 Dec 2017,,,,5908.67
07 Dec 2017,,,,5855.06
06 Dec 2017,,,,5784.4
05 Dec 2017,,,,5829.39
04 Dec 2017,,,,5824.36
01 Dec 2017,,,,5822.57
30 Nov 2017,,,,5877.72
29 Nov 2017,,,,5920.55
28 Nov 2017,,,,5930.57
27 Nov 2017,,,,5935.65
24 Nov 2017,,,,5915.97
23 Nov 2017,,,,5886.5
22 Nov 2017,,,,5875.96
21 Nov 2017,,,,5870.86
20 Nov 2017,,,,5857.77
17 Nov 2017,,,,5834.51
16 Nov 2017,,,,5786.95
15 Nov 2017,,,,5725.04
14 Nov 2017,,,,5777.65
13 Nov 2017,,,,5796.38
10 Nov 2017,,,,5829.36
09 Nov 2017,,,,5820.31
08 Nov 2017,,,,5781.82
07 Nov 2017,,,,5817.4
06 Nov 2017,,,,5886.14
03 Nov 2017,,,,5879.28
02 Nov 2017,,,,5870.69
01 Nov 2017,,,,5859.58
31 Oct 2017,,,,5816.73
30 Oct 2017,,,,5816.79
27 Oct 2017,,,,5764.14
26 Oct 2017,,,,5765.97
25 Oct 2017,,,,5740.24
24 Oct 2017,,,,5702.12
23 Oct 2017,,,,5686.32
19 Oct 2017,,,,5661.81
18 Oct 2017,,,,5689.15
17 Oct 2017,,,,5700.16
16 Oct 2017,,,,5686.39
13 Oct 2017,,,,5653.56
12 Oct 2017,,,,5633.42
11 Oct 2017,,,,5571.99
10 Oct 2017,,,,5607.68
09 Oct 2017,,,,5575.68
06 Oct 2017,,,,5572.35
05 Oct 2017,,,,5520.91
04 Oct 2017,,,,5511
03 Oct 2017,,,,5486.22
29 Sep 2017,,,,5447.19
28 Sep 2017,,,,5415.45
27 Sep 2017,,,,5385.86
26 Sep 2017,,,,5475.14
25 Sep 2017,,,,5453.53
22 Sep 2017,,,,5523.17
21 Sep 2017,,,,5644.96
20 Sep 2017,,,,5661.37
19 Sep 2017,,,,5676.37
18 Sep 2017,,,,5672.56
15 Sep 2017,,,,5632.88
14 Sep 2017,,,,5621.95
13 Sep 2017,,,,5601.5
12 Sep 2017,,,,5623.84
11 Sep 2017,,,,5569.78
08 Sep 2017,,,,5530.05
07 Sep 2017,,,,5534.13
06 Sep 2017,,,,5517.06
05 Sep 2017,,,,5520.61
04 Sep 2017,,,,5483.09
01 Sep 2017,,,,5517.59
31 Aug 2017,,,,5476.42
30 Aug 2017,,,,5450.71
29 Aug 2017,,,,5390.41
28 Aug 2017,,,,5445.66
24 Aug 2017,,,,5399.58
23 Aug 2017,,,,5382.41
22 Aug 2017,,,,5327.46
21 Aug 2017,,,,5343.01
18 Aug 2017,,,,5395.82
17 Aug 2017,,,,5421.35
16 Aug 2017,,,,5419.18
14 Aug 2017,,,,5355.46
11 Aug 2017,,,,5263.08
10 Aug 2017,,,,5300.56
09 Aug 2017,,,,5412.88
08 Aug 2017,,,,5480.21
07 Aug 2017,,,,5525.87
04 Aug 2017,,,,5489.45
03 Aug 2017,,,,5464.58
02 Aug 2017,,,,5509.81
01 Aug 2017,,,,5518.42
31 Jul 2017,,,,5510.4
28 Jul 2017,,,,5486.02
27 Jul 2017,,,,5473.23
26 Jul 2017,,,,5477.17
25 Jul 2017,,,,5458.49
24 Jul 2017,,,,5444.97
21 Jul 2017,,,,5429.79
20 Jul 2017,,,,5420.63
19 Jul 2017,,,,5432.22
18 Jul 2017,,,,5388.96
17 Jul 2017,,,,5427.58
14 Jul 2017,,,,5421.13
13 Jul 2017,,,,5422.55
12 Jul 2017,,,,5389.26
11 Jul 2017,,,,5359.68
10 Jul 2017,,,,5379.09
07 Jul 2017,,,,5340.45
06 Jul 2017,,,,5340.71
05 Jul 2017,,,,5325.65
04 Jul 2017,,,,5290.49
03 Jul 2017,,,,5297.57
30 Jun 2017,,,,5248.31
29 Jun 2017,,,,5216.78
28 Jun 2017,,,,5196.85
27 Jun 2017,,,,5195.57
23 Jun 2017,,,,5246.18
22 Jun 2017,,,,5297.09
21 Jun 2017,,,,5314.19
20 Jun 2017,,,,5317.13
19 Jun 2017,,,,5314.82
16 Jun 2017,,,,5302.11
15 Jun 2017,,,,5299.5
14 Jun 2017,,,,5306.49
13 Jun 2017,,,,5289.36
12 Jun 2017,,,,5287.94
09 Jun 2017,,,,5319.82
08 Jun 2017,,,,5304
07 Jun 2017,,,,5301.25
06 Jun 2017,,,,5271.74
05 Jun 2017,,,,5292.73
02 Jun 2017,,,,5271.43
01 Jun 2017,,,,5243.16
31 May 2017,,,,5218.39
30 May 2017,,,,5188.43
29 May 2017,,,,5162.57
26 May 2017,,,,5204.42
25 May 2017,,,,5142.11
24 May 2017,,,,5064.91
23 May 2017,,,,5103.24
22 May 2017,,,,5163.19
19 May 2017,,,,5191.54
18 May 2017,,,,5213.86
17 May 2017,,,,5303.27
16 May 2017,,,,5311.49
15 May 2017,,,,5286.19
12 May 2017,,,,5244.63
11 May 2017,,,,5273.7
10 May 2017,,,,5266.94
09 May 2017,,,,5225.69
08 May 2017,,,,5215.17
05 May 2017,,,,5192.92
04 May 2017,,,,5233.37
03 May 2017,,,,5208.97
02 May 2017,,,,5217.2
28 Apr 2017,,,,5203.58
27 Apr 2017,,,,5193.17
26 Apr 2017,,,,5193.98
25 Apr 2017,,,,5191.84
24 Apr 2017,,,,5145.67
21 Apr 2017,,,,5100.04
20 Apr 2017,,,,5106.67
19 Apr 2017,,,,5074.6
18 Apr 2017,,,,5057.05
17 Apr 2017,,,,5076.42
13 Apr 2017,,,,5072.7
12 Apr 2017,,,,5092.5
11 Apr 2017,,,,5116.82
10 Apr 2017,,,,5079.18
07 Apr 2017,,,,5068.71
06 Apr 2017,,,,5094.84
05 Apr 2017,,,,5099.52
03 Apr 2017,,,,5070.08
31 Mar 2017,,,,5032.3
30 Mar 2017,,,,5011.51
29 Mar 2017,,,,4988.89
28 Mar 2017,,,,4967.81
27 Mar 2017,,,,4941.2
24 Mar 2017,,,,4955.32
23 Mar 2017,,,,4941.47
22 Mar 2017,,,,4906.01
21 Mar 2017,,,,4958.29
20 Mar 2017,,,,4961.69
17 Mar 2017,,,,4961.33
16 Mar 2017,,,,4954.31
15 Mar 2017,,,,4900.6
14 Mar 2017,,,,4878.34
10 Mar 2017,,,,4804.18
09 Mar 2017,,,,4804.74
08 Mar 2017,,,,4806.45
07 Mar 2017,,,,4825.05
06 Mar 2017,,,,4829.46
03 Mar 2017,,,,4804.98
02 Mar 2017,,,,4795.64
01 Mar 2017,,,,4846.19
28 Feb 2017,,,,4824.16
27 Feb 2017,,,,4815.56
23 Feb 2017,,,,4821.8
22 Feb 2017,,,,4810.97
21 Feb 2017,,,,4821.11
20 Feb 2017,,,,4798.87
17 Feb 2017,,,,4762.25
16 Feb 2017,,,,4742.83
15 Feb 2017,,,,4692.14
14 Feb 2017,,,,4742.21
13 Feb 2017,,,,4750.95
10 Feb 2017,,,,4762.92
09 Feb 2017,,,,4757.21
08 Feb 2017,,,,4749.98
07 Feb 2017,,,,4739.36
06 Feb 2017,,,,4753.58
03 Feb 2017,,,,4719.02
02 Feb 2017,,,,4691.99
01 Feb 2017,,,,4665.56
31 Jan 2017,,,,4580.99
30 Jan 2017,,,,4627.38
27 Jan 2017,,,,4634.09
25 Jan 2017,,,,4608.06
24 Jan 2017,,,,4548.14
23 Jan 2017,,,,4499.16
20 Jan 2017,,,,4476.64
19 Jan 2017,,,,4532.68
18 Jan 2017,,,,4516.05
17 Jan 2017,,,,4495.78
16 Jan 2017,,,,4491.98
13 Jan 2017,,,,4479.26
12 Jan 2017,,,,4482.68
11 Jan 2017,,,,4474.59
10 Jan 2017,,,,4420.82
09 Jan 2017,,,,4397.48
06 Jan 2017,,,,4391.47
05 Jan 2017,,,,4404.54
04 Jan 2017,,,,4358.92
03 Jan 2017,,,,4354.75
02 Jan 2017,,,,4335.22
30 Dec 2016,,,,4314.61
29 Dec 2016,,,,4280.36
28 Dec 2016,,,,4229.99
27 Dec 2016,,,,4211.25
26 Dec 2016,,,,4145.94
23 Dec 2016,,,,4216.72
22 Dec 2016,,,,4218.22
21 Dec 2016,,,,4267.41
20 Dec 2016,,,,4272.84
19 Dec 2016,,,,4305.9
16 Dec 2016,,,,4325.81
15 Dec 2016,,,,4333.92
14 Dec 2016,,,,4337.91
13 Dec 2016,,,,4363.51
12 Dec 2016,,,,4361.8
09 Dec 2016,,,,4410.41
08 Dec 2016,,,,4399.66
07 Dec 2016,,,,4331.25
06 Dec 2016,,,,4348.36
05 Dec 2016,,,,4334.82
02 Dec 2016,,,,4312.43
01 Dec 2016,,,,4372.64
30 Nov 2016,,,,4403.36
29 Nov 2016,,,,4354.02
28 Nov 2016,,,,4333.26
25 Nov 2016,,,,4315.47
24 Nov 2016,,,,4242.04
23 Nov 2016,,,,4270.68
22 Nov 2016,,,,4237.72
21 Nov 2016,,,,4183.81
18 Nov 2016,,,,4282.07
17 Nov 2016,,,,4277.15
16 Nov 2016,,,,4292.93
15 Nov 2016,,,,4285.56
11 Nov 2016,,,,4430.46
10 Nov 2016,,,,4574.03
09 Nov 2016,,,,4507.57
08 Nov 2016,,,,4592.72
07 Nov 2016,,,,4570.4
04 Nov 2016,,,,4536.81
03 Nov 2016,,,,4592.2
02 Nov 2016,,,,4630.64
01 Nov 2016,,,,4705.73
30 Oct 2016,,,,4707.93
28 Oct 2016,,,,4693.55
27 Oct 2016,,,,4655.99
26 Oct 2016,,,,4681.43
25 Oct 2016,,,,4719.59
24 Oct 2016,,,,4724.55
21 Oct 2016,,,,4720.42
20 Oct 2016,,,,4713.53
19 Oct 2016,,,,4696.63
18 Oct 2016,,,,4697.65
17 Oct 2016,,,,4623.51
14 Oct 2016,,,,4664.69
13 Oct 2016,,,,4643.05
10 Oct 2016,,,,4707.92
07 Oct 2016,,,,4705.08
06 Oct 2016,,,,4711.91
05 Oct 2016,,,,4730.26
04 Oct 2016,,,,4719.69
03 Oct 2016,,,,4692.16
30 Sep 2016,,,,4598.1
29 Sep 2016,,,,4545.1
28 Sep 2016,,,,4669.97
27 Sep 2016,,,,4634.09
26 Sep 2016,,,,4634.89
23 Sep 2016,,,,4674.72
22 Sep 2016,,,,4676.18
21 Sep 2016,,,,4624.68
20 Sep 2016,,,,4623.27
19 Sep 2016,,,,4640.91
16 Sep 2016,,,,4622.66
15 Sep 2016,,,,4613.97
14 Sep 2016,,,,4609.73
12 Sep 2016,,,,4576.04
09 Sep 2016,,,,4682.63
08 Sep 2016,,,,4719.37
07 Sep 2016,,,,4694.25
06 Sep 2016,,,,4695.26
02 Sep 2016,,,,4629.57
01 Sep 2016,,,,4608.7
31 Aug 2016,,,,4622.75
30 Aug 2016,,,,4607.91
29 Aug 2016,,,,4548.35
26 Aug 2016,,,,4530.18
25 Aug 2016,,,,4530.86
24 Aug 2016,,,,4550.55
23 Aug 2016,,,,4532.92
22 Aug 2016,,,,4536.33
19 Aug 2016,,,,4561.38
18 Aug 2016,,,,4546.42
17 Aug 2016,,,,4513.76
16 Aug 2016,,,,4503.83
12 Aug 2016,,,,4498.34
11 Aug 2016,,,,4470.33
10 Aug 2016,,,,4463.66
09 Aug 2016,,,,4516.63
08 Aug 2016,,,,4533.41
05 Aug 2016,,,,4511.8
04 Aug 2016,,,,4441.25
03 Aug 2016,,,,4424.84
02 Aug 2016,,,,4475.53
01 Aug 2016,,,,4494.31
29 Jul 2016,,,,4484.03
28 Jul 2016,,,,4474.88
27 Jul 2016,,,,4450.38
26 Jul 2016,,,,4429.07
25 Jul 2016,,,,4454.23
22 Jul 2016,,,,4407.39
21 Jul 2016,,,,4374.14
20 Jul 2016,,,,4393.28
19 Jul 2016,,,,4357.74
18 Jul 2016,,,,4349.03
15 Jul 2016,,,,4370.65
14 Jul 2016,,,,4390.72
13 Jul 2016,,,,4368.69
12 Jul 2016,,,,4386.08
11 Jul 2016,,,,4366.59
08 Jul 2016,,,,4305.68
07 Jul 2016,,,,4313.28
05 Jul 2016,,,,4316.82
04 Jul 2016,,,,4326.62
01 Jul 2016,,,,4296.66
30 Jun 2016,,,,4264.6
29 Jun 2016,,,,4220.37
28 Jun 2016,,,,4177.01
27 Jun 2016,,,,4153.09
24 Jun 2016,,,,4129.05
23 Jun 2016,,,,4198.38
22 Jun 2016,,,,4182.12
21 Jun 2016,,,,4194
20 Jun 2016,,,,4191.52
17 Jun 2016,,,,4165.17
16 Jun 2016,,,,4152.66
15 Jun 2016,,,,4178.57
14 Jun 2016,,,,4143.4
13 Jun 2016,,,,4129.9
10 Jun 2016,,,,4158.8
09 Jun 2016,,,,4172.69
08 Jun 2016,,,,4192.73
07 Jun 2016,,,,4176.89
06 Jun 2016,,,,4144.81
03 Jun 2016,,,,4144.53
02 Jun 2016,,,,4155.23
01 Jun 2016,,,,4133.17
31 May 2016,,,,4134.29
30 May 2016,,,,4142.28
27 May 2016,,,,4123.68
26 May 2016,,,,4083.59
25 May 2016,,,,4030.96
24 May 2016,,,,3966.68
23 May 2016,,,,3968.52
20 May 2016,,,,3980.28
19 May 2016,,,,3999.31
18 May 2016,,,,4048.58
17 May 2016,,,,4048.7
16 May 2016,,,,4036.6
13 May 2016,,,,4025.57
12 May 2016,,,,4048.26
11 May 2016,,,,4019.9
10 May 2016,,,,4033.1
09 May 2016,,,,4026.89
06 May 2016,,,,3969.78
05 May 2016,,,,3966.16
04 May 2016,,,,3965.66
03 May 2016,,,,3997.42
02 May 2016,,,,4023.03
29 Apr 2016,,,,4019.67
28 Apr 2016,,,,4016.73
27 Apr 2016,,,,4074.08
26 Apr 2016,,,,4066.72
25 Apr 2016,,,,4024.66
22 Apr 2016,,,,4040.67
21 Apr 2016,,,,4043.3
20 Apr 2016,,,,4056.97
18 Apr 2016,,,,4045.24
13 Apr 2016,,,,4005.89
12 Apr 2016,,,,3947.47
11 Apr 2016,,,,3917.91
08 Apr 2016,,,,3873.35
07 Apr 2016,,,,3858.28
06 Apr 2016,,,,3884.63
05 Apr 2016,,,,3871.18
04 Apr 2016,,,,3939.93
01 Apr 2016,,,,3923.39
31 Mar 2016,,,,3918.72
30 Mar 2016,,,,3897.73
29 Mar 2016,,,,3830.39
28 Mar 2016,,,,3834.15
23 Mar 2016,,,,3888.16
22 Mar 2016,,,,3884.56
21 Mar 2016,,,,3875.68
18 Mar 2016,,,,3823.51
17 Mar 2016,,,,3784.45
16 Mar 2016,,,,3771.41
15 Mar 2016,,,,3770.6
14 Mar 2016,,,,3803.17
11 Mar 2016,,,,3787.06
10 Mar 2016,,,,3782.2
09 Mar 2016,,,,3797.14
08 Mar 2016,,,,3781.73
04 Mar 2016,,,,3779.37
03 Mar 2016,,,,3760.56
02 Mar 2016,,,,3713.66
01 Mar 2016,,,,3642.59
29 Feb 2016,,,,3535.08
26 Feb 2016,,,,3542.6
25 Feb 2016,,,,3531.22
24 Feb 2016,,,,3565.18
23 Feb 2016,,,,3601.92
22 Feb 2016,,,,3651.09
19 Feb 2016,,,,3637.94
18 Feb 2016,,,,3632.34
17 Feb 2016,,,,3602.39
16 Feb 2016,,,,3580.12
15 Feb 2016,,,,3652.86
12 Feb 2016,,,,3545
11 Feb 2016,,,,3560.37
10 Feb 2016,,,,3695.79
09 Feb 2016,,,,3739.39
08 Feb 2016,,,,3790.83
05 Feb 2016,,,,3815.05
04 Feb 2016,,,,3760.81
03 Feb 2016,,,,3759.77
02 Feb 2016,,,,3822.28
01 Feb 2016,,,,3870.49
29 Jan 2016,,,,3868.18
28 Jan 2016,,,,3809.59
27 Jan 2016,,,,3817.79
25 Jan 2016,,,,3808.58
22 Jan 2016,,,,3794.76
21 Jan 2016,,,,3719.17
20 Jan 2016,,,,3723.65
19 Jan 2016,,,,3792.97
18 Jan 2016,,,,3742.29
15 Jan 2016,,,,3829.84
14 Jan 2016,,,,3916.17
13 Jan 2016,,,,3951.25
12 Jan 2016,,,,3960.4
11 Jan 2016,,,,3993.35
08 Jan 2016,,,,4016.69
07 Jan 2016,,,,3983.11
06 Jan 2016,,,,4082.69
05 Jan 2016,,,,4099.21
04 Jan 2016,,,,4086.13
01 Jan 2016,,,,4148.04
31 Dec 2015,,,,4120.91
30 Dec 2015,,,,4098.06
29 Dec 2015,,,,4103.6
28 Dec 2015,,,,4099.71
24 Dec 2015,,,,4075.29
23 Dec 2015,,,,4065.55
22 Dec 2015,,,,4038.26
21 Dec 2015,,,,4056.23
18 Dec 2015,,,,4026.02
17 Dec 2015,,,,4048.38
16 Dec 2015,,,,3990.72
15 Dec 2015,,,,3975.45
14 Dec 2015,,,,3949.46
11 Dec 2015,,,,3937.39
10 Dec 2015,,,,3974.32
09 Dec 2015,,,,3941.64
08 Dec 2015,,,,3999.09