Category,Mutual Fund,Scheme
Equity ,360 ONE,360 ONE FOCUSED FUND
Equity ,360 ONE,360 ONE FLEXICAP FUND
Equity ,360 ONE,360 ONE QUANT FUND
Equity ,360 ONE,360 ONE ELSS TAX SAVER NIFTY 50 INDEX FUND
Hybrid,360 ONE,360 ONE BALANCED HYBRID FUND
Hybrid,360 ONE,360 ONE MULTI ASSET ALLOCATION FUND
Debt,360 ONE,360 ONE DYNAMIC BOND FUND
Debt,360 ONE,360 ONE LIQUID FUND
Debt,360 ONE,360 ONE OVERNIGHT FUND
Others,360 ONE,360 ONE GOLD ETF
Others,360 ONE,360 ONE SILVER ETF
Equity ,Aditya Birla Sun Life,Aditya Birla Sun Life Large Cap Fund  
Equity ,Aditya Birla Sun Life,Aditya Birla Sun Life Focused Fund  
Equity ,Aditya Birla Sun Life,Aditya Birla Sun Life Flexi Cap Fund  
Equity ,Aditya Birla Sun Life,Aditya Birla Sun Life Large & Mid Cap Fund  
Equity ,Aditya Birla Sun Life,Aditya Birla Sun Life MNC Fund  
Equity ,Aditya Birla Sun Life,Aditya Birla Sun Life Midcap Fund  
Equity ,Aditya Birla Sun Life,Aditya Birla Sun Life Multi-Cap Fund  
Equity ,Aditya Birla Sun Life,Aditya Birla Sun Life Small Cap Fund  
Equity ,Aditya Birla Sun Life,Aditya Birla Sun Life Value Fund  
Equity ,Aditya Birla Sun Life,Aditya Birla Sun Life Manufacturing Equity Fund  
Equity ,Aditya Birla Sun Life,Aditya Birla Sun Life Banking and Financial Services Fund  
Equity ,Aditya Birla Sun Life,Aditya Birla Sun Life Dividend Yield Fund  
Equity ,Aditya Birla Sun Life,Aditya Birla Sun Life Infrastructure Fund  
Equity ,Aditya Birla Sun Life,Aditya Birla Sun Life Digital India Fund  
Equity ,Aditya Birla Sun Life,Aditya Birla Sun Life Consumption Fund  
Equity ,Aditya Birla Sun Life,Aditya Birla Sun Life International Equity Fund  
Equity ,Aditya Birla Sun Life,Aditya Birla Sun Life Pharma & Healthcare Fund  
Equity ,Aditya Birla Sun Life,Aditya Birla Sun Life Bal Bhavishya Yojna  
Equity ,Aditya Birla Sun Life,Aditya Birla Sun Life Retirement Fund - The 30s Plan  
Equity ,Aditya Birla Sun Life,Aditya Birla Sun Life Retirement Fund - The 40s Plan  
Equity ,Aditya Birla Sun Life,Aditya Birla Sun Life Retirement Fund - The 50s Plan  
Equity ,Aditya Birla Sun Life,Aditya Birla Sun Life PSU Equity Fund  
Equity ,Aditya Birla Sun Life,Aditya Birla Sun Life Special Opportunities Fund  
Equity ,Aditya Birla Sun Life,Aditya Birla Sun Life ESG Integration Strategy Fund  
Equity ,Aditya Birla Sun Life,Aditya Birla Sun Life Business Cycle Fund  
Equity ,Aditya Birla Sun Life,Aditya Birla Sun Life Transportation and Logistics Fund  
Equity ,Aditya Birla Sun Life,Aditya Birla Sun Life Quant Fund  
Equity ,Aditya Birla Sun Life,Aditya Birla Sun Life Conglomerate Fund  
Equity ,Aditya Birla Sun Life,Aditya Birla Sun Life ELSS Tax Saver Fund  
Hybrid,Aditya Birla Sun Life,Aditya Birla Sun Life Equity Hybrid ‘95 Fund  
Hybrid,Aditya Birla Sun Life,Aditya Birla Sun Life Equity Savings Fund  
Hybrid,Aditya Birla Sun Life,Aditya Birla Sun Life Regular Savings Fund  
Hybrid,Aditya Birla Sun Life,Aditya Birla Sun Life Multi Asset Allocation Fund  
Hybrid,Aditya Birla Sun Life,Aditya Birla Sun Life Balanced Advantage Fund  
Debt,Aditya Birla Sun Life,Aditya Birla Sun Life Overnight Fund  
Debt,Aditya Birla Sun Life,Aditya Birla Sun Life Liquid Fund  
Debt,Aditya Birla Sun Life,Aditya Birla Sun Life Money Manager Fund  
Debt,Aditya Birla Sun Life,Aditya Birla Sun Life Low Duration Fund  
Debt,Aditya Birla Sun Life,Aditya Birla Sun Life Savings Fund  
Debt,Aditya Birla Sun Life,Aditya Birla Sun Life Floating Rate Fund  
Debt,Aditya Birla Sun Life,Aditya Birla Sun Life Corporate Bond Fund  
Debt,Aditya Birla Sun Life,Aditya Birla Sun Life Short Term Fund  
Debt,Aditya Birla Sun Life,Aditya Birla Sun Life Banking & PSU Debt Fund  
Debt,Aditya Birla Sun Life,Aditya Birla Sun Life Medium Term Plan  
Debt,Aditya Birla Sun Life,Aditya Birla Sun Life Credit Risk Fund  
Debt,Aditya Birla Sun Life,Aditya Birla Sun Life Dynamic Bond Fund  
Debt,Aditya Birla Sun Life,Aditya Birla Sun Life Income Fund  
Debt,Aditya Birla Sun Life,Aditya Birla Sun Life Government Securities Fund  
Debt,Aditya Birla Sun Life,Aditya Birla Sun Life Retirement Fund 'The 50s Plus - Debt Plan'  
Debt,Aditya Birla Sun Life,Aditya Birla Sun Life Arbitrage Fund  
Debt,Aditya Birla Sun Life,Aditya Birla Sun Life Long Duration Fund  
Debt ,Aditya Birla Sun Life,Aditya Birla Sun Life NIFTY SDL Plus PSU Bond Sep 2026 60:40 Index Fund  
Debt ,Aditya Birla Sun Life,Aditya Birla Sun Life Nifty SDL Apr 2027 Index Fund  
Debt ,Aditya Birla Sun Life,Aditya Birla Sun Life CRISIL IBX 60:40 SDL + AAA PSU - Apr 2027 Index Fund  
Debt ,Aditya Birla Sun Life,Aditya Birla Sun Life CRISIL IBX Gilt - April 2026 Index Fund  
Debt ,Aditya Birla Sun Life,Aditya Birla Sun Life CRISIL IBX 50:50 Gilt Plus SDL Apr 2028 Index Fund  
Debt ,Aditya Birla Sun Life,Aditya Birla Sun Life CRISIL IBX Gilt Apr 2029 Index Fund  
Debt ,Aditya Birla Sun Life,Aditya Birla Sun Life Nifty SDL Sep 2027 Index Fund  
Debt ,Aditya Birla Sun Life,Aditya Birla Sun Life CRISIL IBX Gilt Apr 2028 Index Fund  
Debt ,Aditya Birla Sun Life,Aditya Birla Sun Life CRISIL IBX SDL Jun 2032 Index Fund  
Debt ,Aditya Birla Sun Life,Aditya Birla Sun Life CRISIL IBX 60:40 SDL + AAA PSU Apr 2026 Index Fund  
Debt ,Aditya Birla Sun Life,Aditya Birla Sun Life CRISIL IBX Gilt April 2033 Index Fund  
Debt ,Aditya Birla Sun Life,Aditya Birla Sun Life CRISIL IBX Gilt June 2027 Index Fund  
Debt ,Aditya Birla Sun Life,Aditya Birla Sun Life CRISIL-IBX AAA NBFC-HFC Index – Dec 2025 Fund  
Debt ,Aditya Birla Sun Life,Aditya Birla Sun Life CRISIL-IBX AAA NBFC-HFC Index – Sep 2026 Fund  
Debt ,Aditya Birla Sun Life,Aditya Birla Sun Life CRISIL-IBX AAA Financial Services Index - Sep 2027 Fund  
Debt ,Aditya Birla Sun Life,Aditya Birla Sun Life CRISIL-IBX Financial Services 3 To 6 Months Debt Index Fund  
Debt ,Aditya Birla Sun Life,Aditya Birla Sun Life CRISIL-IBX Financial Services 9-12 Months Debt Index Fund  
Equity,Aditya Birla Sun Life,Aditya Birla Sun Life Nifty 50 Index Fund  
Equity,Aditya Birla Sun Life,Aditya Birla Sun Life Nifty 50 Equal Weight Index Fund  
Equity,Aditya Birla Sun Life,Aditya Birla Sun Life Nifty Next 50 Index Fund  
Equity,Aditya Birla Sun Life,Aditya Birla Sun Life Nifty Midcap 150 Index Fund  
Equity,Aditya Birla Sun Life,Aditya Birla Sun Life Nifty Smallcap 50 Index Fund  
Equity,Aditya Birla Sun Life,Aditya Birla Sun Life Nifty India Defence Index Fund  
Equity,Aditya Birla Sun Life,Aditya Birla Sun Life BSE India Infrastructure Index Fund  
Equity,Aditya Birla Sun Life,Aditya Birla Sun Life BSE 500 Momentum 50 Index Fund  
Equity,Aditya Birla Sun Life,Aditya Birla Sun Life BSE 500 Quality 50 Index Fund  
Others,Aditya Birla Sun Life,Aditya Birla Sun Life Nifty 50 ETF  
Others,Aditya Birla Sun Life,Aditya Birla Sun Life BSE Sensex ETF  
Others,Aditya Birla Sun Life,Aditya Birla Sun Life Nifty Next 50 ETF  
Others,Aditya Birla Sun Life,Aditya Birla Sun Life Nifty Bank ETF  
Others,Aditya Birla Sun Life,Aditya Birla Sun Life Nifty Healthcare ETF  
Others,Aditya Birla Sun Life,Aditya Birla Sun Life Nifty IT ETF  
Others,Aditya Birla Sun Life,Aditya Birla Sun Life Nifty PSE ETF  
Others,Aditya Birla Sun Life,Aditya Birla Sun Life Gold ETF  
Others,Aditya Birla Sun Life,Aditya Birla Sun Life Silver ETF  
Others,Aditya Birla Sun Life,Aditya Birla Sun Life Nifty 200 Momentum 30 ETF  
Others,Aditya Birla Sun Life,Aditya Birla Sun Life Nifty 200 Quality 30 ETF  
Others,Aditya Birla Sun Life,Aditya Birla Sun Life CRISIL Liquid Overnight ETF  
Others,Aditya Birla Sun Life,Aditya Birla Sun Life CRISIL Broad Based Gilt ETF  
Others,Aditya Birla Sun Life,Aditya Birla Sun Life CRISIL 10 Year Gilt ETF  
Others,Aditya Birla Sun Life,Aditya Birla Sun Life Multi-Asset Omni FOF  
Others,Aditya Birla Sun Life,Aditya Birla Sun Life Dynamic Asset Allocation Omni FOF  
Others,Aditya Birla Sun Life,Aditya Birla Sun Life Aggressive Hybrid Omni FOF  
Others,Aditya Birla Sun Life,Aditya Birla Sun Life Conservative Hybrid Active FOF  
Others,Aditya Birla Sun Life,Aditya Birla Sun Life Income Plus Arbitrage Active FOF  
Others,Aditya Birla Sun Life,Aditya Birla Sun Life Us Equity Passive FOF  
Others,Aditya Birla Sun Life,Aditya Birla Sun Life Global Excellence Equity Fund of Fund  
Others,Aditya Birla Sun Life,Aditya Birla Sun Life Global Emerging Opportunities Fund  
Others,Aditya Birla Sun Life,Aditya Birla Sun Life Gold Fund  
Others,Aditya Birla Sun Life,Aditya Birla Sun Life Silver ETF Fund of Fund  
Others,Aditya Birla Sun Life,Aditya Birla Sun Life Multi – Asset Passive FOF  
Others,Aditya Birla Sun Life,Aditya Birla Sun Life US Treasury 1–3 year Bond ETFs Fund of Funds  
Others,Aditya Birla Sun Life,Aditya Birla Sun Life US Treasury 3-10 year Bond ETFs Fund of Funds  
Equity ,Angel One,Angel One Nifty Total Market Index Fund  
Equity ,Angel One,Angel One Nifty 50 Index Fund  
Others,Angel One,Angel One Gold ETF FOF  
Equity ,Angel One,Angel One Nifty Total Market ETF  
Equity ,Angel One,Angel One Nifty 50 ETF  
Others,Angel One,Angel One Gold ETF  
Debt,Angel One,Angel One Nifty 1D Rate Liquid ETF - Growth  
Equity ,Axis,Axis Large Cap Fund  
Equity ,Axis,Axis Focused Fund  
Equity ,Axis,Axis ELSS Tax Saver Fund  
Equity ,Axis,Axis Large & Mid Cap Fund  
Equity ,Axis,Axis Flexi Cap Fund  
Equity ,Axis,Axis Multicap Fund  
Equity ,Axis,Axis Midcap Fund  
Equity ,Axis,Axis Innovation Fund  
Equity ,Axis,Axis Small Cap Fund  
Equity ,Axis,Axis ESG Integration Strategy Fund  
Equity ,Axis,Axis Quant Fund  
Equity ,Axis,Axis Value Fund  
Equity ,Axis,Axis Business Cycles Fund  
Equity ,Axis,Axis India Manufacturing Fund  
Equity ,Axis,Axis Consumption Fund  
Equity ,Axis,Axis Momentum Fund  
Equity ,Axis,Axis Services Opportunities Fund  
Others,Axis,Axis NIFTY 50 ETF  
Others,Axis,Axis NIFTY Bank ETF  
Others,Axis,Axis NIFTY IT ETF  
Others,Axis,Axis NIFTY Healthcare ETF  
Others,Axis,Axis NIFTY India Consumption ETF  
Others,Axis,Axis BSE Sensex ETF  
Others,Axis,Axis Nifty500 Value 50 ETF  
Others,Axis,Axis Nifty 100 Index Fund  
Others,Axis,Axis Nifty 50 Index Fund  
Others,Axis,Axis BSE Sensex Index Fund  
Others,Axis,Axis Nifty Next 50 Index Fund  
Others,Axis,Axis Nifty Smallcap50 Index Fund  
Others,Axis,Axis Nifty Midcap 50 Index Fund  
Others,Axis,Axis Nifty IT Index Fund  
Others,Axis,Axis Nifty Bank Index Fund  
Others,Axis,Axis Nifty 500 Index Fund  
Others,Axis,Axis Nifty500 Value 50 Index Fund  
Others,Axis,Axis Nifty500 Momentum 50 Index Fund  
Others,Axis,Axis Nifty500 Quality 50 Index Fund  
Others,Axis,Axis Multi Factor Passive FoF  
Others,Axis,Axis Global Equity Alpha Fund of Fund  
Others,Axis,Axis Greater China Equity Fund of Fund  
Others,Axis,Axis Global Innovation Fund of Fund  
Others,Axis,Axis US Specific Equity Passive FOF  
Debt,Axis,Axis Overnight Fund  
Debt,Axis,Axis Liquid Fund  
Debt,Axis,Axis Ultra Short Duration Fund  
Debt,Axis,Axis Floater Fund  
Debt,Axis,Axis Treasury Advantage Fund  
Debt,Axis,Axis Money Market Fund  
Debt,Axis,Axis Corporate Bond Fund  
Debt,Axis,Axis Banking & PSU Debt Fund  
Debt,Axis,Axis Short Duration Fund  
Debt,Axis,Axis Credit Risk Fund  
Debt,Axis,Axis Dynamic Bond Fund  
Debt,Axis,Axis Strategic Bond Fund  
Debt,Axis,Axis Long Duration Fund  
Debt,Axis,Axis Gilt Fund  
Debt ,Axis,Axis Nifty AAA Bond Plus SDL Apr 2026 50:50 ETF  
Debt ,Axis,Axis Nifty AAA Bond Plus SDL Apr 2026 50:50 ETF FOF  
Debt ,Axis,Axis US Specific Treasury Dynamic Debt Passive FOF  
Debt ,Axis,Axis CRISIL IBX SDL May 2027 Index Fund  
Debt ,Axis,Axis Nifty SDL September 2026 Debt Index Fund  
Debt ,Axis,Axis Crisil IBX 50:50 Gilt Plus SDL June 2028 Index Fund  
Debt ,Axis,Axis Crisil IBX 50:50 Gilt Plus SDL September 2027 Index Fund  
Debt ,Axis,Axis CRISIL IBX SDL June 2034 Debt Index Fund  
Debt ,Axis,Axis CRISIL-IBX AAA Bond NBFC - Jun 2027 Index Fund  
Debt ,Axis,Axis CRISIL-IBX AAA Bond Financial Services - Sep 2027 Index Fund  
Debt ,Axis,Axis CRISIL-IBX AAA Bond NBFC-HFC - Jun 2027 Index Fund  
Debt ,Axis,Axis CRISIL-IBX Financial Services 3-6 Months Debt Index Fund  
Hybrid,Axis,Axis Conservative Hybrid Fund  
Hybrid,Axis,Axis Equity Savings Fund  
Hybrid,Axis,Axis Multi Asset Allocation Fund  
Hybrid,Axis,Axis Aggressive Hybrid Fund  
Hybrid,Axis,Axis Children's Fund  
Hybrid,Axis,Axis Balanced Advantage Fund  
Hybrid,Axis,Axis Arbitrage Fund  
Hybrid,Axis,Axis Retirement Fund - Aggressive Plan  
Hybrid,Axis,Axis Retirement Fund - Dynamic Plan  
Hybrid,Axis,Axis Retirement Fund - Conservative Plan  
Hybrid,Axis,Axis IncomePlus Arbitrage Active FOF  
Others,Axis,Axis Gold Fund  
Others,Axis,Axis Silver ETF  
Others,Axis,Axis Gold ETF  
Others,Axis,Axis Silver Fund of Fund  
Equity ,Bajaj Finserv,Bajaj Finserv Large Cap Fund  
Equity ,Bajaj Finserv,Bajaj Finserv Flexi Cap Fund  
Equity ,Bajaj Finserv,Bajaj Finserv Large and Mid Cap Fund  
Equity ,Bajaj Finserv,Bajaj Finserv Multi Cap Fund  
Equity ,Bajaj Finserv,Bajaj Finserv Consumption Fund  
Equity ,Bajaj Finserv,Bajaj Finserv Healthcare Fund  
Equity ,Bajaj Finserv,Bajaj Finserv Small Cap Fund  
Hybrid,Bajaj Finserv,Bajaj Finserv Equity Savings Fund  
Equity ,Bajaj Finserv,Bajaj Finserv ELSS Tax Saver Fund  
Hybrid,Bajaj Finserv,Bajaj Finserv Balanced Advantage Fund  
Hybrid,Bajaj Finserv,Bajaj Finserv Multi Asset Allocation Fund  
Hybrid,Bajaj Finserv,Bajaj Finserv Arbitrage Fund  
Debt,Bajaj Finserv,Bajaj Finserv Liquid Fund  
Debt,Bajaj Finserv,Bajaj Finserv Money Market Fund  
Debt,Bajaj Finserv,Bajaj Finserv Gilt Fund  
Debt,Bajaj Finserv,Bajaj Finserv Overnight Fund  
Debt,Bajaj Finserv,Bajaj Finserv Banking and PSU Fund  
Equity ,Bajaj Finserv,Bajaj Finserv Nifty 50 ETF  
Equity ,Bajaj Finserv,Bajaj Finserv Nifty Bank ETF  
Debt,Bajaj Finserv,Bajaj Finserv Nifty 1D Rate Liquid ETF - Growth  
Equity ,Bajaj Finserv,Bajaj Finserv Nifty 50 Index Fund  
Equity ,Bajaj Finserv,Bajaj Finserv Nifty Next 50 Index Fund  
Equity ,Bank of India ,Bank of India Small Cap Fund  
Equity ,Bank of India ,Bank of India ELSS Tax Saver  
Equity ,Bank of India ,Bank of India Consumption Fund  
Equity ,Bank of India ,Bank of India Large & Mid Cap Fund  
Equity ,Bank of India ,Bank of India Flexi Cap Fund  
Equity ,Bank of India ,Bank of India Business Cycle Fund  
Equity ,Bank of India ,Bank of India Large Cap Fund  
Equity ,Bank of India ,Bank of India Multi Cap Fund  
Equity ,Bank of India ,Bank of India Mid Cap Fund  
Hybrid,Bank of India ,Bank of India Mid & Small Cap Equity & Debt Fund  
Hybrid,Bank of India ,Bank of India Multi Asset Allocation Fund  
Hybrid,Bank of India ,Bank of India Balanced Advantage Fund  
Hybrid,Bank of India ,Bank of India Conservative Hybrid Fund  
Hybrid,Bank of India ,Bank of India Arbitrage Fund  
Debt,Bank of India ,Bank of India Liquid Fund  
Debt,Bank of India ,Bank of India Money Market Fund  
Debt,Bank of India ,Bank of India Overnight Fund  
Debt,Bank of India ,Bank of India Ultra Short Duration Fund  
Debt,Bank of India ,Bank of India Short Term Income Fund  
Debt,Bank of India ,Bank of India Credit Risk Fund  
Equity ,Baroda BNP Paribas,Baroda BNP Paribas Large Cap Fund  
Equity ,Baroda BNP Paribas,Baroda BNP Paribas Large and Mid Cap Fund  
Equity ,Baroda BNP Paribas,Baroda BNP Paribas Mid Cap Fund  
Equity ,Baroda BNP Paribas,Baroda BNP Paribas Small Cap Fund  
Equity ,Baroda BNP Paribas,Baroda BNP Paribas Flexi Cap Fund  
Equity ,Baroda BNP Paribas,Baroda BNP Paribas Multi Cap Fund  
Equity ,Baroda BNP Paribas,Baroda BNP Paribas Value Fund  
Equity ,Baroda BNP Paribas,Baroda BNP Paribas Dividend Yield Fund  
Equity ,Baroda BNP Paribas,Baroda BNP Paribas Focused Fund  
Equity ,Baroda BNP Paribas,Baroda BNP Paribas ELSS Tax Saver Fund  
Equity ,Baroda BNP Paribas,Baroda BNP Paribas India Consumption Fund  
Equity ,Baroda BNP Paribas,Baroda BNP Paribas Business Cycle Fund  
Equity ,Baroda BNP Paribas,Baroda BNP Paribas Banking & Financial Services Fund  
Equity ,Baroda BNP Paribas,Baroda BNP Paribas Innovation Fund  
Equity ,Baroda BNP Paribas,Baroda BNP Paribas Manufacturing Fund  
Equity ,Baroda BNP Paribas,Baroda BNP Paribas Energy Opportunities Fund  
Equity ,Baroda BNP Paribas,Baroda BNP Paribas Health & Wellness Fund  
Equity ,Baroda BNP Paribas,Baroda BNP Paribas Business Conglomerates Fund  
Others,Baroda BNP Paribas,Baroda BNP Paribas Aqua Fund of Fund  
Others,Baroda BNP Paribas,Baroda BNP Paribas Income Plus Arbitrage Active Fund of Funds  
Others,Baroda BNP Paribas,Baroda BNP Paribas Multi Asset Active Fund of Funds  
Others,Baroda BNP Paribas,Baroda BNP Paribas Gold ETF Fund of Funds  
Hybrid,Baroda BNP Paribas,Baroda BNP Paribas Balanced Advantage Fund  
Hybrid,Baroda BNP Paribas,Baroda BNP Paribas Aggressive Hybrid Fund  
Hybrid,Baroda BNP Paribas,Baroda BNP Paribas Multi Asset Fund  
Hybrid,Baroda BNP Paribas,Baroda BNP Paribas Equity Savings Fund  
Hybrid,Baroda BNP Paribas,Baroda BNP Paribas Conservative Hybrid Fund  
Hybrid,Baroda BNP Paribas,Baroda BNP Paribas Arbitrage Fund  
Hybrid,Baroda BNP Paribas,Baroda BNP Paribas Retirement Fund  
Hybrid,Baroda BNP Paribas,Baroda BNP Paribas Children’s Fund  
Debt,Baroda BNP Paribas,Baroda BNP Paribas Liquid Fund  
Debt,Baroda BNP Paribas,Baroda BNP Paribas Overnight Fund  
Debt,Baroda BNP Paribas,Baroda BNP Paribas Ultra Short Duration Fund  
Debt,Baroda BNP Paribas,Baroda BNP Paribas Low Duration Fund  
Debt,Baroda BNP Paribas,Baroda BNP Paribas Money Market Fund  
Debt,Baroda BNP Paribas,Baroda BNP Paribas Short Duration Fund  
Debt,Baroda BNP Paribas,Baroda BNP Paribas Credit Risk Fund  
Debt,Baroda BNP Paribas,Baroda BNP Paribas Corporate Bond Fund  
Debt,Baroda BNP Paribas,Baroda BNP Paribas Dynamic Bond Fund  
Debt,Baroda BNP Paribas,Baroda BNP Paribas Gilt Fund  
Others,Baroda BNP Paribas,Baroda BNP Paribas Nifty SDL December 2026 Index Fund  
Others,Baroda BNP Paribas,Baroda BNP Paribas Nifty SDL December 2028 Index Fund  
Others,Baroda BNP Paribas,Baroda BNP Paribas Nifty 50 Index Fund  
Others,Baroda BNP Paribas,Baroda BNP Paribas Gold ETF  
Others,Baroda BNP Paribas,Baroda BNP Paribas NIFTY BANK ETF  
Others,Baroda BNP Paribas,Baroda BNP Paribas Nifty 200 Momentum 30 Index Fund  
Others,Baroda BNP Paribas,Baroda BNP Paribas Nifty Midcap 150 Index Fund  
Equity ,Canara Robeco,Canara Robeco Large Cap Fund  
Equity ,Canara Robeco,Canara Robeco Mid Cap Fund  
Equity ,Canara Robeco,Canara Robeco Small Cap Fund  
Equity ,Canara Robeco,Canara Robeco Large and Mid Cap Fund  
Equity ,Canara Robeco,Canara Robeco Multi Cap Fund  
Equity ,Canara Robeco,Canara Robeco Flexi Cap Fund  
Equity ,Canara Robeco,Canara Robeco Focused Fund  
Equity ,Canara Robeco,Canara Robeco ELSS Tax Saver  
Equity ,Canara Robeco,Canara Robeco Consumer Trends Fund  
Equity ,Canara Robeco,Canara Robeco Manufacturing Fund  
Equity ,Canara Robeco,Canara Robeco Infrastructure Fund  
Equity ,Canara Robeco,Canara Robeco Value Fund  
Hybrid,Canara Robeco,Canara Robeco Equity Hybrid Fund  
Hybrid,Canara Robeco,Canara Robeco Conservative Hybrid Fund  
Hybrid,Canara Robeco,Canara Robeco Balanced Advantage Fund  
Hybrid,Canara Robeco,Canara Robeco Multi Asset Allocation Fund  
Debt,Canara Robeco,Canara Robeco Overnight Fund  
Debt,Canara Robeco,Canara Robeco Liquid Fund  
Debt,Canara Robeco,Canara Robeco Ultra Short Term Fund  
Debt,Canara Robeco,Canara Robeco Savings Fund  
Debt,Canara Robeco,Canara Robeco Short Duration Fund  
Debt,Canara Robeco,Canara Robeco Income Fund  
Debt,Canara Robeco,Canara Robeco Dynamic Bond Fund  
Debt,Canara Robeco,Canara Robeco Corporate Bond Fund  
Debt,Canara Robeco,Canara Robeco Gilt Fund  
Debt,Canara Robeco,Canara Robeco Banking & PSU Debt Fund  
Equity ,Edelweiss,Edelweiss Large Cap Fund  
Equity ,Edelweiss,Edelweiss Large & Mid Cap Fund  
Equity ,Edelweiss,Edelweiss Flexi Cap Fund  
Equity ,Edelweiss,Edelweiss Mid Cap Fund  
Equity ,Edelweiss,Edelweiss Small Cap Fund  
Equity ,Edelweiss,Edelweiss Recently Listed IPO Fund  
Equity ,Edelweiss,Edelweiss ELSS Tax Saver Fund  
Equity ,Edelweiss,Edelweiss Focused Fund  
Equity ,Edelweiss,Edelweiss Multi Cap Fund  
Equity ,Edelweiss,Edelweiss Technology Fund  
Equity ,Edelweiss,Edelweiss Business Cycle Fund  
Equity ,Edelweiss,Edelweiss Consumption Fund  
Hybrid,Edelweiss,Edelweiss Arbitrage Fund  
Hybrid,Edelweiss,Edelweiss Equity Savings Fund  
Hybrid,Edelweiss,Edelweiss Aggressive Hybrid Fund  
Hybrid,Edelweiss,Edelweiss Balanced Advantage Fund  
Hybrid,Edelweiss,Edelweiss Multi Asset Allocation Fund  
Debt,Edelweiss,Edelweiss Overnight Fund  
Debt,Edelweiss,Edelweiss Liquid Fund  
Debt,Edelweiss,Edelweiss Banking & PSU Debt Fund  
Debt,Edelweiss,Edelweiss Money Market Fund  
Debt,Edelweiss,Edelweiss Government Securities Fund  
Debt,Edelweiss,Edelweiss Low Duration Fund  
Others,Edelweiss,Edelweiss Gold ETF  
Others,Edelweiss,Edelweiss Silver ETF  
Others,Edelweiss,Edelweiss Nifty 1D Rate Liquid ETF  
Others,Edelweiss,Edelweiss Nifty Bank ETF  
Others,Edelweiss,Bharat Bond ETF April 2030  
Others,Edelweiss,Bharat Bond ETF April 2031  
Others,Edelweiss,Bharat Bond ETF April 2032  
Others,Edelweiss,Bharat Bond ETF April 2033  
Others,Edelweiss,Edelweiss Nifty 50 Index Fund  
Others,Edelweiss,Edelweiss Nifty Next 50 Index Fund  
Others,Edelweiss,Edelweiss Nifty Large Mid Cap 250 Index Fund  
Others,Edelweiss,Edelweiss Nifty Smallcap 250 Index Fund  
Others,Edelweiss,Edelweiss Nifty Midcap 150 Momentum 50 Index Fund  
Others,Edelweiss,Edelweiss Gold and Silver ETF Fund of Fund  
Others,Edelweiss,Bharat Bond FOF April 2030  
Others,Edelweiss,Bharat Bond FOF April 2031  
Others,Edelweiss,Bharat Bond ETF FOF April 2032  
Others,Edelweiss,Bharat Bond ETF FOF April 2033  
Others,Edelweiss,Edelweiss Greater China Equity Off-Shore Fund  
Others,Edelweiss,Edelweiss US Technology Fund  
Others,Edelweiss,Edelweiss Emerging Markets Opportunities Equity Offshore Fund  
Others,Edelweiss,Edelweiss ASEAN Equity Off-Shore Fund  
Others,Edelweiss,Edelweiss Europe Dynamic Equity Off-Shore Fund  
Others,Edelweiss,Edelweiss US Value Equity Off-Shore Fund  
Equity ,Franklin India,Franklin India Multi Cap Fund  
Equity ,Franklin India,Franklin India Large Cap Fund  
Equity ,Franklin India,Franklin India Flexi Cap Fund  
Equity ,Franklin India,Franklin India Large & Mid Cap Fund  
Equity ,Franklin India,Franklin India ELSS Tax Saver Fund  
Equity ,Franklin India,Franklin India Focused Equity Fund  
Equity ,Franklin India,Templeton India Value Fund  
Equity ,Franklin India,Franklin India Dividend Yield Fund  
Equity ,Franklin India,Franklin India Mid Cap Fund  
Equity ,Franklin India,Franklin India Small Cap Fund  
Equity ,Franklin India,Franklin Build India Fund  
Equity ,Franklin India,Franklin India Opportunities Fund  
Equity ,Franklin India,Franklin India Technology Fund  
Equity ,Franklin India,Franklin Asian Equity Fund  
Others,Franklin India,Franklin India NSE Nifty 50 Index Fund  
Others,Franklin India,Franklin U.S. Opportunities Equity Active Fund of Funds  
Others,Franklin India,Franklin India Dynamic Asset Allocation Active Fund of Funds  
Others,Franklin India,Franklin India Income Plus Arbitrage Active Fund of Funds  
Hybrid,Franklin India,Franklin India Aggressive Hybrid Fund  
Hybrid,Franklin India,Franklin India Balanced Advantage Fund  
Hybrid,Franklin India,Franklin India Conservative Hybrid Fund  
Hybrid,Franklin India,Franklin India Equity Savings Fund  
Hybrid,Franklin India,Franklin India Multi Asset Allocation Fund  
Hybrid,Franklin India,Franklin India Arbitrage Fund  
Others,Franklin India,Franklin India Retirement Fund  
Debt,Franklin India,Franklin India Low Duration Fund  
Debt,Franklin India,Franklin India Long Duration Fund  
Debt,Franklin India,Franklin India Medium to Long Duration Fund  
Debt,Franklin India,Franklin India Ultra Short Duration Fund  
Debt,Franklin India,Franklin India Overnight Fund  
Debt,Franklin India,Franklin India Liquid Fund  
Debt,Franklin India,Franklin India Money Market Fund  
Debt,Franklin India,Franklin India Floating Rate Fund  
Debt,Franklin India,Franklin India Corporate Debt Fund  
Debt,Franklin India,Franklin India Banking & PSU Debt Fund  
Debt,Franklin India,Franklin India Government Securities Fund  
Equity ,Groww,Groww Large Cap Fund  
Equity ,Groww,Groww Value Fund  
Equity ,Groww,Groww ELSS Tax Saver Fund  
Equity ,Groww,Groww Multicap Fund  
Equity ,Groww,Groww Banking & Financial Services Fund  
Hybrid,Groww,Groww Aggressive Hybrid Fund  
Hybrid,Groww,Groww Multi Asset Allocation Fund  
Debt,Groww,Groww Overnight Fund  
Debt,Groww,Groww Liquid Fund  
Debt,Groww,Groww Short Duration Fund  
Debt,Groww,Groww Dynamic Bond Fund  
Debt,Groww,Groww Gilt Fund  
Equity ,Groww,Groww Nifty Total Market Index Fund  
Equity ,Groww,Groww Nifty Smallcap 250 Index Fund  
Equity ,Groww,Groww Nifty Non-Cyclical Consumer Index Fund  
Equity ,Groww,Groww Nifty India Railways PSU Index Fund  
Equity ,Groww,Groww Nifty 50 Index Fund  
Equity ,Groww,Groww Nifty Next 50 Index Fund  
Equity ,Groww,Groww Nifty EV & New Age Automotive ETF  
Equity ,Groww,Groww Nifty EV & New Age Automotive ETF FOF  
Debt,Groww,Groww Nifty 1D Rate Liquid ETF  
Equity ,Groww,Groww Nifty India Defence ETF  
Equity ,Groww,Groww Nifty India Defence ETF FOF  
Others,Groww,Groww Gold ETF  
Others,Groww,Groww Gold ETF FOF  
Others,Groww,Groww Silver ETF  
Others,Groww,Groww Silver ETF FOF  
Equity ,Groww,Groww Nifty 500 Low Volatility 50 ETF  
Equity ,Groww,Groww Nifty India Railways PSU ETF  
Equity ,Groww,Groww Nifty 200 ETF  
Equity ,Groww,Groww Nifty 200 ETF FOF  
Equity ,Groww,Groww Nifty 500 Momentum 50 ETF  
Equity ,Groww,Groww Nifty 500 Momentum 50 ETF FOF  
Equity ,Groww,Groww Nifty 50 ETF  
Equity ,Groww,Groww Nifty India Internet ETF  
Equity ,Groww,Groww Nifty India Internet ETF FOF  
Equity ,Groww,Groww BSE Power ETF  
Equity ,Groww,Groww BSE Power ETF FOF  
Equity ,Groww,Groww Nifty Next 50 ETF  
Equity ,Groww,Groww Nifty Realty ETF  
Equity ,Groww,Groww Nifty Smallcap 250 ETF  
Equity ,HDFC,HDFC Flexi Cap Fund  
Equity ,HDFC,HDFC Multi Cap Fund  
Equity ,HDFC,HDFC Large Cap Fund  
Equity ,HDFC,HDFC Mid Cap Fund  
Equity ,HDFC,HDFC Small Cap Fund  
Equity ,HDFC,HDFC Large and Mid Cap Fund  
Equity ,HDFC,HDFC Value Fund  
Equity ,HDFC,HDFC Dividend Yield Fund  
Equity ,HDFC,HDFC Focused Fund  
Equity ,HDFC,HDFC Business Cycle Fund  
Equity ,HDFC,HDFC Transportation & Logistics Fund  
Equity ,HDFC,HDFC Defence Fund  
Equity ,HDFC,HDFC Banking & Financial Services Fund  
Equity ,HDFC,HDFC Technology Fund  
Equity ,HDFC,HDFC Pharma & Healthcare Fund  
Equity ,HDFC,HDFC Housing Opportunities Fund  
Equity ,HDFC,HDFC Infrastructure Fund  
Equity ,HDFC,HDFC MNC Fund  
Equity ,HDFC,HDFC Non-Cyclical Consumer Fund  
Equity ,HDFC,HDFC Manufacturing Fund  
Equity ,HDFC,HDFC Innovation Fund  
Hybrid,HDFC,HDFC Balanced Advantage Fund  
Hybrid,HDFC,HDFC Hybrid Equity Fund  
Hybrid,HDFC,HDFC Multi-Asset Fund  
Hybrid,HDFC,HDFC Multi-Asset Active FOF  
Hybrid,HDFC,HDFC Diversified Equity All Cap Active FOF  
Hybrid,HDFC,HDFC Equity Savings Fund  
Hybrid,HDFC,HDFC Hybrid Debt Fund  
Hybrid,HDFC,HDFC ELSS Tax Saver  
Hybrid,HDFC,HDFC Children's Fund  
Others,HDFC,HDFC Retirement Savings Fund - Equity Plan  
Others,HDFC,HDFC Retirement Savings Fund - Hybrid Equity Plan  
Others,HDFC,HDFC Retirement Savings Fund - Hybrid Debt Plan  
Debt,HDFC,HDFC Overnight Fund  
Debt,HDFC,HDFC Liquid Fund  
Debt,HDFC,HDFC Ultra Short Term Fund  
Debt,HDFC,HDFC Low Duration Fund  
Debt,HDFC,HDFC Money Market Fund  
Debt,HDFC,HDFC Short Term Debt Fund  
Debt,HDFC,HDFC Medium Term Debt Fund  
Debt,HDFC,HDFC Income Fund  
Debt,HDFC,HDFC Long Duration Debt Fund  
Debt,HDFC,HDFC Arbitrage Fund  
Debt,HDFC,HDFC Floating Rate Debt Fund  
Debt,HDFC,HDFC Corporate Bond Fund  
Debt,HDFC,HDFC Banking and PSU Debt Fund  
Debt,HDFC,HDFC Credit Risk Debt Fund  
Debt,HDFC,HDFC Dynamic Debt Fund  
Debt,HDFC,HDFC Gilt Fund  
Others,HDFC,HDFC Income Plus Arbitrage Active FOF  
Equity ,Helios,Helios Flexi Cap Fund  
Equity ,Helios,Helios Financial Services Fund  
Equity ,Helios,Helios Large & Mid Cap Fund  
Hybrid,Helios,Helios Balanced Advantage Fund  
Equity ,Helios,Helios Mid Cap Fund  
Debt,Helios,Helios Overnight Fund  
Equity ,HSBC,HSBC Large Cap Fund  
Equity ,HSBC,HSBC Large & Mid Cap Fund  
Equity ,HSBC,HSBC Midcap Fund  
Equity ,HSBC,HSBC Flexi Cap Fund  
Equity ,HSBC,HSBC Multi Cap Fund  
Equity ,HSBC,HSBC Small Cap Fund  
Equity ,HSBC,HSBC Focused Fund  
Equity ,HSBC,HSBC Infrastructure Fund  
Equity ,HSBC,HSBC Value Fund  
Equity ,HSBC,HSBC Business Cycles Fund  
Equity ,HSBC,HSBC Consumption Fund  
Equity ,HSBC,HSBC India Export Opportunities Fund  
Equity ,HSBC,HSBC Financial Services Fund  
Equity ,HSBC,HSBC Nifty 50 Index Fund  
Equity ,HSBC,HSBC Nifty Next 50 Index Fund  
Hybrid,HSBC,HSBC ELSS Tax Saver Fund  
Hybrid,HSBC,HSBC Tax Saver Equity Fund  
Hybrid,HSBC,HSBC Aggressive Hybrid Fund  
Hybrid,HSBC,HSBC Multi Asset Allocation Fund  
Hybrid,HSBC,HSBC Balanced Advantage Fund  
Hybrid,HSBC,HSBC Equity Savings Fund  
Hybrid,HSBC,HSBC Arbitrage Fund  
Hybrid,HSBC,HSBC Conservative Hybrid Fund  
Others,HSBC,HSBC Global Emerging Markets Fund  
Others,HSBC,HSBC Global Equity Climate Change Fund of Fund  
Others,HSBC,HSBC Aggressive Hybrid Active FOF  
Others,HSBC,HSBC Multi Asset Active FOF  
Others,HSBC,HSBC Income Plus Arbitrage Active FOF  
Debt,HSBC,HSBC Overnight Fund  
Debt,HSBC,HSBC Liquid Fund  
Debt,HSBC,HSBC Money Market Fund  
Debt,HSBC,HSBC Low Duration Fund  
Debt,HSBC,HSBC Ultra Short Duration Fund  
Debt,HSBC,HSBC Short Duration Fund  
Debt,HSBC,HSBC Corporate Bond Fund  
Debt,HSBC,HSBC Banking and PSU Debt Fund  
Debt,HSBC,HSBC Credit Risk Fund  
Debt,HSBC,HSBC Dynamic Bond Fund  
Debt,HSBC,HSBC Gilt Fund  
Debt,HSBC,HSBC Medium Duration Fund  
Debt,HSBC,HSBC Medium to Long Duration Fund  
Debt ,HSBC,HSBC CRISIL IBX 50:50 Gilt Plus SDL Apr 2028 Index Fund  
Debt ,HSBC,HSBC CRISIL IBX Gilt June 2027 Index Fund  
Others,HSBC,HSBC Asia Pacific (Ex Japan) Dividend Yield Fund  
Others,HSBC,HSBC Brazil Fund  
Equity ,HSBC,HSBC Technology Fund  
Equity ,HSBC,HSBC Pharma and Healthcare Fund  
Equity ,ICICI Prudential,ICICI Prudential Large Cap Fund  
Equity ,ICICI Prudential,ICICI Prudential Flexicap Fund  
Equity ,ICICI Prudential,ICICI Prudential Large & Mid Cap Fund  
Equity ,ICICI Prudential,ICICI Prudential Multicap Fund  
Equity ,ICICI Prudential,ICICI Prudential India Opportunities Fund  
Equity ,ICICI Prudential,ICICI Prudential Value Fund  
Equity ,ICICI Prudential,ICICI Prudential ELSS Tax Saver Fund  
Equity ,ICICI Prudential,ICICI Prudential Focused Equity Fund  
Equity ,ICICI Prudential,ICICI Prudential Equity Minimum Variance Fund  
Equity ,ICICI Prudential,ICICI Prudential Quality Fund  
Equity ,ICICI Prudential,ICICI Prudential Midcap Fund  
Equity ,ICICI Prudential,ICICI Prudential Smallcap Fund  
Equity ,ICICI Prudential,ICICI Prudential Dividend Yield Equity Fund  
Equity ,ICICI Prudential,ICICI Prudential Rural Opportunities Fund  
Equity ,ICICI Prudential,ICICI Prudential PSU Equity Fund  
Equity ,ICICI Prudential,ICICI Prudential Banking & Financial Services Fund  
Equity ,ICICI Prudential,ICICI Prudential FMCG Fund  
Equity ,ICICI Prudential,ICICI Prudential Technology Fund  
Equity ,ICICI Prudential,ICICI Prudential Active Momentum Fund  
Equity ,ICICI Prudential,ICICI Prudential Business Cycle Fund  
Equity ,ICICI Prudential,ICICI Prudential Transportation and Logistics Fund  
Equity ,ICICI Prudential,ICICI Prudential Housing Opportunities Fund  
Equity ,ICICI Prudential,ICICI Prudential ESG Exclusionary Strategy Fund  
Equity ,ICICI Prudential,ICICI Prudential Pharma Healthcare and Diagnostics (P.H.D) Fund  
Equity ,ICICI Prudential,ICICI Prudential Exports and Services Fund  
Equity ,ICICI Prudential,ICICI Prudential Infrastructure Fund  
Equity ,ICICI Prudential,ICICI Prudential Manufacturing Fund  
Equity ,ICICI Prudential,ICICI Prudential MNC Fund  
Equity ,ICICI Prudential,ICICI Prudential Bharat Consumption Fund  
Equity ,ICICI Prudential,ICICI Prudential Energy Opportunities Fund  
Equity ,ICICI Prudential,ICICI Prudential Commodities Fund  
Equity ,ICICI Prudential,ICICI Prudential US Bluechip Equity Fund  
Equity ,ICICI Prudential,ICICI Prudential Quant Fund  
Equity ,ICICI Prudential,ICICI Prudential Innovation Fund  
Equity ,ICICI Prudential,ICICI Prudential Conglomerate Fund  
Hybrid,ICICI Prudential,ICICI Prudential Equity & Debt Fund  
Hybrid,ICICI Prudential,ICICI Prudential Equity - Arbitrage Fund  
Hybrid,ICICI Prudential,ICICI Prudential Balanced Advantage Fund  
Hybrid,ICICI Prudential,ICICI Prudential Equity Savings Fund  
Hybrid,ICICI Prudential,ICICI Prudential Regular Savings Fund  
Hybrid,ICICI Prudential,ICICI Prudential Multi-Asset Fund  
Others,ICICI Prudential,ICICI Prudential Passive Multi-Asset Fund of Fund  
Others,ICICI Prudential,ICICI Prudential Thematic Advantage Fund (FOF)  
Others,ICICI Prudential,ICICI Prudential Passive Strategy Fund (FOF)  
Others,ICICI Prudential,ICICI Prudential India Equity FOF  
Others,ICICI Prudential,ICICI Prudential BHARAT 22 FOF  
Others,ICICI Prudential,ICICI Prudential Strategic Metal and Energy Equity Fund of Fund  
Others,ICICI Prudential,ICICI Prudential Global Advantage Fund (FOF)  
Others,ICICI Prudential,ICICI Prudential Global Stable Equity Fund (FOF)  
Others,ICICI Prudential,ICICI Prudential Asset Allocator Fund (FOF)  
Others,ICICI Prudential,ICICI Prudential Income plus Arbitrage Active FOF  
Others,ICICI Prudential,ICICI Prudential Debt Management Fund (FOF)  
Others,ICICI Prudential,ICICI Prudential Regular Gold Savings Fund (FOF)  
Others,ICICI Prudential,ICICI Prudential Silver ETF Fund of Fund  
Debt,ICICI Prudential,ICICI Prudential Overnight Fund  
Debt,ICICI Prudential,ICICI Prudential Liquid Fund  
Debt,ICICI Prudential,ICICI Prudential Money Market Fund  
Debt,ICICI Prudential,ICICI Prudential Ultra Short Term Fund  
Debt,ICICI Prudential,ICICI Prudential Savings Fund  
Debt,ICICI Prudential,ICICI Prudential Floating Interest Fund  
Debt,ICICI Prudential,ICICI Prudential Short Term Fund  
Debt,ICICI Prudential,ICICI Prudential Bond Fund  
Debt,ICICI Prudential,ICICI Prudential Corporate Bond Fund  
Debt,ICICI Prudential,ICICI Prudential Banking & PSU Debt Fund  
Debt,ICICI Prudential,ICICI Prudential Credit Risk Fund  
Debt,ICICI Prudential,ICICI Prudential Medium Term Bond Fund  
Debt,ICICI Prudential,ICICI Prudential Long Term Bond Fund  
Debt,ICICI Prudential,ICICI Prudential All Seasons Bond Fund  
Debt,ICICI Prudential,ICICI Prudential Gilt Fund  
Debt,ICICI Prudential,ICICI Prudential Constant Maturity Gilt Fund  
Others,ICICI Prudential,ICICI Prudential Children’s Fund  
Others,ICICI Prudential,ICICI Prudential Retirement Fund  
Others,ICICI Prudential,ICICI Prudential Long Term Wealth Enhancement Fund  
Equity ,Invesco India,Invesco India Largecap Fund  
Equity ,Invesco India,Invesco India ELSS Tax Saver Fund  
Equity ,Invesco India,Invesco India Focused Fund  
Equity ,Invesco India,Invesco India Flexi Cap Fund  
Equity ,Invesco India,Invesco India Contra Fund  
Equity ,Invesco India,Invesco India Large & Mid Cap Fund  
Equity ,Invesco India,Invesco India Midcap Fund  
Equity ,Invesco India,Invesco India Smallcap Fund  
Equity ,Invesco India,Invesco India Multi Cap Fund  
Equity ,Invesco India,Invesco India Infrastructure Fund  
Equity ,Invesco India,Invesco India Financial Services Fund  
Equity ,Invesco India,Invesco India PSU Equity Fund  
Equity ,Invesco India,Invesco India ESG Integration Strategy Fund  
Equity ,Invesco India,Invesco India Manufacturing Fund  
Equity ,Invesco India,Invesco India Technology Fund  
Equity ,Invesco India,Invesco India Business Cycle Fund  
Equity ,Invesco India,Invesco India Consumption Fund  
Hybrid,Invesco India,Invesco India Arbitrage Fund  
Hybrid,Invesco India,Invesco India Balanced Advantage Fund  
Hybrid,Invesco India,Invesco India Aggressive Hybrid Fund  
Hybrid,Invesco India,Invesco India Equity Savings Fund  
Hybrid,Invesco India,Invesco India Multi Asset Allocation Fund  
Debt,Invesco India,Invesco India Liquid Fund  
Debt,Invesco India,Invesco India Overnight Fund  
Debt,Invesco India,Invesco India Low Duration Fund  
Debt,Invesco India,Invesco India Short Duration Fund  
Debt,Invesco India,Invesco India Money Market Fund  
Debt,Invesco India,Invesco India Ultra Short Duration Fund  
Debt,Invesco India,Invesco India Medium Duration Fund  
Debt,Invesco India,Invesco India Credit Risk Fund  
Debt,Invesco India,Invesco India Gilt Fund  
Debt,Invesco India,Invesco India Corporate Bond Fund  
Debt,Invesco India,Invesco India Banking and PSU Fund  
Others,Invesco India,Invesco India Nifty G-sec Jul 2027 Index Fund  
Others,Invesco India,Invesco India Nifty G-sec Sep 2032 Index Fund  
Others,Invesco India,Invesco India Gold ETF Fund of Fund  
Others,Invesco India,Invesco India Income Plus Arbitrage Active Fund of Fund  
Others,Invesco India,Invesco India - Invesco Global Consumer Trends Fund of Fund  
Others,Invesco India,Invesco India - Invesco EQQQ NASDAQ-100 ETF Fund of Fund  
Others,Invesco India,Invesco India - Invesco Pan European Equity Fund of Fund  
Others,Invesco India,Invesco India - Invesco Global Equity Income Fund of Fund  
Others,Invesco India,Invesco India Gold Exchange Traded Fund  
Others,Invesco India,Invesco India NIFTY 50 Exchange Traded Fund  
Equity ,ITI,ITI Multi Cap Fund  
Equity ,ITI,ITI ELSS Tax Saver Fund  
Equity ,ITI,ITI Large Cap Fund  
Equity ,ITI,ITI Mid Cap Fund  
Equity ,ITI,ITI Small Cap Fund  
Equity ,ITI,ITI Value Fund  
Equity ,ITI,ITI Pharma and Healthcare Fund  
Equity ,ITI,ITI Banking and Financial Services Fund  
Equity ,ITI,ITI Flexi Cap Fund  
Equity ,ITI,ITI Focused Fund  
Equity ,ITI,ITI Large & Mid Cap Fund  
Equity ,ITI,ITI Bharat Consumption Fund  
Hybrid,ITI,ITI Balanced Advantage Fund  
Hybrid,ITI,ITI Arbitrage Fund  
Debt,ITI,ITI Overnight Fund  
Debt,ITI,ITI Liquid Fund  
Debt,ITI,ITI Ultra Short Duration Fund  
Debt,ITI,ITI Banking & PSU Debt Fund  
Debt,ITI,ITI Dynamic Bond Fund  
Equity ,JM Financial,JM ELSS Tax Saver Fund  
Equity ,JM Financial,JM Flexicap Fund  
Equity ,JM Financial,JM Midcap Fund  
Equity ,JM Financial,JM Small Cap Fund  
Equity ,JM Financial,JM Large Cap Fund  
Equity ,JM Financial,JM Value Fund  
Equity ,JM Financial,JM Focused Fund  
Equity ,JM Financial,JM Large & Mid Cap Fund  
Hybrid,JM Financial,JM Arbitrage Fund  
Hybrid,JM Financial,JM Aggressive Hybrid Fund  
Debt,JM Financial,JM Overnight Fund  
Debt,JM Financial,JM Liquid Fund  
Debt,JM Financial,JM Short Duration Fund  
Debt,JM Financial,JM Dynamic Bond Fund  
Debt,JM Financial,JM Low Duration Fund  
Debt,JM Financial,JM Medium to Long Duration Fund  
Equity ,Kotak,Kotak Large Cap Fund (Erstwhile Known As Kotak Bluechip Fund)  
Equity ,Kotak,Kotak Flexicap Fund  
Equity ,Kotak,Kotak Multicap Fund  
Equity ,Kotak,Kotak Large & Midcap Fund  
Equity ,Kotak,Kotak Midcap Fund  
Equity ,Kotak,Kotak Small Cap Fund  
Equity ,Kotak,Kotak Contra Fund  
Equity ,Kotak,Kotak Focused Fund  
Equity ,Kotak,Kotak ELSS Tax Saver Fund  
Equity ,Kotak,Kotak Infrastructure & Economic Reform Fund  
Equity ,Kotak,Kotak Pioneer Fund  
Equity ,Kotak,Kotak ESG Exclusionary Strategy Fund  
Equity ,Kotak,Kotak Manufacture In India Fund  
Equity ,Kotak,Kotak Business Cycle Fund  
Equity ,Kotak,Kotak Banking & Financial Services Fund  
Equity ,Kotak,Kotak Quant Fund  
Equity ,Kotak,Kotak Consumption Fund  
Equity ,Kotak,Kotak Healthcare Fund  
Equity ,Kotak,Kotak Technology Fund  
Equity ,Kotak,Kotak Special Opportunities Fund  
Equity ,Kotak,Kotak MNC Fund  
Equity ,Kotak,Kotak Transportation & Logistics Fund  
Equity ,Kotak,Kotak Energy Opportunities Fund  
Equity ,Kotak,Kotak Active Momentum Fund  
Hybrid,Kotak,Kotak Balanced Advantage Fund  
Hybrid,Kotak,Kotak Arbitrage Fund  
Hybrid,Kotak,Kotak Equity Savings Fund  
Hybrid,Kotak,Kotak Multi Asset Allocation Fund  
Hybrid,Kotak,Kotak Aggressive Hybrid Fund  
Hybrid,Kotak,Kotak Debt Hybrid Fund  
Debt,Kotak,Kotak Overnight Fund  
Debt,Kotak,Kotak Liquid Fund  
Debt,Kotak,Kotak Savings Fund  
Debt,Kotak,Kotak Money Market Fund  
Debt,Kotak,Kotak Low Duration Fund  
Debt,Kotak,Kotak Corporate Bond Fund  
Debt,Kotak,Kotak Bond Short Term Fund  
Debt,Kotak,Kotak Credit Risk Fund  
Debt,Kotak,Kotak Dynamic Bond Fund  
Debt,Kotak,Kotak Floating Rate Fund  
Debt,Kotak,Kotak Medium Term Fund  
Debt,Kotak,Kotak Banking and PSU Debt Fund  
Debt,Kotak,Kotak Gilt Fund  
Debt,Kotak,Kotak Bond Fund  
Debt,Kotak,Kotak Long Duration Fund  
Hybrid,Kotak,Kotak Multi Asset Omni FOF  
Others,Kotak,Kotak Gold Fund FOF  
Others,Kotak,Kotak Silver ETF Fund Of Fund FOF  
Hybrid,Kotak,Kotak Income Plus Arbitrage Omni FOF  
Equity ,Kotak,Kotak Global Emerging Market Overseas Equity Omni FOF  
Equity ,Kotak,Kotak International REIT Overseas Equity Omni FOF  
Equity ,Kotak,Kotak US Specific Equity Passive FOF  
Equity ,Kotak,Kotak Global Innovation Overseas Equity Omni FOF  
Equity ,Kotak,Kotak Nifty 50 ETF  
Equity ,Kotak,Kotak BSE Sensex ETF  
Equity ,Kotak,Kotak Nifty PSU Bank ETF  
Equity ,Kotak,Kotak Nifty Bank ETF  
Equity ,Kotak,Kotak Nifty 50 Value 20 ETF  
Equity ,Kotak,Kotak Nifty IT ETF  
Equity ,Kotak,Kotak Nifty Alpha 50 ETF  
Equity ,Kotak,Kotak Nifty Midcap 50 ETF  
Equity ,Kotak,Kotak Nifty100 Low Volatility 30 ETF  
Equity ,Kotak,Kotak Nifty India Consumption ETF  
Equity ,Kotak,Kotak Nifty MNC ETF  
Equity ,Kotak,Kotak MSCI India ETF  
Equity ,Kotak,Kotak Nifty 100 Equal Weight ETF  
Equity ,Kotak,Kotak Nifty Midcap 150 ETF  
Equity ,Kotak,Kotak Nifty200 Quality 30 ETF  
Equity ,Kotak,Kotak Nifty200 Momentum 30 ETF  
Others,Kotak,Kotak Gold ETF  
Others,Kotak,Kotak Silver ETF  
Debt,Kotak,Kotak Nifty 1D Rate Liquid ETF  
Equity ,Kotak,Kotak Nifty Next 50 Index Fund  
Equity ,Kotak,Kotak Nifty 50 Index Fund  
Equity ,Kotak,Kotak Nifty Smallcap 50 Index Fund  
Equity ,Kotak,Kotak Nifty 200 Momentum 30 Index Fund  
Equity ,Kotak,Kotak Nifty Financial Services Ex-Bank Index Fund  
Equity ,Kotak,Kotak BSE Housing Index Fund  
Equity ,Kotak,Kotak Nifty 100 Low Volatility 30 Index Fund  
Equity ,Kotak,Kotak BSE PSU Index Fund  
Equity ,Kotak,Kotak Nifty Midcap 50 Index Fund  
Equity ,Kotak,Kotak Nifty India Tourism Index Fund  
Equity ,Kotak,Kotak Nifty Midcap 150 Momentum 50 Index Fund  
Equity ,Kotak,Kotak Nifty 50 Equal Weight Index Fund  
Equity ,Kotak,Kotak Nifty 100 Equal Weight Index Fund  
Equity ,Kotak,Kotak Nifty Smallcap 250 Index Fund  
Equity ,Kotak,Kotak BSE Sensex Index Fund  
Equity ,Kotak,Kotak Nifty Commodities Index Fund  
Equity ,Kotak,Kotak Nifty Midcap 150 Index Fund  
Equity ,Kotak,Kotak Nifty Top 10 Equal Weight Index Fund  
Equity ,Kotak,Kotak Nifty 200 Quality 30 Index Fund  
Equity ,Kotak,Kotak Nifty Alpha 50 Index Fund  
Debt,Kotak,Kotak Nifty SDL Apr 2027 Top 12 Equal Weight Index Fund  
Debt,Kotak,Kotak Nifty SDL Apr 2032 Top 12 Equal Weight Index Fund  
Debt,Kotak,Kotak Nifty SDL PLUS AAA PSU Bond Jul 2028 60:40 Index Fund  
Debt,Kotak,Kotak Nifty SDL Jul 2026 Index Fund  
Debt,Kotak,Kotak Nifty SDL Jul 2033 Index Fund  
Debt,Kotak,Kotak Nifty G-SEC July 2033 Index Fund  
Debt,Kotak,Kotak CRISIL-IBX AAA Financial Services Index Sep 2027 Fund  
Debt,Kotak,Kotak CRISIL-IBX AAA Bond Financial Services Index – Dec 2026 Fund  
Debt,Kotak,Kotak CRISIL-IBX Financial Services 3-6 Months Debt Index Fund  
Debt,Kotak,Kotak Nifty AAA Bond Financial Services Mar 2028 Index Fund  
Debt,Kotak,Kotak CRISIL-IBX Financial Services 9 to 12 Months Debt Index Fund  
Equity ,LIC MF,LIC MF Small Cap Fund  
Equity ,LIC MF,LIC MF Manufacturing Fund  
Equity ,LIC MF,LIC MF Dividend Yield Fund  
Equity ,LIC MF,LIC MF Banking & Financial Services Fund  
Equity ,LIC MF,LIC MF Value Fund  
Equity ,LIC MF,LIC MF Focused Fund  
Equity ,LIC MF,LIC MF Healthcare Fund  
Equity ,LIC MF,LIC MF Large Cap Fund  
Equity ,LIC MF,LIC MF Large & Mid Cap Fund  
Equity ,LIC MF,LIC MF Flexi Cap Fund  
Equity ,LIC MF,LIC MF MultiCap Fund  
Equity ,LIC MF,LIC MF Infrastructure Fund  
Equity ,LIC MF,LIC MF Mid Cap Fund  
Hybrid,LIC MF,LIC MF Aggressive Hybrid Fund  
Hybrid,LIC MF,LIC MF Unit Linked Insurance Scheme  
Hybrid,LIC MF,LIC MF Multi Asset Allocation Fund  
Hybrid,LIC MF,LIC MF Balanced Advantage Fund  
Debt,LIC MF,LIC MF Overnight Fund  
Debt,LIC MF,LIC MF Liquid Fund  
Debt,LIC MF,LIC MF Ultra Short Duration Fund  
Debt,LIC MF,LIC MF Money Market Fund  
Debt,LIC MF,LIC MF Low Duration Fund  
Debt,LIC MF,LIC MF Medium to Long Duration Fund  
Debt,LIC MF,LIC MF Banking & PSU Fund  
Debt,LIC MF,LIC MF Short Duration Fund  
Debt,LIC MF,LIC MF Gilt Fund  
Hybrid,LIC MF,LIC MF Childrens Fund  
Equity ,LIC MF,LIC MF BSE Sensex ETF  
Equity ,LIC MF,LIC MF Nifty 50 ETF  
Hybrid,LIC MF,LIC MF Equity Savings Fund  
Hybrid,LIC MF,LIC MF Conservative Hybrid Fund  
Hybrid,LIC MF,LIC MF Arbitrage Fund  
Equity ,LIC MF,LIC MF ELSS Tax Saver  
Equity ,LIC MF,LIC MF Nifty 100 ETF  
Debt,LIC MF,LIC MF NIFTY 8-13 Yr G-Sec ETF  
Equity ,LIC MF,LIC MF Nifty Midcap 100 ETF  
Equity ,LIC MF,LIC MF BSE Sensex Index Fund  
Equity ,LIC MF,LIC MF Nifty 50 Index Fund  
Equity ,LIC MF,LIC MF Nifty Next 50 Index Fund  
Others,LIC MF,LIC MF Gold ETF  
Others,LIC MF,LIC MF Gold ETF Fund of Fund  
Equity ,Mahindra Manulife,Mahindra Manulife ELSS Tax Saver Fund  
Equity ,Mahindra Manulife,Mahindra Manulife Multi Cap Fund  
Equity ,Mahindra Manulife,Mahindra Manulife Mid Cap Fund  
Equity ,Mahindra Manulife,Mahindra Manulife Consumption Fund  
Equity ,Mahindra Manulife,Mahindra Manulife Large Cap Fund  
Equity ,Mahindra Manulife,Mahindra Manulife Large & Mid Cap Fund  
Equity ,Mahindra Manulife,Mahindra Manulife Focused Fund  
Equity ,Mahindra Manulife,Mahindra Manulife Flexi Cap Fund  
Equity ,Mahindra Manulife,Mahindra Manulife Small Cap Fund  
Equity ,Mahindra Manulife,Mahindra Manulife Business Cycle Fund  
Equity ,Mahindra Manulife,Mahindra Manulife Manufacturing Fund  
Equity ,Mahindra Manulife,Mahindra Manulife Value Fund  
Equity ,Mahindra Manulife,Mahindra Manulife Banking & Financial Services Fund  
Equity ,Mahindra Manulife,Mahindra Manulife Asia Pacific REITs FOF  
Hybrid,Mahindra Manulife,Mahindra Manulife Equity Savings Fund  
Hybrid,Mahindra Manulife,Mahindra Manulife Aggressive Hybrid Fund  
Hybrid,Mahindra Manulife,Mahindra Manulife Balanced Advantage Fund  
Hybrid,Mahindra Manulife,Mahindra Manulife Multi Asset Allocation Fund  
Hybrid,Mahindra Manulife,Mahindra Manulife Arbitrage Fund  
Debt,Mahindra Manulife,Mahindra Manulife Liquid Fund  
Debt,Mahindra Manulife,Mahindra Manulife Low Duration Fund  
Debt,Mahindra Manulife,Mahindra Manulife Dynamic Bond Fund  
Debt,Mahindra Manulife,Mahindra Manulife Overnight Fund  
Debt,Mahindra Manulife,Mahindra Manulife Ultra Short Duration Fund  
Debt,Mahindra Manulife,Mahindra Manulife Short Duration Fund  
Equity ,Mirae Asset,Mirae Asset Large Cap Fund  
Equity ,Mirae Asset,Mirae Asset Large & Midcap Fund  
Equity ,Mirae Asset,Mirae Asset Great Consumer Fund  
Equity ,Mirae Asset,Mirae Asset ELSS Tax Saver Fund  
Equity ,Mirae Asset,Mirae Asset Healthcare Fund  
Equity ,Mirae Asset,Mirae Asset Focused Fund  
Equity ,Mirae Asset,Mirae Asset Midcap Fund  
Equity ,Mirae Asset,Mirae Asset Banking and Financial Services Fund  
Equity ,Mirae Asset,Mirae Asset Flexi Cap Fund  
Equity ,Mirae Asset,Mirae Asset Multicap Fund  
Equity ,Mirae Asset,Mirae Asset Small Cap Fund  
Debt,Mirae Asset,Mirae Asset Liquid Fund  
Debt,Mirae Asset,Mirae Asset Low Duration Fund  
Debt,Mirae Asset,Mirae Asset Dynamic Bond Fund  
Debt,Mirae Asset,Mirae Asset Short Duration Fund  
Debt,Mirae Asset,Mirae Asset Overnight Fund  
Debt,Mirae Asset,Mirae Asset Banking and PSU Fund  
Debt,Mirae Asset,Mirae Asset Ultra Short Duration Fund  
Debt,Mirae Asset,Mirae Asset Corporate Bond Fund  
Debt,Mirae Asset,Mirae Asset Money Market Fund  
Debt,Mirae Asset,Mirae Asset Long Duration Fund  
Hybrid,Mirae Asset,Mirae Asset Income plus Arbitrage Active FoF  
Hybrid,Mirae Asset,Mirae Asset Aggressive Hybrid Fund  
Hybrid,Mirae Asset,Mirae Asset Equity Savings Fund  
Hybrid,Mirae Asset,Mirae Asset Arbitrage Fund  
Hybrid,Mirae Asset,Mirae Asset Balanced Advantage Fund  
Hybrid,Mirae Asset,Mirae Asset Multi Asset Allocation Fund  
Equity ,Navi,Navi Flexi Cap Fund  
Equity ,Navi,Navi Large & Midcap Fund  
Hybrid,Navi,Navi Aggressive Hybrid Fund  
Equity ,Navi,Navi ELSS Tax Saver Fund  
Debt,Navi,Navi Liquid Fund  
Equity ,Nippon India,Nippon India Large Cap Fund  
Equity ,Nippon India,Nippon India Vision Large & Mid Cap Fund  
Equity ,Nippon India,Nippon India Quant Fund  
Equity ,Nippon India,Nippon India Growth Mid Cap Fund  
Equity ,Nippon India,Nippon India Focused Fund  
Equity ,Nippon India,Nippon India Small Cap Fund  
Equity ,Nippon India,Nippon India Value Fund  
Equity ,Nippon India,Nippon India Multi Cap Fund  
Equity ,Nippon India,Nippon India Flexi Cap Fund  
Equity ,Nippon India,Nippon India ELSS Tax Saver Fund  
Equity ,Nippon India,Nippon India Banking & Financial Services Fund  
Equity ,Nippon India,Nippon India Power & Infra Fund  
Equity ,Nippon India,Nippon India Pharma Fund  
Equity ,Nippon India,Nippon India Consumption Fund  
Equity ,Nippon India,Nippon India Japan Equity Fund  
Equity ,Nippon India,Nippon India US Equity Opportunities Fund  
Equity ,Nippon India,Nippon India Taiwan Equity Fund  
Equity ,Nippon India,Nippon India Innovation Fund  
Equity ,Nippon India,Nippon India Active Momentum Fund  
Equity ,Nippon India,Nippon India MNC Fund  
Debt,Nippon India,Nippon India Overnight Fund  
Debt,Nippon India,Nippon India Liquid Fund  
Debt,Nippon India,Nippon India Money Market Fund  
Debt,Nippon India,Nippon India Ultra Short Duration Fund  
Debt,Nippon India,Nippon India Low Duration Fund  
Debt,Nippon India,Nippon India Corporate Bond Fund  
Debt,Nippon India,Nippon India Banking and PSU Fund  
Debt,Nippon India,Nippon India Floater Fund  
Debt,Nippon India,Nippon India Short Duration Fund  
Debt,Nippon India,Nippon India Nivesh Lakshya Long Duration Fund  
Debt,Nippon India,Nippon India Credit Risk Fund  
Debt,Nippon India,Nippon India Medium Duration Fund  
Debt,Nippon India,Nippon India Medium to Long Duration Fund  
Debt,Nippon India,Nippon India Dynamic Bond Fund  
Debt,Nippon India,Nippon India Gilt Fund  
Hybrid,Nippon India,Nippon India Balanced Advantage Fund  
Hybrid,Nippon India,Nippon India Aggressive Hybrid Fund  
Hybrid,Nippon India,Nippon India Equity Savings Fund  
Hybrid,Nippon India,Nippon India Arbitrage Fund  
Hybrid,Nippon India,Nippon India Conservative Hybrid Fund  
Hybrid,Nippon India,Nippon India Multi Asset Allocation Fund  
Equity ,Nippon India,Nippon India Index Fund - Nifty 50 Plan  
Equity ,Nippon India,Nippon India Index Fund - BSE Sensex Plan  
Equity ,Nippon India,Nippon India Nifty Smallcap 250 Index Fund  
Equity ,Nippon India,Nippon India Nifty Midcap 150 Index Fund  
Equity ,Nippon India,Nippon India Nifty 50 Value 20 Index Fund  
Equity ,Nippon India,Nippon India Nifty Alpha Low Volatility 30 Index Fund  
Equity ,Nippon India,Nippon India Nifty Bank Index Fund  
Equity ,Nippon India,Nippon India Nifty IT Index Fund  
Equity ,Nippon India,Nippon India Nifty 500 Equal Weight Index Fund  
Equity ,Nippon India,Nippon India Nifty 500 Momentum 50 Index Fund  
Equity ,Nippon India,Nippon India Nifty Auto Index Fund  
Equity ,Nippon India,Nippon India Nifty Realty Index Fund  
Equity ,Nippon India,Nippon India Nifty 500 Low Volatility 50 Index Fund  
Equity ,Nippon India,Nippon India Nifty 500 Quality 50 Index Fund  
Equity ,Nippon India,Nippon India BSE Sensex Next 30 Index Fund  
Equity ,Nippon India,Nippon India Nifty India Manufacturing Index Fund  
Debt,Nippon India,Nippon India Nifty AAA CPSE Bond Plus SDL - Apr 2027 Maturity 60:40 Index Fund  
Debt,Nippon India,Nippon India Nifty AAA PSU Bond Plus SDL - Sep 2026 Maturity 50:50 Index Fund  
Debt,Nippon India,Nippon India Nifty SDL Plus G-Sec - Jun 2028 Maturity 70:30 Index Fund  
Debt,Nippon India,Nippon India Nifty G-Sec Sep 2027 Maturity Index Fund  
Debt,Nippon India,Nippon India Nifty G-Sec Jun 2036 Maturity Index Fund  
Debt,Nippon India,Nippon India Nifty SDL Plus G-Sec - Jun 2029 Maturity 70:30 Index Fund  
Debt,Nippon India,Nippon India Nifty G-Sec Oct 2028 Maturity Index Fund  
Debt,Nippon India,Nippon India CRISIL-IBX AAA Financial Services - Dec 2026 Index Fund  
Debt,Nippon India,Nippon India CRISIL-IBX AAA Financial Services - Jan 2028 Index Fund  
Equity ,Nippon India,Nippon India ETF Nifty 50 BeES  
Equity ,Nippon India,Nippon India ETF BSE Sensex  
Equity ,Nippon India,Nippon India ETF Nifty 50 Value 20  
Equity ,Nippon India,Nippon India ETF Nifty Next 50 Junior BeES  
Equity ,Nippon India,Nippon India ETF Nifty 100  
Equity ,Nippon India,Nippon India ETF Nifty India Consumption  
Equity ,Nippon India,Nippon India ETF Nifty Dividend Opportunities 50  
Equity ,Nippon India,Nippon India ETF Nifty Infrastructure BeES  
Equity ,Nippon India,Nippon India ETF Nifty Bank BeES  
Equity ,Nippon India,Nippon India ETF Nifty PSU Bank BeES  
Equity ,Nippon India,Nippon India ETF Nifty 50 Shariah BeES  
Equity ,Nippon India,Nippon India ETF Nifty Midcap 150  
Equity ,Nippon India,Nippon India ETF Hang Seng BeES  
Equity ,Nippon India,Nippon India ETF BSE Sensex Next 50  
Equity ,Nippon India,Nippon India ETF Nifty IT  
Equity ,Nippon India,Nippon India Nifty Pharma ETF  
Equity ,Nippon India,Nippon India Nifty Auto ETF  
Equity ,Nippon India,CPSE ETF  
Equity ,Nippon India,Nippon India BSE Sensex Next 30 ETF  
Equity ,Nippon India,Nippon India Nifty India Manufacturing ETF  
Debt,Nippon India,Nippon India ETF Nifty 1D Rate Liquid BeES  
Debt,Nippon India,Nippon India Nifty 1D Rate Liquid ETF - Growth  
Debt,Nippon India,Nippon India ETF Nifty 8-13 yr G-Sec Long Term Gilt  
Debt,Nippon India,Nippon India ETF Nifty SDL Apr 2026 Top 20 Equal Weight  
Debt,Nippon India,Nippon India ETF Nifty 5 yr Benchmark G-Sec  
Others,Nippon India,Nippon India Silver ETF  
Others,Nippon India,Nippon India ETF Gold BeES  
Others,Nippon India,Nippon India Gold Savings Fund  
Equity ,Nippon India,Nippon India Nifty Next 50 Junior BeES FoF  
Equity ,Nippon India,Nippon India Diversified Equity Flexicap Passive FoF  
Hybrid,Nippon India,Nippon India Multi - Asset Omni FoF  
Hybrid,Nippon India,Nippon India Income Plus Arbitrage Active Fund of Fund  
Others,Nippon India,Nippon India Silver ETF Fund of Fund (FOF)  
Hybrid,Nippon India,Nippon India Retirement Fund - Income Generation Scheme  
Hybrid,Nippon India,Nippon India Retirement Fund - Wealth Creation Scheme  
Hybrid,NJ,NJ Balanced Advantage Fund  
Equity ,NJ,NJ Flexi Cap Fund  
Equity ,NJ,NJ ELSS Tax Saver Scheme  
Hybrid,NJ,NJ Arbitrage Fund  
Debt,NJ,NJ Overnight Fund  
Equity ,Old Bridge,Old Bridge Focused Fund  
Hybrid,Old Bridge,Old Bridge Arbitrage Fund  
Equity ,Old Bridge,Old Bridge Flexi Cap Fund  
Equity ,PGIM India,PGIM India Large Cap Fund  
Equity ,PGIM India,PGIM India Flexi Cap Fund  
Equity ,PGIM India,PGIM India Large and Midcap Fund  
Equity ,PGIM India,PGIM India Multi Cap Fund  
Equity ,PGIM India,PGIM India Midcap Fund  
Equity ,PGIM India,PGIM India Small Cap Fund  
Equity ,PGIM India,PGIM India ELSS Tax Saver Fund  
Equity ,PGIM India,PGIM India HealthCare Fund  
Hybrid,PGIM India,PGIM India Retirement Fund  
Equity ,PGIM India,PGIM India Emerging Markets Equity Fund of Fund  
Equity ,PGIM India,PGIM India Global Equity Opportunities Fund of Fund  
Equity ,PGIM India,PGIM India Global Select Real Estate Securities Fund of Fund  
Hybrid,PGIM India,PGIM India Aggressive Hybrid Equity Fund  
Hybrid,PGIM India,PGIM India Arbitrage Fund  
Hybrid,PGIM India,PGIM India Equity Savings Fund  
Hybrid,PGIM India,PGIM India Balanced Advantage Fund  
Debt,PGIM India,PGIM India Overnight Fund  
Debt,PGIM India,PGIM India Liquid Fund  
Debt,PGIM India,PGIM India Ultra Short Duration Fund  
Debt,PGIM India,PGIM India Money Market Fund  
Debt,PGIM India,PGIM India Dynamic Bond Fund  
Debt,PGIM India,PGIM India Corporate Bond Fund  
Debt,PGIM India,PGIM India Gilt Fund  
Debt,PGIM India,PGIM India CRISIL IBX Gilt Index - Apr 2028 Fund  
Equity ,Parag Parikh,Parag Parikh Flexi Cap Fund  
Equity ,Parag Parikh,Parag Parikh ELSS Tax Saver Fund  
Hybrid,Parag Parikh,Parag Parikh Dynamic Asset Allocation Fund  
Hybrid,Parag Parikh,Parag Parikh Conservative Hybrid Fund  
Hybrid,Parag Parikh,Parag Parikh Arbitrage Fund  
Debt,Parag Parikh,Parag Parikh Liquid Fund  
Equity ,quant,quant Small Cap Fund  
Equity ,quant,quant ELSS Tax Saver Fund  
Equity ,quant,quant Multi Cap Fund  
Equity ,quant,quant Mid Cap Fund  
Equity ,quant,quant Flexi Cap Fund  
Equity ,quant,quant Large & Mid Cap Fund  
Equity ,quant,quant Infrastructure Fund  
Equity ,quant,quant Large Cap Fund  
Hybrid,quant,quant Aggressive Hybrid Fund  
Equity ,quant,quant Value Fund  
Equity ,quant,quant Quantamental Fund  
Equity ,quant,quant Momentum Fund  
Equity ,quant,quant Business Cycle Fund  
Hybrid,quant,quant Dynamic Asset Allocation Fund  
Equity ,quant,quant Focused Fund  
Equity ,quant,quant Manufacturing Fund  
Equity ,quant,quant BFSI Fund  
Equity ,quant,quant PSU Fund  
Equity ,quant,quant Healthcare Fund  
Equity ,quant,quant Commodities Fund  
Equity ,quant,quant Teck Fund  
Equity ,quant,quant ESG Integration Strategy Fund  
Equity ,quant,quant Consumption Fund  
Hybrid,quant,quant Arbitrage Fund  
Hybrid,quant,quant Equity Savings Fund  
Hybrid,quant,quant Multi Asset Allocation Fund  
Debt,quant,quant Liquid Fund  
Debt,quant,quant Gilt Fund  
Debt,quant,quant Overnight Fund  
Equity ,Quantum,Quantum Value Fund  
Equity ,Quantum,Quantum Small Cap Fund  
Equity ,Quantum,Quantum Ethical Fund  
Equity ,Quantum,Quantum ELSS Tax Saver Fund  
Equity ,Quantum,Quantum ESG Best In Class Strategy Fund  
Equity ,Quantum,Quantum Diversified Equity All Cap Active FOF  
Equity ,Quantum,Quantum Nifty 50 ETF Fund of Fund  
Equity ,Quantum,Quantum Nifty 50 ETF  
Hybrid,Quantum,Quantum Multi Asset Allocation Fund  
Hybrid,Quantum,Quantum Multi Asset Active FOF  
Others,Quantum,Quantum Gold Savings Fund  
Others,Quantum,Quantum Gold Fund  
Debt,Quantum,Quantum Dynamic Bond Fund  
Debt,Quantum,Quantum Liquid Fund  
Equity ,Samco,Samco Active Momentum Fund  
Hybrid,Samco,Samco Multi Asset Allocation Fund  
Equity ,Samco,Samco Flexicap Fund  
Equity ,Samco,Samco Multi Cap Fund  
Hybrid,Samco,Samco Dynamic Asset Allocation Fund  
Equity ,Samco,Samco Special Opportunities Fund  
Equity ,Samco,Samco Large & Mid Cap Fund  
Equity ,Samco,Samco Large Cap Fund  
Equity ,Samco,Samco ELSS Tax Saver Fund  
Debt,Samco,Samco Overnight Fund  
Hybrid,Samco,Samco Arbitrage Fund  
Equity ,SBI,SBI Large Cap Fund  
Equity ,SBI,SBI ESG Exclusionary Strategy Fund  
Equity ,SBI,SBI Flexicap Fund  
Equity ,SBI,SBI Multicap Fund  
Equity ,SBI,SBI Dividend Yield Fund  
Equity ,SBI,SBI Contra Fund  
Equity ,SBI,SBI Large & Midcap Fund  
Equity ,SBI,SBI Focused Fund  
Equity ,SBI,SBI MidCap Fund  
Equity ,SBI,SBI MNC Fund  
Equity ,SBI,SBI Small Cap Fund  
Equity ,SBI,SBI ELSS Tax Saver Fund  
Equity ,SBI,SBI Healthcare Opportunities Fund  
Equity ,SBI,SBI Banking And Financial Services Fund  
Equity ,SBI,SBI PSU Fund  
Equity ,SBI,SBI Comma Fund  
Equity ,SBI,SBI Infrastructure Fund  
Equity ,SBI,SBI Consumption Opportunities Fund  
Equity ,SBI,SBI Technology Opportunities Fund  
Equity ,SBI,SBI Equity Minimum Variance Fund  
Equity ,SBI,SBI US Specific Equity Active FoF  
Equity ,SBI,SBI Energy Opportunities Fund  
Equity ,SBI,SBI Automotive Opportunities Fund  
Equity ,SBI,SBI Innovative Opportunities Fund  
Equity ,SBI,SBI Quant Fund  
Hybrid,SBI,SBI Equity Hybrid Fund  
Hybrid,SBI,SBI Conservative Hybrid Fund  
Hybrid,SBI,SBI Multi Asset Allocation Fund  
Hybrid,SBI,SBI Magnum Children's Benefit Fund - Savings Plan  
Hybrid,SBI,SBI Equity Savings Fund  
Hybrid,SBI,SBI Arbitrage Opportunities Fund  
Hybrid,SBI,SBI Balanced Advantage Fund  
Hybrid,SBI,SBI Magnum Children’s Benefit Fund – Investment Plan  
Hybrid,SBI,SBI Income Plus Arbitrage Active FOF  
Hybrid,SBI,SBI Dynamic Asset Allocation Active FOF  
Hybrid,SBI,SBI Retirement Benefit Fund – Aggressive Plan  
Hybrid,SBI,SBI Retirement Benefit Fund – Aggressive Hybrid Plan  
Hybrid,SBI,SBI Retirement Benefit Fund – Conservative Hybrid Plan  
Hybrid,SBI,SBI Retirement Benefit Fund – Conservative Plan  
Debt,SBI,SBI Magnum Gilt Fund  
Debt,SBI,SBI Magnum Income Fund  
Debt,SBI,SBI Dynamic Bond Fund  
Debt,SBI,SBI Corporate Bond Fund  
Debt,SBI,SBI Credit Risk Fund  
Debt,SBI,SBI Magnum Medium Duration Fund  
Debt,SBI,SBI Short Term Debt Fund  
Debt,SBI,SBI Magnum Constant Maturity Fund  
Debt,SBI,SBI Magnum Low Duration Fund  
Debt,SBI,SBI Savings Fund  
Debt,SBI,SBI Banking and PSU Fund  
Debt,SBI,SBI Liquid Fund  
Debt,SBI,SBI Magnum Ultra Short Duration Fund  
Debt,SBI,SBI Floating Rate Debt Fund  
Debt,SBI,SBI Long Duration Fund  
Debt,SBI,SBI Overnight Fund  
Equity ,Sundaram,Sundaram Large Cap Fund  
Equity ,Sundaram,Sundaram Mid Cap Fund  
Equity ,Sundaram,Sundaram Small Cap Fund  
Equity ,Sundaram,Sundaram Large and Mid Cap Fund  
Equity ,Sundaram,Sundaram Multi Cap Fund  
Equity ,Sundaram,Sundaram Flexi Cap Fund  
Equity ,Sundaram,Sundaram Focused Fund  
Equity ,Sundaram,Sundaram ELSS Tax Saver Fund  
Equity ,Sundaram,Sundaram Dividend Yield Fund  
Equity ,Sundaram,Sundaram Multi-Factor Fund  
Equity ,Sundaram,Sundaram Consumption Fund  
Equity ,Sundaram,Sundaram Services Fund  
Equity ,Sundaram,Sundaram Infrastructure Advantage Fund  
Equity ,Sundaram,Sundaram Financial Services Opportunities Fund  
Equity ,Sundaram,Sundaram Business Cycle Fund  
Equity ,Sundaram,Sundaram Global Brand Theme - Equity Active FoF  
Equity ,Sundaram,Sundaram Nifty 100 Equal Weight Fund  
Hybrid,Sundaram,Sundaram Aggressive Hybrid Fund  
Hybrid,Sundaram,Sundaram Equity Savings Fund  
Hybrid,Sundaram,Sundaram Balanced Advantage Fund  
Hybrid,Sundaram,Sundaram Multi Asset Allocation Fund  
Hybrid,Sundaram,Sundaram Arbitrage Fund  
Equity ,Sundaram,Sundaram Value Fund  
Equity ,Sundaram,Sundaram Long Term Tax Advantage Fund Series II-IV  
Equity ,Sundaram,Sundaram Long Term Micro Cap Tax Advantage Fund - Series III - VI  
Debt,Sundaram,Sundaram Liquid Fund  
Debt,Sundaram,Sundaram Overnight Fund  
Debt,Sundaram,Sundaram Ultra Short Duration Fund  
Debt,Sundaram,Sundaram Money Market Fund  
Debt,Sundaram,Sundaram Low Duration Fund  
Debt,Sundaram,Sundaram Banking & PSU Fund  
Debt,Sundaram,Sundaram Short Duration Fund  
Debt,Sundaram,Sundaram Medium Duration Fund  
Debt,Sundaram,Sundaram Corporate Bond Fund  
Hybrid,Sundaram,Sundaram Conservative Hybrid Fund  
Equity ,Taurus,TAURUS FLEXI CAP FUND  
Equity ,Taurus,TAURUS ETHICAL FUND  
Equity ,Taurus,Taurus Mid Cap Fund  
Equity ,Taurus,TAURUS ELSS TAX SAVER FUND  
Equity ,Taurus,TAURUS LARGE CAP FUND  
Equity ,Taurus,TAURUS BANKING & FINANCIAL SERVICES FUND  
Equity ,Taurus,TAURUS INFRASTRUCTURE FUND  
Equity ,Taurus,TAURUS NIFTY 50 INDEX FUND  
Equity ,Trust,TRUSTMF Flexi Cap Fund  
Equity ,Trust,TRUSTMF Small Cap Fund  
Equity ,Trust,TRUSTMF Multi Cap Fund  
Hybrid,Trust,TRUSTMF Arbitrage Fund  
Debt,Trust,TRUSTMF Banking & PSU Fund  
Debt,Trust,TRUSTMF Corporate Bond Fund  
Debt,Trust,TRUSTMF Short Duration Fund  
Debt,Trust,TRUSTMF Money Market Fund  
Debt,Trust,TRUSTMF Liquid Fund  
Debt,Trust,TRUSTMF Overnight Fund  
Hybrid,Unifi,Unifi Dynamic Asset Allocation Fund  
Equity ,Unifi,Unifi Flexi Cap Fund  
Debt,Unifi,Unifi Liquid Fund  
Equity ,Union,Union Flexi Cap Fund  
Equity ,Union,Union Multicap Fund  
Equity ,Union,Union Business Cycle Fund  
Equity ,Union,Union Focused Fund  
Equity ,Union,Union Midcap Fund  
Equity ,Union,Union Large & Midcap Fund  
Equity ,Union,Union Small Cap Fund  
Equity ,Union,Union Innovation & Opportunities Fund  
Equity ,Union,Union ELSS Tax Saver Fund  
Equity ,Union,Union Value Fund  
Equity ,Union,Union Largecap Fund  
Equity ,Union,Union Active Momentum Fund  
Hybrid,Union,Union Aggressive Hybrid Fund  
Hybrid,Union,Union Multi Asset Allocation Fund  
Hybrid,Union,Union Balanced Advantage Fund  
Hybrid,Union,Union Equity Savings Fund  
Hybrid,Union,Union Arbitrage Fund  
Others,Union,Union Gold ETF  
Others,Union,Union Gold ETF Fund of Fund  
Hybrid,Union,Union Income Plus Arbitrage Active FOF  
Equity ,Union,Union Diversified Equity All Cap Active FOF  
Hybrid,Union,Union Retirement Fund  
Hybrid,Union,Union Children’s Fund  
Debt,Union,Union Corporate Bond Fund  
Debt,Union,Union Dynamic Bond Fund  
Debt,Union,Union Gilt Fund  
Debt,Union,Union Short Duration Fund  
Debt,Union,Union Money Market Fund  
Debt,Union,Union Low Duration Fund  
Debt,Union,Union Liquid Fund  
Debt,Union,Union Overnight Fund  
Equity ,UTI,UTI Large Cap Fund  
Equity ,UTI,UTI Mid Cap Fund  
Equity ,UTI,UTI Small Cap Fund  
Equity ,UTI,UTI Large & Mid Cap Fund  
Equity ,UTI,UTI Value Fund  
Equity ,UTI,UTI ELSS Tax Saver Fund  
Equity ,UTI,UTI Focused Fund  
Equity ,UTI,UTI Flexi Cap Fund  
Equity ,UTI,UTI Multi Cap Fund  
Equity ,UTI,UTI Innovation Fund  
Equity ,UTI,UTI Dividend Yield Fund  
Equity ,UTI,UTI MNC Fund  
Equity ,UTI,UTI India Consumer Fund  
Equity ,UTI,UTI Infrastructure Fund  
Equity ,UTI,UTI Banking & Financial Services Fund  
Equity ,UTI,UTI Healthcare Fund  
Equity ,UTI,UTI Transportation & Logistics Fund  
Equity ,UTI,UTI Quant Fund  
Hybrid,UTI,UTI Income Plus Arbitrage Active Fund Of Fund  
Hybrid,UTI,UTI Balanced Advantage Fund  
Hybrid,UTI,UTI Multi Asset Allocation Fund  
Hybrid,UTI,UTI Aggressive Hybrid Fund  
Hybrid,UTI,UTI Equity Savings Fund  
Hybrid,UTI,UTI Arbitrage Fund  
Hybrid,UTI,UTI Conservative Hybrid Fund  
Hybrid,UTI,UTI Children’s Equity Fund  
Hybrid,UTI,UTI Children’s Hybrid Fund  
Hybrid,UTI,UTI Retirement Fund  
Hybrid,UTI,UTI Unit Linked Insurance Plan  
Debt,UTI,UTI Overnight Fund  
Debt,UTI,UTI Liquid Fund  
Debt,UTI,UTI Money Market Fund  
Debt,UTI,UTI Ultra Short Duration Fund  
Debt,UTI,UTI Low Duration Fund  
Debt,UTI,UTI Short Duration Fund  
Debt,UTI,UTI Medium Duration Fund  
Debt,UTI,UTI Medium to Long Duration Fund  
Debt,UTI,UTI Long Duration Fund  
Debt,UTI,UTI Floater Fund  
Debt,UTI,UTI Banking & PSU Fund  
Debt,UTI,UTI Corporate Bond Fund  
Debt,UTI,UTI Dynamic Bond Fund  
Debt,UTI,UTI Credit Risk Fund  
Debt,UTI,UTI Gilt Fund  
Debt,UTI,UTI Gilt Fund With 10 Year Constant Duration  
Equity ,WhiteOak Capital,WhiteOak Capital Flexi Cap Fund  
Equity ,WhiteOak Capital,WhiteOak Capital Mid Cap Fund  
Equity ,WhiteOak Capital,WhiteOak Capital ELSS Tax Saver Fund  
Equity ,WhiteOak Capital,WhiteOak Capital Large Cap Fund  
Equity ,WhiteOak Capital,WhiteOak Capital Large & Mid Cap Fund  
Equity ,WhiteOak Capital,WhiteOak Capital Multi Cap Fund  
Equity ,WhiteOak Capital,WhiteOak Capital Pharma and Healthcare Fund  
Equity ,WhiteOak Capital,WhiteOak Capital Banking & Financial Services Fund  
Equity ,WhiteOak Capital,WhiteOak Capital Special Opportunities Fund  
Equity ,WhiteOak Capital,WhiteOak Capital ESG Best-In-Class Strategy Fund  
Equity ,WhiteOak Capital,WhiteOak Capital Digital Bharat Fund  
Equity ,WhiteOak Capital,WhiteOak Capital Quality Equity Fund  
Hybrid,WhiteOak Capital,WhiteOak Capital Balanced Advantage Fund  
Hybrid,WhiteOak Capital,WhiteOak Capital Multi Asset Allocation Fund  
Hybrid,WhiteOak Capital,WhiteOak Capital Balanced Hybrid Fund  
Hybrid,WhiteOak Capital,WhiteOak Capital Arbitrage Fund  
Hybrid,WhiteOak Capital,WhiteOak Capital Equity Savings Fund  
Debt,WhiteOak Capital,WhiteOak Capital Liquid Fund  
Debt,WhiteOak Capital,WhiteOak Capital Ultra Short Duration Fund  