Fund Name,Category,Subcategory,ISIN,Scheme Code,Plan,1Y Return (%),3Y Return (%),5Y Return (%),Benchmark Name,Benchmark 1Y (%),Benchmark 3Y (%),Benchmark 5Y (%),Alpha,Beta,Sharpe Ratio,Std Dev,Mean Return (%),YTM (%),Modified Duration (yrs),Avg Credit Rating,Avg Maturity (yrs),Top Holdings Count,Fund URL,Alpha Score (12),Sharpe Score (12),Std Dev Score (6),Beta Score (6),Sortino Score (4),Total Score (40),Risk Label
360 ONE Gold ETF,commodity,Commodities: Gold,INF579M01BB5,153357,Direct,42.34,,,Domestic Prices of Gold,47.23,,,,,,,,,,,,1,https://www.valueresearchonline.com/funds/44993/,N/A,N/A,N/A,N/A,N/A,,Insufficient Data
ABSL Gold ETF,commodity,Commodities: Gold,INF209K01YU5,120546,Direct,43.4,32.93,23.4,Domestic Prices of Gold,47.23,34.53,24.8,-0.51,0.98,1.28,19.58,30.77,,,,,1,https://www.valueresearchonline.com/funds/12631/,4,10,5,5,N/A,24,Low Risk
ABSL Gold Dir,commodity,Commodities: Gold,INF209K01YU5,120546,Direct,42.8,32.82,23.02,Domestic Prices of Gold,47.23,34.53,24.8,-0.42,0.97,1.28,19.52,30.71,,,,,1,https://www.valueresearchonline.com/funds/15842/,4,10,5,5,N/A,24,Low Risk
Angel One Gold ETF FoF Dir,commodity,Commodities: Gold,INF1J2R01098,153829,Direct,,,,Domestic Prices of Gold,,,,,,,,,,,,,1,https://www.valueresearchonline.com/funds/45470/,N/A,N/A,N/A,N/A,N/A,,Insufficient Data
Angel One Gold ETF Reg,commodity,Commodities: Gold,INF1J2R01114,153826,Direct,,,,Domestic Prices of Gold,,,,,,,,,,,,,1,https://www.valueresearchonline.com/funds/45466/,N/A,N/A,N/A,N/A,N/A,,Insufficient Data
Axis Gold and Silver Passive FoF Dir,commodity,Commodities: Gold,INF846KA1408,154078,Direct,,,,Commodities: Gold & Silver,,,,,,,,,,,,,2,https://www.valueresearchonline.com/funds/45710/,N/A,N/A,N/A,N/A,N/A,,Insufficient Data
Axis Gold ETF,commodity,Commodities: Gold,INF846K01W80,113434,Direct,43.04,32.92,23.4,Domestic Prices of Gold,47.23,34.53,24.8,-0.44,0.97,1.27,19.64,30.76,,,,,1,https://www.valueresearchonline.com/funds/11669/,4,10,5,5,N/A,24,Low Risk
Axis Gold Dir,commodity,Commodities: Gold,INF846KA1408,154078,Direct,41.91,32.36,22.94,Domestic Prices of Gold,47.23,34.53,24.8,2.17,0.84,1.39,17.42,30.01,,,,,1,https://www.valueresearchonline.com/funds/15686/,8,10,5,2,N/A,25,Low Risk
Bandhan Gold ETF,commodity,Commodities: Gold,INF194KB1KJ7,153930,Direct,,,,Domestic Prices of Gold,,,,,,,,,,,,,1,https://www.valueresearchonline.com/funds/45672/,N/A,N/A,N/A,N/A,N/A,,Insufficient Data
Bandhan Gold ETF FoF Dir,commodity,Commodities: Gold,INF194KB1KL3,153876,Direct,,,,Domestic Prices of Gold,,,,,,,,,,,,,1,https://www.valueresearchonline.com/funds/45732/,N/A,N/A,N/A,N/A,N/A,,Insufficient Data
Baroda BNP Paribas Gold ETF,commodity,Commodities: Gold,INF251K01SU9,152231,Direct,42.75,,,Domestic Prices of Gold,47.23,,,,,,,,,,,,1,https://www.valueresearchonline.com/funds/43930/,N/A,N/A,N/A,N/A,N/A,,Insufficient Data
Baroda BNP Paribas Gold ETF FoF Dir,commodity,Commodities: Gold,INF251K01VF4,153795,Direct,,,,Domestic Prices of Gold,,,,,,,,,,,,,1,https://www.valueresearchonline.com/funds/45422/,N/A,N/A,N/A,N/A,N/A,,Insufficient Data
Choice Gold ETF,commodity,Commodities: Gold,INF2KCX01012,153933,Direct,,,,Domestic Prices of Gold,,,,,,,,,,,,,1,https://www.valueresearchonline.com/funds/45571/,N/A,N/A,N/A,N/A,N/A,,Insufficient Data
DSP Gold ETF,commodity,Commodities: Gold,INF740KA1SW3,151737,Direct,43.22,32.88,,Domestic Prices of Gold,47.23,34.53,,-0.47,0.97,1.28,19.5,30.71,,,,,1,https://www.valueresearchonline.com/funds/43492/,4,10,5,5,N/A,24,Low Risk
DSP Gold ETF FoF Dir,commodity,Commodities: Gold,INF740KA1TK6,152183,Direct,42.25,,,Domestic Prices of Gold,47.23,,,,,,,,,,,,1,https://www.valueresearchonline.com/funds/43856/,N/A,N/A,N/A,N/A,N/A,,Insufficient Data
Edelweiss Gold and Silver ETF FoF Dir,commodity,Commodities: Gold,INF754K01OX5,152197,Direct,73.71,39.97,,Commodities: Gold & Silver,65.97,38.12,,,,,,,,,,,2,https://www.valueresearchonline.com/funds/42500/,N/A,N/A,N/A,N/A,N/A,,Insufficient Data
Edelweiss Gold ETF,commodity,Commodities: Gold,INF754K01SE6,152193,Direct,42.85,,,Domestic Prices of Gold,47.23,,,,,,,,,,,,1,https://www.valueresearchonline.com/funds/43879/,N/A,N/A,N/A,N/A,N/A,,Insufficient Data
Edelweiss Gold ETF FoF Dir,commodity,Commodities: Gold,INF754K01WP4,152195,Direct,,,,Domestic Prices of Gold,,,,,,,,,,,,,1,https://www.valueresearchonline.com/funds/45830/,N/A,N/A,N/A,N/A,N/A,,Insufficient Data
Groww Gold ETF,commodity,Commodities: Gold,INF666M01OE7,152957,Direct,42.64,,,Domestic Prices of Gold,47.23,,,,,,,,,,,,1,https://www.valueresearchonline.com/funds/44631/,N/A,N/A,N/A,N/A,N/A,,Insufficient Data
Groww Gold ETF FOF Dir,commodity,Commodities: Gold,INF666M01IX9,152959,Direct,40.87,,,Domestic Prices of Gold,47.23,,,,,,,,,,,,1,https://www.valueresearchonline.com/funds/44662/,N/A,N/A,N/A,N/A,N/A,,Insufficient Data
HDFC Gold ETF,commodity,Commodities: Gold,INF179KC1981,113049,Direct,43.14,32.61,23.33,Domestic Prices of Gold,47.23,34.53,24.8,-0.75,0.98,1.26,19.61,30.52,,,,,1,https://www.valueresearchonline.com/funds/11314/,4,10,5,5,N/A,24,Low Risk
HDFC Gold ETF Fund of Fund Dir,commodity,Commodities: Gold,INF179K01VX0,119132,Direct,42.24,32.67,23,Domestic Prices of Gold,47.23,34.53,24.8,0.98,0.9,1.34,18.33,30.37,,,,,1,https://www.valueresearchonline.com/funds/16053/,6,10,5,4,N/A,25,Low Risk
HSBC Gold ETF,commodity,Commodities: Gold,INF336L01RX2,154294,Direct,,,,Domestic Prices of Gold,,,,,,,,,,,,,1,https://www.valueresearchonline.com/funds/45919/,N/A,N/A,N/A,N/A,N/A,,Insufficient Data
HSBC Gold ETF FoF Dir,commodity,Commodities: Gold,INF336L01SB6,154295,Direct,,,,Domestic Prices of Gold,,,,,,,,,,,,,1,https://www.valueresearchonline.com/funds/45929/,N/A,N/A,N/A,N/A,N/A,,Insufficient Data
ICICI Pru Gold ETF FoF Dir,commodity,Commodities: Gold,INF109K01U92,120685,Direct,42.64,32.8,23.1,Domestic Prices of Gold,47.23,34.53,24.8,-0.09,0.95,1.29,19.19,30.62,,,,,1,https://www.valueresearchonline.com/funds/15858/,4,10,5,4,N/A,23,Moderate Risk
ICICI Pru Gold ETF,commodity,Commodities: Gold,INF109KA1301,120537,Direct,43.35,33.04,23.45,Domestic Prices of Gold,47.23,34.53,24.8,-0.24,0.97,1.28,19.53,30.84,,,,,1,https://www.valueresearchonline.com/funds/11347/,4,10,5,5,N/A,24,Low Risk
Invesco India Gold ETF,commodity,Commodities: Gold,INF205K01FA4,120529,Direct,42.85,33,23.46,Domestic Prices of Gold,47.23,34.53,24.8,-1.69,1.03,1.21,20.79,31.01,,,,,0,https://www.valueresearchonline.com/funds/10862/,4,10,4,5,N/A,23,Moderate Risk
Invesco India Gold ETF FoF Dir,commodity,Commodities: Gold,INF205K01NJ9,120531,Direct,41.55,32.11,22.75,Domestic Prices of Gold,47.23,34.53,24.8,0.74,0.9,1.33,18.12,29.95,,,,,1,https://www.valueresearchonline.com/funds/16767/,6,10,5,4,N/A,25,Low Risk
Kotak Gold ETF,commodity,Commodities: Gold,INF174KA1HJ8,106193,Direct,43.19,32.92,23.36,Domestic Prices of Gold,47.23,34.53,24.8,-0.34,0.97,1.28,19.53,30.75,,,,,1,https://www.valueresearchonline.com/funds/5341/,4,10,5,5,N/A,24,Low Risk
Kotak Gold Dir,commodity,Commodities: Gold,INF174K01AT3,114758,Direct,42.42,32.84,22.89,Domestic Prices of Gold,47.23,34.53,24.8,2.54,0.84,1.41,17.4,30.36,,,,,1,https://www.valueresearchonline.com/funds/16358/,8,10,5,2,N/A,25,Low Risk
Kotak Gold Silver Passive FoF Dir,commodity,Commodities: Gold,INF174KA1XT4,152780,Direct,,,,Commodities: Gold & Silver,,,,,,,,,,,,,2,https://www.valueresearchonline.com/funds/45551/,N/A,N/A,N/A,N/A,N/A,,Insufficient Data
LIC MF Gold ETF,commodity,Commodities: Gold,INF767K01RE0,153316,Direct,43.78,33.25,23.78,Domestic Prices of Gold,47.23,34.53,24.8,1.35,0.91,1.34,18.71,30.9,,,,,1,https://www.valueresearchonline.com/funds/13461/,6,10,5,4,N/A,25,Low Risk
LIC MF Gold ETF FoF Dir,commodity,Commodities: Gold,INF397L01BU4,151976,Direct,41.92,32.53,23.09,Domestic Prices of Gold,47.23,34.53,24.8,0.44,0.93,1.3,19,30.42,,,,,1,https://www.valueresearchonline.com/funds/16496/,6,10,5,4,N/A,25,Low Risk
Mirae Asset Gold ETF,commodity,Commodities: Gold,INF769K01JP9,151416,Direct,43.13,32.96,,Domestic Prices of Gold,47.23,34.53,,-0.16,0.96,1.29,19.4,30.75,,,,,1,https://www.valueresearchonline.com/funds/43168/,4,10,5,5,N/A,24,Low Risk
Mirae Asset Gold ETF FoF Dir,commodity,Commodities: Gold,INF769K01MV1,153007,Direct,42.22,,,Domestic Prices of Gold,47.23,,,,,,,,,,,,1,https://www.valueresearchonline.com/funds/44666/,N/A,N/A,N/A,N/A,N/A,,Insufficient Data
Mirae Asset Gold Silver Passive FoF Dir,commodity,Commodities: Gold,INF769K01PM3,153812,Direct,,,,Commodities: Gold & Silver,,,,,,,,,,,,,2,https://www.valueresearchonline.com/funds/45451/,N/A,N/A,N/A,N/A,N/A,,Insufficient Data
Motilal Oswal Gold and Silver Passive FoF Dir,commodity,Commodities: Gold,INF247L01BM8,150642,Direct,58.23,36.26,,Commodities: Gold & Silver,65.97,38.12,,,,,,,,,,,2,https://www.valueresearchonline.com/funds/42571/,N/A,N/A,N/A,N/A,N/A,,Insufficient Data
Motilal Oswal Gold ETF,commodity,Commodities: Gold,INF247L01FY4,153780,Direct,,,,Domestic Prices of Gold,,,,,,,,,,,,,1,https://www.valueresearchonline.com/funds/45416/,N/A,N/A,N/A,N/A,N/A,,Insufficient Data
Nippon India ETF Gold BeES,commodity,Commodities: Gold,INF204KB17I5,140088,Direct,42.91,32.71,23.02,Domestic Prices of Gold,47.23,34.53,24.8,-0.54,0.97,1.27,19.57,30.59,,,,,1,https://www.valueresearchonline.com/funds/4957/,4,10,5,5,N/A,24,Low Risk
Nippon India Gold Savings Dir,commodity,Commodities: Gold,INF204K01YD2,118662,Direct,42.21,32.53,22.87,Domestic Prices of Gold,47.23,34.53,24.8,-0.79,0.98,1.26,19.57,30.46,,,,,1,https://www.valueresearchonline.com/funds/16080/,4,10,5,5,N/A,24,Low Risk
Quantum Gold,commodity,Commodities: Gold,INF082J01358,118134,Direct,43.97,32.94,23.34,Domestic Prices of Gold,47.23,34.53,24.8,-0.99,1,1.24,20.15,30.87,,,,,1,https://www.valueresearchonline.com/funds/6695/,4,10,4,6,N/A,24,Low Risk
Quantum Gold Savings Dir,commodity,Commodities: Gold,INF082J01150,115132,Direct,42.99,32.88,23.11,Domestic Prices of Gold,47.23,34.53,24.8,1.68,0.88,1.38,17.94,30.48,,,,,1,https://www.valueresearchonline.com/funds/12683/,8,10,5,3,N/A,26,Low Risk
SBI Gold ETF,commodity,Commodities: Gold,INF200KA16D8,111954,Direct,43.04,32.72,23.26,Domestic Prices of Gold,47.23,34.53,24.8,-0.62,0.97,1.26,19.66,30.61,,,,,1,https://www.valueresearchonline.com/funds/10382/,4,10,5,5,N/A,24,Low Risk
SBI Gold Dir,commodity,Commodities: Gold,INF200K01RN3,119789,Direct,42.49,32.83,23.22,Domestic Prices of Gold,47.23,34.53,24.8,0.93,0.91,1.34,18.41,30.49,,,,,1,https://www.valueresearchonline.com/funds/16207/,6,10,5,4,N/A,25,Low Risk
Tata Gold ETF,commodity,Commodities: Gold,INF277K01PR6,112277,Direct,42.98,,,Domestic Prices of Gold,47.23,,,,,,,,,,,,1,https://www.valueresearchonline.com/funds/44015/,N/A,N/A,N/A,N/A,N/A,,Insufficient Data
Tata Gold ETF FoF Dir,commodity,Commodities: Gold,INF277KA1901,152289,Direct,41.08,,,Domestic Prices of Gold,47.23,,,,,,,,,,,,1,https://www.valueresearchonline.com/funds/44018/,N/A,N/A,N/A,N/A,N/A,,Insufficient Data
The Wealth Company Gold ETF,commodity,Commodities: Gold,INF2F0001370,154092,Direct,,,,Domestic Prices of Gold,,,,,,,,,,,,,1,https://www.valueresearchonline.com/funds/45711/,N/A,N/A,N/A,N/A,N/A,,Insufficient Data
The Wealth Company Gold ETF FoF Dir,commodity,Commodities: Gold,INF2F0001412,154093,Direct,,,,Domestic Prices of Gold,,,,,,,,,,,,,1,https://www.valueresearchonline.com/funds/45759/,N/A,N/A,N/A,N/A,N/A,,Insufficient Data
Union Gold ETF,commodity,Commodities: Gold,INF582M01KS4,153337,Direct,42.74,,,Domestic Prices of Gold,47.23,,,,,,,,,,,,1,https://www.valueresearchonline.com/funds/44978/,N/A,N/A,N/A,N/A,N/A,,Insufficient Data
Union Gold ETF FoF Dir,commodity,Commodities: Gold,INF582M01LA0,153340,Direct,41.23,,,Domestic Prices of Gold,47.23,,,,,,,,,,,,1,https://www.valueresearchonline.com/funds/44981/,N/A,N/A,N/A,N/A,N/A,,Insufficient Data
UTI Gold ETF FoF Dir,commodity,Commodities: Gold,INF789F1AWB9,150716,Direct,43,33.21,,Domestic Prices of Gold,47.23,34.53,,3.63,0.81,1.45,17.12,30.58,,,,,1,https://www.valueresearchonline.com/funds/42640/,10,10,5,2,N/A,27,Low Risk
UTI Gold ETF,commodity,Commodities: Gold,INF843K01377,152986,Direct,43.29,33.33,23.51,Domestic Prices of Gold,47.23,34.53,24.8,-0.55,0.99,1.27,19.98,31.15,,,,,1,https://www.valueresearchonline.com/funds/4954/,4,10,5,6,N/A,25,Low Risk
Zerodha Gold ETF,commodity,Commodities: Gold,INF0R8F01042,152476,Direct,43.18,,,Domestic Prices of Gold,47.23,,,,,,,,,,,,1,https://www.valueresearchonline.com/funds/44177/,N/A,N/A,N/A,N/A,N/A,,Insufficient Data
Zerodha Gold ETF FoF Dir,commodity,Commodities: Gold,INF0R8F01083,152478,Direct,42.22,,,Domestic Prices of Gold,47.23,,,,,,,,,,,,1,https://www.valueresearchonline.com/funds/44674/,N/A,N/A,N/A,N/A,N/A,,Insufficient Data
360 ONE Silver ETF,commodity,Commodities: Silver,INF579M01BC3,153415,Direct,105.38,,,Domestic Prices of Silver,112.94,,,,,,,,,,,,1,https://www.valueresearchonline.com/funds/45054/,N/A,N/A,N/A,N/A,N/A,,Insufficient Data
ABSL Silver ETF,commodity,Commodities: Silver,INF209KB19F6,153433,Direct,106.2,46.22,,Domestic Prices of Silver,112.94,48.78,,-1.11,0.99,0.96,43.06,46.98,,,,,1,https://www.valueresearchonline.com/funds/42016/,4,6,1,6,N/A,17,Moderately High Risk
ABSL Silver ETF FoF Dir,commodity,Commodities: Silver,INF209KB16F2,149780,Direct,102.08,45.41,,Domestic Prices of Silver,112.94,48.78,,2.37,0.85,1.03,37.62,44.57,,,,,1,https://www.valueresearchonline.com/funds/42019/,8,8,1,2,N/A,19,Moderate Risk
Angel One Silver ETF,commodity,Commodities: Silver,INF1J2R01171,154205,Direct,,,,Domestic Prices of Silver,,,,,,,,,,,,,1,https://www.valueresearchonline.com/funds/45828/,N/A,N/A,N/A,N/A,N/A,,Insufficient Data
Angel One Silver ETF FoF Dir,commodity,Commodities: Silver,INF1J2R01155,154206,Direct,,,,Domestic Prices of Silver,,,,,,,,,,,,,1,https://www.valueresearchonline.com/funds/45827/,N/A,N/A,N/A,N/A,N/A,,Insufficient Data
Axis Silver ETF,commodity,Commodities: Silver,INF846K01XZ3,151915,Direct,105.8,46.59,,Domestic Prices of Silver,112.94,48.78,,-0.74,0.98,0.96,42.93,47.15,,,,,1,https://www.valueresearchonline.com/funds/42522/,4,6,1,5,N/A,16,Moderately High Risk
Axis Silver FoF Dir,commodity,Commodities: Silver,INF846KA1408,154078,Direct,102.59,45.66,,Domestic Prices of Silver,112.94,48.78,,2.81,0.84,1.04,37.25,44.64,,,,,1,https://www.valueresearchonline.com/funds/42525/,8,8,1,2,N/A,19,Moderate Risk
Bandhan Silver ETF,commodity,Commodities: Silver,INF194KB1KI9,153929,Direct,,,,Domestic Prices of Silver,,,,,,,,,,,,,1,https://www.valueresearchonline.com/funds/45671/,N/A,N/A,N/A,N/A,N/A,,Insufficient Data
Bandhan Silver ETF FoF Dir,commodity,Commodities: Silver,INF194KB1KN9,154136,Direct,,,,Domestic Prices of Silver,,,,,,,,,,,,,1,https://www.valueresearchonline.com/funds/45734/,N/A,N/A,N/A,N/A,N/A,,Insufficient Data
DSP Silver ETF,commodity,Commodities: Silver,INF740KA1WB5,151862,Direct,106.14,46.51,,Domestic Prices of Silver,112.94,48.78,,-0.93,0.99,0.96,43.09,47.2,,,,,1,https://www.valueresearchonline.com/funds/42419/,4,6,1,6,N/A,17,Moderately High Risk
DSP Silver ETF FoF Dir,commodity,Commodities: Silver,INF740KA1VZ0,152184,Direct,102.83,,,Domestic Prices of Silver,112.94,,,,,,,,,,,,1,https://www.valueresearchonline.com/funds/45137/,N/A,N/A,N/A,N/A,N/A,,Insufficient Data
Edelweiss Silver ETF,commodity,Commodities: Silver,INF754K01WN2,153690,Direct,105.57,,,Domestic Prices of Silver,112.94,,,,,,,,,,,,1,https://www.valueresearchonline.com/funds/43921/,N/A,N/A,N/A,N/A,N/A,,Insufficient Data
Edelweiss Silver ETF FoF Dir,commodity,Commodities: Silver,INF754K01OX5,152197,Direct,,,,Domestic Prices of Silver,,,,,,,,,,,,,1,https://www.valueresearchonline.com/funds/45702/,N/A,N/A,N/A,N/A,N/A,,Insufficient Data
Groww Silver ETF,commodity,Commodities: Silver,INF666M01OF5,152965,Direct,104.61,,,Domestic Prices of Silver,112.94,,,,,,,,,,,,1,https://www.valueresearchonline.com/funds/45150/,N/A,N/A,N/A,N/A,N/A,,Insufficient Data
Groww Silver ETF FoF Dir,commodity,Commodities: Silver,INF666M01JA0,152963,Direct,97.7,,,Domestic Prices of Silver,112.94,,,,,,,,,,,,1,https://www.valueresearchonline.com/funds/45153/,N/A,N/A,N/A,N/A,N/A,,Insufficient Data
HDFC Silver ETF,commodity,Commodities: Silver,INF179KC1DN1,151857,Direct,105.33,46.28,,Domestic Prices of Silver,112.94,48.78,,-1.24,1,0.95,43.72,47.3,,,,,1,https://www.valueresearchonline.com/funds/42489/,4,6,1,6,N/A,17,Moderately High Risk
HDFC Silver ETF FoF Dir,commodity,Commodities: Silver,INF179KC1DU7,151859,Direct,102.36,45.54,,Domestic Prices of Silver,112.94,48.78,,0.96,0.9,1,39.41,45.32,,,,,1,https://www.valueresearchonline.com/funds/42666/,6,8,1,4,N/A,19,Moderate Risk
ICICI Pru Silver ETF,commodity,Commodities: Silver,INF109KC1Y56,147518,Direct,106.37,46.69,,Domestic Prices of Silver,112.94,48.78,,-0.63,0.98,0.97,42.8,47.18,,,,,1,https://www.valueresearchonline.com/funds/41982/,4,6,1,5,N/A,16,Moderately High Risk
ICICI Pru Silver ETF FoF Dir,commodity,Commodities: Silver,INF109KC1Y98,149775,Direct,101.96,45.56,,Domestic Prices of Silver,112.94,48.78,,3.27,0.83,1.05,36.78,44.46,,,,,1,https://www.valueresearchonline.com/funds/42023/,10,8,1,2,N/A,21,Moderate Risk
Kotak Silver ETF,commodity,Commodities: Silver,INF174KA1HW6,151860,Direct,106.02,46.52,,Domestic Prices of Silver,112.94,48.78,,-0.71,0.98,0.96,42.73,47.04,,,,,1,https://www.valueresearchonline.com/funds/42858/,4,6,1,5,N/A,16,Moderately High Risk
Kotak Silver ETF FoF Dir,commodity,Commodities: Silver,INF174KA1XT4,152780,Direct,103.98,45.56,,Domestic Prices of Silver,112.94,48.78,,3.14,0.83,1.05,36.86,44.4,,,,,1,https://www.valueresearchonline.com/funds/43295/,10,8,1,2,N/A,21,Moderate Risk
Mirae Asset Silver ETF,commodity,Commodities: Silver,INF769K01PL5,153810,Direct,105.77,46.46,,Domestic Prices of Silver,112.94,48.78,,-0.64,0.97,0.97,42.55,46.93,,,,,1,https://www.valueresearchonline.com/funds/43544/,4,6,1,5,N/A,16,Moderately High Risk
Mirae Asset Silver ETF FoF Dir,commodity,Commodities: Silver,INF769K01PM3,153812,Direct,,,,Domestic Prices of Silver,,,,,,,,,,,,,1,https://www.valueresearchonline.com/funds/45902/,N/A,N/A,N/A,N/A,N/A,,Insufficient Data
Motilal Oswal Silver ETF,commodity,Commodities: Silver,INF247L01GA4,153782,Direct,,,,Domestic Prices of Silver,,,,,,,,,,,,,1,https://www.valueresearchonline.com/funds/45453/,N/A,N/A,N/A,N/A,N/A,,Insufficient Data
Nippon India Silver ETF,commodity,Commodities: Silver,INF204KB18I3,147516,Direct,105.6,46.29,,Domestic Prices of Silver,112.94,48.78,,-0.82,0.98,0.96,42.65,46.85,,,,,1,https://www.valueresearchonline.com/funds/41984/,4,6,1,5,N/A,16,Moderately High Risk
Nippon India Silver ETF FoF Dir,commodity,Commodities: Silver,INF204KC1378,147519,Direct,102.16,45.33,,Domestic Prices of Silver,112.94,48.78,,-1.59,0.98,0.94,42.86,46.24,,,,,1,https://www.valueresearchonline.com/funds/41987/,4,6,1,5,N/A,16,Moderately High Risk
SBI Silver ETF,commodity,Commodities: Silver,INF200K01RO1,152998,Direct,105.8,,,Domestic Prices of Silver,112.94,,,,,,,,,,,,1,https://www.valueresearchonline.com/funds/44407/,N/A,N/A,N/A,N/A,N/A,,Insufficient Data
SBI Silver ETF FoF Dir,commodity,Commodities: Silver,INF200K01RQ7,153000,Direct,105.16,,,Domestic Prices of Silver,112.94,,,,,,,,,,,,1,https://www.valueresearchonline.com/funds/44422/,N/A,N/A,N/A,N/A,N/A,,Insufficient Data
Tata Silver ETF,commodity,Commodities: Silver,INF277KA1984,152291,Direct,104.31,,,Domestic Prices of Silver,112.94,,,,,,,,,,,,1,https://www.valueresearchonline.com/funds/44020/,N/A,N/A,N/A,N/A,N/A,,Insufficient Data
Tata Silver ETF FoF Dir,commodity,Commodities: Silver,INF277KA1943,152293,Direct,98.85,,,Domestic Prices of Silver,112.94,,,,,,,,,,,,1,https://www.valueresearchonline.com/funds/44026/,N/A,N/A,N/A,N/A,N/A,,Insufficient Data
UTI Silver ETF,commodity,Commodities: Silver,INF789F1AYK6,151729,Direct,103.96,45.65,,Domestic Prices of Silver,112.94,48.78,,-1.06,0.97,0.96,42.47,46.4,,,,,1,https://www.valueresearchonline.com/funds/43485/,4,6,1,5,N/A,16,Moderately High Risk
UTI Silver ETF FoF Dir,commodity,Commodities: Silver,INF789F1AYL4,151731,Direct,102.67,45.49,,Domestic Prices of Silver,112.94,48.78,,2.81,0.84,1.04,37.26,44.53,,,,,1,https://www.valueresearchonline.com/funds/43487/,8,8,1,2,N/A,19,Moderate Risk
Zerodha Silver ETF,commodity,Commodities: Silver,INF0R8F01117,152477,Direct,105.58,,,Domestic Prices of Silver,112.94,,,,,,,,,,,,1,https://www.valueresearchonline.com/funds/45052/,N/A,N/A,N/A,N/A,N/A,,Insufficient Data
Zerodha Silver ETF FoF Dir,commodity,Commodities: Silver,INF0R8F01109,152479,Direct,,,,Domestic Prices of Silver,,,,,,,,,,,,,1,https://www.valueresearchonline.com/funds/45264/,N/A,N/A,N/A,N/A,N/A,,Insufficient Data
360 ONE Gold ETF,commodity,Commodities: Gold,INF579M01BB5,153357,Regular,42.34,,,Domestic Prices of Gold,47.23,,,,,,,,,,,,1,https://www.valueresearchonline.com/funds/44993/,N/A,N/A,N/A,N/A,N/A,,Insufficient Data
ABSL Gold ETF,commodity,Commodities: Gold,INF209K01YU5,120546,Regular,43.4,32.93,23.4,Domestic Prices of Gold,47.23,34.53,24.8,-0.51,0.98,1.28,19.58,30.77,,,,,1,https://www.valueresearchonline.com/funds/12631/,4,10,5,5,N/A,24,Low Risk
ABSL Gold Reg,commodity,Commodities: Gold,INF209K01YT7,120545,Regular,42.35,32.37,22.59,Domestic Prices of Gold,47.23,34.53,24.8,-0.75,0.97,1.26,19.52,30.36,,,,,1,https://www.valueresearchonline.com/funds/14217/,4,10,5,5,N/A,24,Low Risk
Angel One Gold ETF FoF Reg,commodity,Commodities: Gold,INF1J2R01106,153828,Regular,,,,Domestic Prices of Gold,,,,,,,,,,,,,1,https://www.valueresearchonline.com/funds/45469/,N/A,N/A,N/A,N/A,N/A,,Insufficient Data
Angel One Gold ETF Reg,commodity,Commodities: Gold,INF1J2R01114,153826,Regular,,,,Domestic Prices of Gold,,,,,,,,,,,,,1,https://www.valueresearchonline.com/funds/45466/,N/A,N/A,N/A,N/A,N/A,,Insufficient Data
Axis Gold and Silver Passive FoF Reg,commodity,Commodities: Gold,INF846KA1390,154077,Regular,,,,Commodities: Gold & Silver,,,,,,,,,,,,,2,https://www.valueresearchonline.com/funds/45709/,N/A,N/A,N/A,N/A,N/A,,Insufficient Data
Axis Gold ETF,commodity,Commodities: Gold,INF846K01W80,113434,Regular,43.04,32.92,23.4,Domestic Prices of Gold,47.23,34.53,24.8,-0.44,0.97,1.27,19.64,30.76,,,,,1,https://www.valueresearchonline.com/funds/11669/,4,10,5,5,N/A,24,Low Risk
Axis Gold Reg,commodity,Commodities: Gold,INF846KA1390,154077,Regular,41.47,32,22.63,Domestic Prices of Gold,47.23,34.53,24.8,1.88,0.84,1.37,17.43,29.73,,,,,1,https://www.valueresearchonline.com/funds/13393/,8,10,5,2,N/A,25,Low Risk
Bandhan Gold ETF,commodity,Commodities: Gold,INF194KB1KJ7,153930,Regular,,,,Domestic Prices of Gold,,,,,,,,,,,,,1,https://www.valueresearchonline.com/funds/45672/,N/A,N/A,N/A,N/A,N/A,,Insufficient Data
Bandhan Gold ETF FoF Reg,commodity,Commodities: Gold,INF194KB1KM1,153877,Regular,,,,Domestic Prices of Gold,,,,,,,,,,,,,1,https://www.valueresearchonline.com/funds/45731/,N/A,N/A,N/A,N/A,N/A,,Insufficient Data
Baroda BNP Paribas Gold ETF,commodity,Commodities: Gold,INF251K01SU9,152231,Regular,42.75,,,Domestic Prices of Gold,47.23,,,,,,,,,,,,1,https://www.valueresearchonline.com/funds/43930/,N/A,N/A,N/A,N/A,N/A,,Insufficient Data
Baroda BNP Paribas Gold ETF FoF Reg,commodity,Commodities: Gold,INF251K01VE7,153794,Regular,,,,Domestic Prices of Gold,,,,,,,,,,,,,1,https://www.valueresearchonline.com/funds/45421/,N/A,N/A,N/A,N/A,N/A,,Insufficient Data
Choice Gold ETF,commodity,Commodities: Gold,INF2KCX01012,153933,Regular,,,,Domestic Prices of Gold,,,,,,,,,,,,,1,https://www.valueresearchonline.com/funds/45571/,N/A,N/A,N/A,N/A,N/A,,Insufficient Data
DSP Gold ETF,commodity,Commodities: Gold,INF740KA1SW3,151737,Regular,43.22,32.88,,Domestic Prices of Gold,47.23,34.53,,-0.47,0.97,1.28,19.5,30.71,,,,,1,https://www.valueresearchonline.com/funds/43492/,4,10,5,5,N/A,24,Low Risk
DSP Gold ETF FoF Reg,commodity,Commodities: Gold,INF740KA1TJ8,152182,Regular,41.73,,,Domestic Prices of Gold,47.23,,,,,,,,,,,,1,https://www.valueresearchonline.com/funds/43854/,N/A,N/A,N/A,N/A,N/A,,Insufficient Data
Edelweiss Gold and Silver ETF FoF Reg,commodity,Commodities: Gold,INF754K01OT3,150217,Regular,73.06,39.42,,Commodities: Gold & Silver,65.38,37.6,,,,,,,,,,,2,https://www.valueresearchonline.com/funds/42498/,N/A,N/A,N/A,N/A,N/A,,Insufficient Data
Edelweiss Gold ETF,commodity,Commodities: Gold,INF754K01SE6,152193,Regular,42.85,,,Domestic Prices of Gold,47.23,,,,,,,,,,,,1,https://www.valueresearchonline.com/funds/43879/,N/A,N/A,N/A,N/A,N/A,,Insufficient Data
Edelweiss Gold ETF FoF Reg,commodity,Commodities: Gold,INF754K01WQ2,154207,Regular,,,,Domestic Prices of Gold,,,,,,,,,,,,,1,https://www.valueresearchonline.com/funds/45829/,N/A,N/A,N/A,N/A,N/A,,Insufficient Data
Groww Gold ETF,commodity,Commodities: Gold,INF666M01OE7,152957,Regular,42.64,,,Domestic Prices of Gold,47.23,,,,,,,,,,,,1,https://www.valueresearchonline.com/funds/44631/,N/A,N/A,N/A,N/A,N/A,,Insufficient Data
Groww Gold ETF FOF Reg,commodity,Commodities: Gold,INF666M01IW1,152958,Regular,40.44,,,Domestic Prices of Gold,47.23,,,,,,,,,,,,1,https://www.valueresearchonline.com/funds/44660/,N/A,N/A,N/A,N/A,N/A,,Insufficient Data
HDFC Gold ETF,commodity,Commodities: Gold,INF179KC1981,113049,Regular,43.14,32.61,23.33,Domestic Prices of Gold,47.23,34.53,24.8,-0.75,0.98,1.26,19.61,30.52,,,,,1,https://www.valueresearchonline.com/funds/11314/,4,10,5,5,N/A,24,Low Risk
HDFC Gold ETF Fund of Fund Reg,commodity,Commodities: Gold,INF179K01LC5,115934,Regular,41.8,32.26,22.6,Domestic Prices of Gold,47.23,34.53,24.8,0.67,0.9,1.32,18.32,30.06,,,,,1,https://www.valueresearchonline.com/funds/13410/,6,10,5,4,N/A,25,Low Risk
HSBC Gold ETF,commodity,Commodities: Gold,INF336L01RX2,154294,Regular,,,,Domestic Prices of Gold,,,,,,,,,,,,,1,https://www.valueresearchonline.com/funds/45919/,N/A,N/A,N/A,N/A,N/A,,Insufficient Data
HSBC Gold ETF FoF Reg,commodity,Commodities: Gold,INF336L01SA8,154293,Regular,,,,Domestic Prices of Gold,,,,,,,,,,,,,1,https://www.valueresearchonline.com/funds/45927/,N/A,N/A,N/A,N/A,N/A,,Insufficient Data
ICICI Pru Gold ETF FoF,commodity,Commodities: Gold,INF109K01U92,120685,Regular,42.12,32.43,22.75,Domestic Prices of Gold,47.23,34.53,24.8,-0.38,0.95,1.28,19.19,30.34,,,,,1,https://www.valueresearchonline.com/funds/13289/,4,10,5,4,N/A,23,Moderate Risk
ICICI Pru Gold ETF,commodity,Commodities: Gold,INF109KA1301,120537,Regular,43.35,33.04,23.45,Domestic Prices of Gold,47.23,34.53,24.8,-0.24,0.97,1.28,19.53,30.84,,,,,1,https://www.valueresearchonline.com/funds/11347/,4,10,5,5,N/A,24,Low Risk
Invesco India Gold ETF,commodity,Commodities: Gold,INF205K01FA4,120529,Regular,42.85,33,23.46,Domestic Prices of Gold,47.23,34.53,24.8,-1.69,1.03,1.21,20.79,31.01,,,,,0,https://www.valueresearchonline.com/funds/10862/,4,10,4,5,N/A,23,Moderate Risk
Invesco India Gold ETF FoF Reg,commodity,Commodities: Gold,INF205K01NK7,135545,Regular,41.04,31.74,22.38,Domestic Prices of Gold,47.23,34.53,24.8,0.47,0.9,1.32,18.1,29.66,,,,,1,https://www.valueresearchonline.com/funds/13545/,6,10,5,4,N/A,25,Low Risk
Kotak Gold ETF,commodity,Commodities: Gold,INF174KA1HJ8,106193,Regular,43.19,32.92,23.36,Domestic Prices of Gold,47.23,34.53,24.8,-0.34,0.97,1.28,19.53,30.75,,,,,1,https://www.valueresearchonline.com/funds/5341/,4,10,5,5,N/A,24,Low Risk
Kotak Gold Reg,commodity,Commodities: Gold,INF174K01AR7,114756,Regular,41.94,32.39,22.46,Domestic Prices of Gold,47.23,34.53,24.8,2.19,0.84,1.39,17.39,30.02,,,,,1,https://www.valueresearchonline.com/funds/12458/,8,10,5,2,N/A,25,Low Risk
Kotak Gold Silver Passive FoF Reg,commodity,Commodities: Gold,INF174KA1XS6,152779,Regular,,,,Commodities: Gold & Silver,,,,,,,,,,,,,2,https://www.valueresearchonline.com/funds/45550/,N/A,N/A,N/A,N/A,N/A,,Insufficient Data
LIC MF Gold ETF,commodity,Commodities: Gold,INF767K01RE0,153316,Regular,43.78,33.25,23.78,Domestic Prices of Gold,47.23,34.53,24.8,1.35,0.91,1.34,18.71,30.9,,,,,1,https://www.valueresearchonline.com/funds/13461/,6,10,5,4,N/A,25,Low Risk
LIC MF Gold ETF FoF Reg,commodity,Commodities: Gold,INF397L01992,151974,Regular,41.48,32.01,22.6,Domestic Prices of Gold,47.23,34.53,24.8,0.05,0.93,1.28,18.99,30.02,,,,,1,https://www.valueresearchonline.com/funds/15154/,6,10,5,4,N/A,25,Low Risk
Mirae Asset Gold ETF,commodity,Commodities: Gold,INF769K01JP9,151416,Regular,43.13,32.96,,Domestic Prices of Gold,47.23,34.53,,-0.16,0.96,1.29,19.4,30.75,,,,,1,https://www.valueresearchonline.com/funds/43168/,4,10,5,5,N/A,24,Low Risk
Mirae Asset Gold ETF FoF Reg,commodity,Commodities: Gold,INF769K01MS7,153005,Regular,41.4,,,Domestic Prices of Gold,47.23,,,,,,,,,,,,1,https://www.valueresearchonline.com/funds/44664/,N/A,N/A,N/A,N/A,N/A,,Insufficient Data
Mirae Asset Gold Silver Passive FoF Reg,commodity,Commodities: Gold,INF769K01PL5,153810,Regular,,,,Commodities: Gold & Silver,,,,,,,,,,,,,2,https://www.valueresearchonline.com/funds/45449/,N/A,N/A,N/A,N/A,N/A,,Insufficient Data
Motilal Oswal Gold and Silver Passive FoF Reg,commodity,Commodities: Gold,INF247L01BN6,150643,Regular,57.7,35.78,,Commodities: Gold & Silver,65.38,37.6,,,,,,,,,,,2,https://www.valueresearchonline.com/funds/42570/,N/A,N/A,N/A,N/A,N/A,,Insufficient Data
Motilal Oswal Gold ETF,commodity,Commodities: Gold,INF247L01FY4,153780,Regular,,,,Domestic Prices of Gold,,,,,,,,,,,,,1,https://www.valueresearchonline.com/funds/45416/,N/A,N/A,N/A,N/A,N/A,,Insufficient Data
Nippon India ETF Gold BeES,commodity,Commodities: Gold,INF204KB17I5,140088,Regular,42.91,32.71,23.02,Domestic Prices of Gold,47.23,34.53,24.8,-0.54,0.97,1.27,19.57,30.59,,,,,1,https://www.valueresearchonline.com/funds/4957/,4,10,5,5,N/A,24,Low Risk
Nippon India Gold Savings Reg,commodity,Commodities: Gold,INF204K01YC4,118661,Regular,41.9,32.24,22.59,Domestic Prices of Gold,47.23,34.53,24.8,-1,0.97,1.25,19.57,30.24,,,,,1,https://www.valueresearchonline.com/funds/12184/,4,10,5,5,N/A,24,Low Risk
Quantum Gold,commodity,Commodities: Gold,INF082J01358,118134,Regular,43.97,32.94,23.34,Domestic Prices of Gold,47.23,34.53,24.8,-0.99,1,1.24,20.15,30.87,,,,,1,https://www.valueresearchonline.com/funds/6695/,4,10,4,6,N/A,24,Low Risk
Quantum Gold Savings Reg,commodity,Commodities: Gold,INF082J01358,118134,Regular,42.35,32.54,22.85,Domestic Prices of Gold,47.23,34.53,24.8,1.43,0.88,1.36,17.93,30.22,,,,,1,https://www.valueresearchonline.com/funds/33964/,6,10,5,3,N/A,24,Low Risk
SBI Gold ETF,commodity,Commodities: Gold,INF200KA16D8,111954,Regular,43.04,32.72,23.26,Domestic Prices of Gold,47.23,34.53,24.8,-0.62,0.97,1.26,19.66,30.61,,,,,1,https://www.valueresearchonline.com/funds/10382/,4,10,5,5,N/A,24,Low Risk
SBI Gold Reg,commodity,Commodities: Gold,INF200K01RM5,119788,Regular,42.22,32.56,22.91,Domestic Prices of Gold,47.23,34.53,24.8,0.73,0.91,1.33,18.4,30.28,,,,,1,https://www.valueresearchonline.com/funds/13190/,6,10,5,4,N/A,25,Low Risk
Tata Gold ETF,commodity,Commodities: Gold,INF277K01PR6,112277,Regular,42.98,,,Domestic Prices of Gold,47.23,,,,,,,,,,,,1,https://www.valueresearchonline.com/funds/44015/,N/A,N/A,N/A,N/A,N/A,,Insufficient Data
Tata Gold ETF FoF Reg,commodity,Commodities: Gold,INF277KA1893,152288,Regular,40.58,,,Domestic Prices of Gold,47.23,,,,,,,,,,,,1,https://www.valueresearchonline.com/funds/44016/,N/A,N/A,N/A,N/A,N/A,,Insufficient Data
The Wealth Company Gold ETF,commodity,Commodities: Gold,INF2F0001370,154092,Regular,,,,Domestic Prices of Gold,,,,,,,,,,,,,1,https://www.valueresearchonline.com/funds/45711/,N/A,N/A,N/A,N/A,N/A,,Insufficient Data
The Wealth Company Gold ETF FoF Reg,commodity,Commodities: Gold,INF2F0001404,154091,Regular,,,,Domestic Prices of Gold,,,,,,,,,,,,,1,https://www.valueresearchonline.com/funds/45757/,N/A,N/A,N/A,N/A,N/A,,Insufficient Data
Union Gold ETF,commodity,Commodities: Gold,INF582M01KS4,153337,Regular,42.74,,,Domestic Prices of Gold,47.23,,,,,,,,,,,,1,https://www.valueresearchonline.com/funds/44978/,N/A,N/A,N/A,N/A,N/A,,Insufficient Data
Union Gold ETF FoF Reg,commodity,Commodities: Gold,INF582M01KZ6,153339,Regular,40.85,,,Domestic Prices of Gold,47.23,,,,,,,,,,,,1,https://www.valueresearchonline.com/funds/44979/,N/A,N/A,N/A,N/A,N/A,,Insufficient Data
UTI Gold ETF FoF Reg,commodity,Commodities: Gold,INF789F1AWA1,150714,Regular,42.46,32.67,,Domestic Prices of Gold,47.23,34.53,,3.22,0.81,1.42,17.11,30.15,,,,,1,https://www.valueresearchonline.com/funds/42639/,10,10,5,2,N/A,27,Low Risk
UTI Gold ETF,commodity,Commodities: Gold,INF843K01377,152986,Regular,43.29,33.33,23.51,Domestic Prices of Gold,47.23,34.53,24.8,-0.55,0.99,1.27,19.98,31.15,,,,,1,https://www.valueresearchonline.com/funds/4954/,4,10,5,6,N/A,25,Low Risk
Zerodha Gold ETF,commodity,Commodities: Gold,INF0R8F01042,152476,Regular,43.18,,,Domestic Prices of Gold,47.23,,,,,,,,,,,,1,https://www.valueresearchonline.com/funds/44177/,N/A,N/A,N/A,N/A,N/A,,Insufficient Data